Date,Abs Pres (psi) c:1 2,Temp (°F) c:2,Coupler Detached,Coupler Attached,Host Connected,Stopped,End Of File
4/25/2016 17:00,14.7918,78.274,Logged,,,,
4/25/2016 17:15,14.7914,78.098,,,,,
4/25/2016 17:30,14.7914,78.098,,,,,
4/25/2016 17:45,14.7892,78.098,,,,,
4/25/2016 18:00,14.793,77.923,,,,,
4/25/2016 18:15,14.7904,77.749,,,,,
4/25/2016 18:30,14.7947,77.749,,,,,
4/25/2016 18:45,14.7921,77.574,,,,,
4/25/2016 19:00,14.7943,77.574,,,,,
4/25/2016 19:15,14.7917,77.4,,,,,
4/25/2016 19:30,14.7938,77.4,,,,,
4/25/2016 19:45,14.7917,77.4,,,,,
4/25/2016 20:00,14.7978,77.225,,,,,
4/25/2016 20:15,14.7956,77.225,,,,,
4/25/2016 20:30,14.7978,77.225,,,,,
4/25/2016 20:45,14.7978,77.225,,,,,
4/25/2016 21:00,14.7978,77.225,,,,,
4/25/2016 21:15,14.7934,77.225,,,,,
4/25/2016 21:30,14.7978,77.225,,,,,
4/25/2016 21:45,14.7934,77.225,,,,,
4/25/2016 22:00,14.7956,77.225,,,,,
4/25/2016 22:15,14.7956,77.225,,,,,
4/25/2016 22:30,14.7978,77.225,,,,,
4/25/2016 22:45,14.7978,77.225,,,,,
4/25/2016 23:00,14.7956,77.225,,,,,
4/25/2016 23:15,14.7938,77.4,,,,,
4/25/2016 23:30,14.7938,77.4,,,,,
4/25/2016 23:45,14.7938,77.4,,,,,
4/26/2016 0:00,14.7982,77.4,,,,,
4/26/2016 0:15,14.796,77.4,,,,,
4/26/2016 0:30,14.7965,77.574,,,,,
4/26/2016 0:45,14.7921,77.574,,,,,
4/26/2016 1:00,14.7899,77.574,,,,,
4/26/2016 1:15,14.7878,77.574,,,,,
4/26/2016 1:30,14.7856,77.574,,,,,
4/26/2016 1:45,14.7856,77.574,,,,,
4/26/2016 2:00,14.7812,77.574,,,,,
4/26/2016 2:15,14.7812,77.574,,,,,
4/26/2016 2:30,14.7791,77.574,,,,,
4/26/2016 2:45,14.7791,77.574,,,,,
4/26/2016 3:00,14.7775,77.749,,,,,
4/26/2016 3:15,14.7753,77.749,,,,,
4/26/2016 3:30,14.7775,77.749,,,,,
4/26/2016 3:45,14.7796,77.749,,,,,
4/26/2016 4:00,14.7775,77.749,,,,,
4/26/2016 4:15,14.7796,77.749,,,,,
4/26/2016 4:30,14.7882,77.749,,,,,
4/26/2016 4:45,14.7991,77.749,,,,,
4/26/2016 5:00,14.7969,77.749,,,,,
4/26/2016 5:15,14.7969,77.749,,,,,
4/26/2016 5:30,14.7969,77.749,,,,,
4/26/2016 5:45,14.8099,77.749,,,,,
4/26/2016 6:00,14.8121,77.749,,,,,
4/26/2016 6:15,14.8208,77.749,,,,,
4/26/2016 6:30,14.8187,77.749,,,,,
4/26/2016 6:45,14.823,77.749,,,,,
4/26/2016 7:00,14.8187,77.749,,,,,
4/26/2016 7:15,14.8165,77.749,,,,,
4/26/2016 7:30,14.8121,77.749,,,,,
4/26/2016 7:45,14.8165,77.749,,,,,
4/26/2016 8:00,14.8187,77.749,,,,,
4/26/2016 8:15,14.8208,77.749,,,,,
4/26/2016 8:30,14.8274,77.749,,,,,
4/26/2016 8:45,14.8252,77.749,,,,,
4/26/2016 9:00,14.8316,77.749,,,,,
4/26/2016 9:15,14.8424,77.749,,,,,
4/26/2016 9:30,14.8485,77.574,,,,,
4/26/2016 9:45,14.8464,77.574,,,,,
4/26/2016 10:00,14.8675,77.4,,,,,
4/26/2016 10:15,14.8654,77.4,,,,,
4/26/2016 10:30,14.8584,77.225,,,,,
4/26/2016 10:45,14.8519,77.225,,,,,
4/26/2016 11:00,14.8433,77.225,,,,,
4/26/2016 11:15,14.8406,77.05,,,,,
4/26/2016 11:30,14.8342,77.05,,,,,
4/26/2016 11:45,14.8255,77.05,,,,,
4/26/2016 12:00,14.8276,77.05,,,,,
4/26/2016 12:15,14.8298,77.05,,,,,
4/26/2016 12:30,14.8272,76.876,,,,,
4/26/2016 12:45,14.825,76.876,,,,,
4/26/2016 13:00,14.8229,76.876,,,,,
4/26/2016 13:15,14.8207,76.876,,,,,
4/26/2016 13:30,14.8142,76.876,,,,,
4/26/2016 13:45,14.812,76.876,,,,,
4/26/2016 14:00,14.812,76.876,,,,,
4/26/2016 14:15,14.8076,76.876,,,,,
4/26/2016 14:30,14.8076,76.876,,,,,
4/26/2016 14:45,14.8028,76.703,,,,,
4/26/2016 15:00,14.8007,76.703,,,,,
4/26/2016 15:15,14.7985,76.703,,,,,
4/26/2016 15:30,14.7985,76.703,,,,,
4/26/2016 15:45,14.7985,76.703,,,,,
4/26/2016 16:00,14.8007,76.703,,,,,
4/26/2016 16:15,14.8007,76.703,,,,,
4/26/2016 16:30,14.7963,76.703,,,,,
4/26/2016 16:45,14.7946,76.876,,,,,
4/26/2016 17:00,14.7989,76.876,,,,,
4/26/2016 17:15,14.7968,76.876,,,,,
4/26/2016 17:30,14.7946,76.876,,,,,
4/26/2016 17:45,14.7968,76.876,,,,,
4/26/2016 18:00,14.7989,76.876,,,,,
4/26/2016 18:15,14.8033,76.876,,,,,
4/26/2016 18:30,14.8033,76.876,,,,,
4/26/2016 18:45,14.8033,76.876,,,,,
4/26/2016 19:00,14.8055,76.876,,,,,
4/26/2016 19:15,14.8081,77.05,,,,,
4/26/2016 19:30,14.8102,77.05,,,,,
4/26/2016 19:45,14.8146,77.05,,,,,
4/26/2016 20:00,14.8146,77.05,,,,,
4/26/2016 20:15,14.8168,77.05,,,,,
4/26/2016 20:30,14.8168,77.05,,,,,
4/26/2016 20:45,14.8189,77.05,,,,,
4/26/2016 21:00,14.8211,77.05,,,,,
4/26/2016 21:15,14.8255,77.05,,,,,
4/26/2016 21:30,14.8276,77.05,,,,,
4/26/2016 21:45,14.832,77.05,,,,,
4/26/2016 22:00,14.8298,77.05,,,,,
4/26/2016 22:15,14.832,77.05,,,,,
4/26/2016 22:30,14.8298,77.05,,,,,
4/26/2016 22:45,14.8342,77.05,,,,,
4/26/2016 23:00,14.832,77.05,,,,,
4/26/2016 23:15,14.832,77.05,,,,,
4/26/2016 23:30,14.8298,77.05,,,,,
4/26/2016 23:45,14.832,77.05,,,,,
4/27/2016 0:00,14.8303,77.225,,,,,
4/27/2016 0:15,14.8281,77.225,,,,,
4/27/2016 0:30,14.8237,77.225,,,,,
4/27/2016 0:45,14.8233,77.05,,,,,
4/27/2016 1:00,14.8233,77.05,,,,,
4/27/2016 1:15,14.8189,77.05,,,,,
4/27/2016 1:30,14.8189,77.05,,,,,
4/27/2016 1:45,14.8142,76.876,,,,,
4/27/2016 2:00,14.8163,76.876,,,,,
4/27/2016 2:15,14.8142,76.876,,,,,
4/27/2016 2:30,14.8142,76.876,,,,,
4/27/2016 2:45,14.8098,76.876,,,,,
4/27/2016 3:00,14.8098,76.876,,,,,
4/27/2016 3:15,14.8072,76.703,,,,,
4/27/2016 3:30,14.8028,76.703,,,,,
4/27/2016 3:45,14.8028,76.703,,,,,
4/27/2016 4:00,14.8028,76.703,,,,,
4/27/2016 4:15,14.8028,76.703,,,,,
4/27/2016 4:30,14.805,76.703,,,,,
4/27/2016 4:45,14.8072,76.703,,,,,
4/27/2016 5:00,14.8028,76.703,,,,,
4/27/2016 5:15,14.805,76.703,,,,,
4/27/2016 5:30,14.805,76.703,,,,,
4/27/2016 5:45,14.8098,76.876,,,,,
4/27/2016 6:00,14.812,76.876,,,,,
4/27/2016 6:15,14.8163,76.876,,,,,
4/27/2016 6:30,14.8185,76.876,,,,,
4/27/2016 6:45,14.8185,76.876,,,,,
4/27/2016 7:00,14.8185,76.876,,,,,
4/27/2016 7:15,14.8233,77.05,,,,,
4/27/2016 7:30,14.8255,77.05,,,,,
4/27/2016 7:45,14.8276,77.05,,,,,
4/27/2016 8:00,14.8298,77.05,,,,,
4/27/2016 8:15,14.8281,77.225,,,,,
4/27/2016 8:30,14.8303,77.225,,,,,
4/27/2016 8:45,14.8303,77.225,,,,,
4/27/2016 9:00,14.8303,77.225,,,,,
4/27/2016 9:15,14.835,77.4,,,,,
4/27/2016 9:30,14.835,77.4,,,,,
4/27/2016 9:45,14.8355,77.574,,,,,
4/27/2016 10:00,14.8377,77.574,,,,,
4/27/2016 10:15,14.8398,77.574,,,,,
4/27/2016 10:30,14.8359,77.749,,,,,
4/27/2016 10:45,14.8337,77.749,,,,,
4/27/2016 11:00,14.8337,77.749,,,,,
4/27/2016 11:15,14.8294,77.749,,,,,
4/27/2016 11:30,14.8256,77.923,,,,,
4/27/2016 11:45,14.8256,77.923,,,,,
4/27/2016 12:00,14.8217,78.098,,,,,
4/27/2016 12:15,14.8217,78.098,,,,,
4/27/2016 12:30,14.8205,78.449,,,,,
4/27/2016 12:45,14.8178,78.274,,,,,
4/27/2016 13:00,14.8205,78.449,,,,,
4/27/2016 13:15,14.8178,78.274,,,,,
4/27/2016 13:30,14.82,78.274,,,,,
4/27/2016 13:45,14.8178,78.274,,,,,
4/27/2016 14:00,14.82,78.274,,,,,
4/27/2016 14:15,14.814,78.449,,,,,
4/27/2016 14:30,14.8162,78.449,,,,,
4/27/2016 14:45,14.8118,78.449,,,,,
4/27/2016 15:00,14.8118,78.449,,,,,
4/27/2016 15:15,14.807,78.274,,,,,
4/27/2016 15:30,14.8086,78.098,,,,,
4/27/2016 15:45,14.8086,78.098,,,,,
4/27/2016 16:00,14.8086,78.098,,,,,
4/27/2016 16:15,14.8126,77.923,,,,,
4/27/2016 16:30,14.8104,77.923,,,,,
4/27/2016 16:45,14.8147,77.923,,,,,
4/27/2016 17:00,14.8147,77.923,,,,,
4/27/2016 17:15,14.8165,77.749,,,,,
4/27/2016 17:30,14.8187,77.749,,,,,
4/27/2016 17:45,14.823,77.749,,,,,
4/27/2016 18:00,14.8224,77.574,,,,,
4/27/2016 18:15,14.8268,77.574,,,,,
4/27/2016 18:30,14.8311,77.574,,,,,
4/27/2016 18:45,14.8333,77.574,,,,,
4/27/2016 19:00,14.8329,77.4,,,,,
4/27/2016 19:15,14.8394,77.4,,,,,
4/27/2016 19:30,14.8459,77.4,,,,,
4/27/2016 19:45,14.8455,77.225,,,,,
4/27/2016 20:00,14.8475,77.225,,,,,
4/27/2016 20:15,14.8475,77.225,,,,,
4/27/2016 20:30,14.8497,77.225,,,,,
4/27/2016 20:45,14.8519,77.225,,,,,
4/27/2016 21:00,14.8493,77.05,,,,,
4/27/2016 21:15,14.8514,77.05,,,,,
4/27/2016 21:30,14.8493,77.05,,,,,
4/27/2016 21:45,14.8536,77.05,,,,,
4/27/2016 22:00,14.8514,77.05,,,,,
4/27/2016 22:15,14.8488,76.876,,,,,
4/27/2016 22:30,14.8488,76.876,,,,,
4/27/2016 22:45,14.8488,76.876,,,,,
4/27/2016 23:00,14.8466,76.876,,,,,
4/27/2016 23:15,14.8466,76.876,,,,,
4/27/2016 23:30,14.8419,76.703,,,,,
4/27/2016 23:45,14.8419,76.703,,,,,
4/28/2016 0:00,14.8397,76.703,,,,,
4/28/2016 0:15,14.8419,76.703,,,,,
4/28/2016 0:30,14.8397,76.703,,,,,
4/28/2016 0:45,14.8397,76.703,,,,,
4/28/2016 1:00,14.8375,76.703,,,,,
4/28/2016 1:15,14.8375,76.703,,,,,
4/28/2016 1:30,14.8305,76.528,,,,,
4/28/2016 1:45,14.8327,76.528,,,,,
4/28/2016 2:00,14.8305,76.528,,,,,
4/28/2016 2:15,14.8327,76.528,,,,,
4/28/2016 2:30,14.8262,76.528,,,,,
4/28/2016 2:45,14.8258,76.354,,,,,
4/28/2016 3:00,14.8236,76.354,,,,,
4/28/2016 3:15,14.8236,76.354,,,,,
4/28/2016 3:30,14.8236,76.354,,,,,
4/28/2016 3:45,14.8214,76.354,,,,,
4/28/2016 4:00,14.8231,76.181,,,,,
4/28/2016 4:15,14.8253,76.181,,,,,
4/28/2016 4:30,14.821,76.181,,,,,
4/28/2016 4:45,14.821,76.181,,,,,
4/28/2016 5:00,14.821,76.181,,,,,
4/28/2016 5:15,14.8188,76.181,,,,,
4/28/2016 5:30,14.821,76.181,,,,,
4/28/2016 5:45,14.8205,76.006,,,,,
4/28/2016 6:00,14.8205,76.006,,,,,
4/28/2016 6:15,14.8249,76.006,,,,,
4/28/2016 6:30,14.8271,76.006,,,,,
4/28/2016 6:45,14.8292,76.006,,,,,
4/28/2016 7:00,14.8292,76.006,,,,,
4/28/2016 7:15,14.8334,76.006,,,,,
4/28/2016 7:30,14.8356,76.006,,,,,
4/28/2016 7:45,14.84,76.006,,,,,
4/28/2016 8:00,14.8426,76.181,,,,,
4/28/2016 8:15,14.8406,76.181,,,,,
4/28/2016 8:30,14.8388,76.354,,,,,
4/28/2016 8:45,14.841,76.354,,,,,
4/28/2016 9:00,14.8432,76.354,,,,,
4/28/2016 9:15,14.8432,76.354,,,,,
4/28/2016 9:30,14.8479,76.528,,,,,
4/28/2016 9:45,14.8436,76.528,,,,,
4/28/2016 10:00,14.8436,76.528,,,,,
4/28/2016 10:15,14.8462,76.703,,,,,
4/28/2016 10:30,14.8419,76.703,,,,,
4/28/2016 10:45,14.844,76.703,,,,,
4/28/2016 11:00,14.8423,76.876,,,,,
4/28/2016 11:15,14.8406,77.05,,,,,
4/28/2016 11:30,14.8384,77.05,,,,,
4/28/2016 11:45,14.8384,77.05,,,,,
4/28/2016 12:00,14.8384,77.05,,,,,
4/28/2016 12:15,14.8427,77.05,,,,,
4/28/2016 12:30,14.8493,77.05,,,,,
4/28/2016 12:45,14.871,77.05,,,,,
4/28/2016 13:00,14.8645,77.05,,,,,
4/28/2016 13:15,14.8519,77.225,,,,,
4/28/2016 13:30,14.8455,77.225,,,,,
4/28/2016 13:45,14.835,77.4,,,,,
4/28/2016 14:00,14.8285,77.4,,,,,
4/28/2016 14:15,14.8224,77.574,,,,,
4/28/2016 14:30,14.8181,77.574,,,,,
4/28/2016 14:45,14.8155,77.4,,,,,
4/28/2016 15:00,14.8095,77.574,,,,,
4/28/2016 15:15,14.8099,77.749,,,,,
4/28/2016 15:30,14.8034,77.749,,,,,
4/28/2016 15:45,14.8008,77.574,,,,,
4/28/2016 16:00,14.8026,77.4,,,,,
4/28/2016 16:15,14.7998,77.225,,,,,
4/28/2016 16:30,14.7998,77.225,,,,,
4/28/2016 16:45,14.802,77.225,,,,,
4/28/2016 17:00,14.8041,77.225,,,,,
4/28/2016 17:15,14.8041,77.225,,,,,
4/28/2016 17:30,14.8063,77.225,,,,,
4/28/2016 17:45,14.8102,77.05,,,,,
4/28/2016 18:00,14.8124,77.05,,,,,
4/28/2016 18:15,14.8146,77.05,,,,,
4/28/2016 18:30,14.8146,77.05,,,,,
4/28/2016 18:45,14.8168,77.05,,,,,
4/28/2016 19:00,14.8211,77.05,,,,,
4/28/2016 19:15,14.8229,76.876,,,,,
4/28/2016 19:30,14.8292,76.876,,,,,
4/28/2016 19:45,14.8292,76.876,,,,,
4/28/2016 20:00,14.8336,76.876,,,,,
4/28/2016 20:15,14.8336,76.876,,,,,
4/28/2016 20:30,14.8375,76.703,,,,,
4/28/2016 20:45,14.8375,76.703,,,,,
4/28/2016 21:00,14.8397,76.703,,,,,
4/28/2016 21:15,14.8375,76.703,,,,,
4/28/2016 21:30,14.8397,76.703,,,,,
4/28/2016 21:45,14.8397,76.703,,,,,
4/28/2016 22:00,14.8392,76.528,,,,,
4/28/2016 22:15,14.8392,76.528,,,,,
4/28/2016 22:30,14.8414,76.528,,,,,
4/28/2016 22:45,14.8414,76.528,,,,,
4/28/2016 23:00,14.8392,76.528,,,,,
4/28/2016 23:15,14.8392,76.528,,,,,
4/28/2016 23:30,14.8366,76.354,,,,,
4/28/2016 23:45,14.8345,76.354,,,,,
4/29/2016 0:00,14.8323,76.354,,,,,
4/29/2016 0:15,14.8345,76.354,,,,,
4/29/2016 0:30,14.8323,76.354,,,,,
4/29/2016 0:45,14.8297,76.181,,,,,
4/29/2016 1:00,14.8253,76.181,,,,,
4/29/2016 1:15,14.8231,76.181,,,,,
4/29/2016 1:30,14.821,76.181,,,,,
4/29/2016 1:45,14.8188,76.181,,,,,
4/29/2016 2:00,14.8144,76.181,,,,,
4/29/2016 2:15,14.8118,76.006,,,,,
4/29/2016 2:30,14.8053,76.006,,,,,
4/29/2016 2:45,14.8097,76.006,,,,,
4/29/2016 3:00,14.8075,76.006,,,,,
4/29/2016 3:15,14.8075,76.006,,,,,
4/29/2016 3:30,14.8075,76.006,,,,,
4/29/2016 3:45,14.8031,76.006,,,,,
4/29/2016 4:00,14.8053,76.006,,,,,
4/29/2016 4:15,14.8031,76.006,,,,,
4/29/2016 4:30,14.8031,76.006,,,,,
4/29/2016 4:45,14.801,76.006,,,,,
4/29/2016 5:00,14.801,76.006,,,,,
4/29/2016 5:15,14.8031,76.006,,,,,
4/29/2016 5:30,14.8031,76.006,,,,,
4/29/2016 5:45,14.8053,76.006,,,,,
4/29/2016 6:00,14.8075,76.006,,,,,
4/29/2016 6:15,14.8118,76.006,,,,,
4/29/2016 6:30,14.814,76.006,,,,,
4/29/2016 6:45,14.8162,76.006,,,,,
4/29/2016 7:00,14.8227,76.006,,,,,
4/29/2016 7:15,14.8205,76.006,,,,,
4/29/2016 7:30,14.8227,76.006,,,,,
4/29/2016 7:45,14.8249,76.006,,,,,
4/29/2016 8:00,14.8249,76.006,,,,,
4/29/2016 8:15,14.8249,76.006,,,,,
4/29/2016 8:30,14.8249,76.006,,,,,
4/29/2016 8:45,14.8253,76.181,,,,,
4/29/2016 9:00,14.8253,76.181,,,,,
4/29/2016 9:15,14.8236,76.354,,,,,
4/29/2016 9:30,14.8214,76.354,,,,,
4/29/2016 9:45,14.8218,76.528,,,,,
4/29/2016 10:00,14.8223,76.703,,,,,
4/29/2016 10:15,14.8189,77.05,,,,,
4/29/2016 10:30,14.8172,77.225,,,,,
4/29/2016 10:45,14.8155,77.4,,,,,
4/29/2016 11:00,14.8139,77.574,,,,,
4/29/2016 11:15,14.8133,77.4,,,,,
4/29/2016 11:30,14.8069,77.4,,,,,
4/29/2016 11:45,14.8052,77.574,,,,,
4/29/2016 12:00,14.8012,77.749,,,,,
4/29/2016 12:15,14.7973,77.923,,,,,
4/29/2016 12:30,14.7936,78.098,,,,,
4/29/2016 12:45,14.794,78.274,,,,,
4/29/2016 13:00,14.7918,78.274,,,,,
4/29/2016 13:15,14.787,78.098,,,,,
4/29/2016 13:30,14.7892,78.098,,,,,
4/29/2016 13:45,14.7853,78.274,,,,,
4/29/2016 14:00,14.7849,78.098,,,,,
4/29/2016 14:15,14.7783,78.098,,,,,
4/29/2016 14:30,14.7805,78.098,,,,,
4/29/2016 14:45,14.7783,78.098,,,,,
4/29/2016 15:00,14.7757,77.923,,,,,
4/29/2016 15:15,14.7783,78.098,,,,,
4/29/2016 15:30,14.7779,77.923,,,,,
4/29/2016 15:45,14.7779,77.923,,,,,
4/29/2016 16:00,14.7783,78.098,,,,,
4/29/2016 16:15,14.7783,78.098,,,,,
4/29/2016 16:30,14.7779,77.923,,,,,
4/29/2016 16:45,14.7779,77.923,,,,,
4/29/2016 17:00,14.7844,77.923,,,,,
4/29/2016 17:15,14.7822,77.923,,,,,
4/29/2016 17:30,14.7838,77.749,,,,,
4/29/2016 17:45,14.786,77.749,,,,,
4/29/2016 18:00,14.786,77.749,,,,,
4/29/2016 18:15,14.7878,77.574,,,,,
4/29/2016 18:30,14.7878,77.574,,,,,
4/29/2016 18:45,14.7943,77.574,,,,,
4/29/2016 19:00,14.8246,77.574,,,,,
4/29/2016 19:15,14.9244,77.574,,,,,
4/29/2016 19:30,15.1492,77.225,,,,,
4/29/2016 19:45,15.2052,77.05,,,,,
4/29/2016 20:00,15.2265,76.876,,,,,
4/29/2016 20:15,15.2047,76.876,,,,,
4/29/2016 20:30,15.163,76.703,,,,,
4/29/2016 20:45,15.1891,76.703,,,,,
4/29/2016 21:00,15.1479,76.703,,,,,
4/29/2016 21:15,15.1061,76.528,,,,,
4/29/2016 21:30,15.0957,76.703,,,,,
4/29/2016 21:45,15.0893,76.703,,,,,
4/29/2016 22:00,15.1109,76.703,,,,,
4/29/2016 22:15,15.1414,76.703,,,,,
4/29/2016 22:30,15.1913,76.703,,,,,
4/29/2016 22:45,15.1934,76.703,,,,,
4/29/2016 23:00,15.289,76.703,,,,,
4/29/2016 23:15,15.2472,76.528,,,,,
4/29/2016 23:30,15.2039,76.528,,,,,
4/29/2016 23:45,15.1517,76.528,,,,,
4/30/2016 0:00,15.1327,76.703,,,,,
4/30/2016 0:15,15.1022,76.703,,,,,
4/30/2016 0:30,15.1153,76.703,,,,,
4/30/2016 0:45,15.1174,76.703,,,,,
4/30/2016 1:00,15.0876,76.876,,,,,
4/30/2016 1:15,15.0767,76.876,,,,,
4/30/2016 1:30,15.0549,76.876,,,,,
4/30/2016 1:45,15.0359,77.05,,,,,
4/30/2016 2:00,15.0294,77.05,,,,,
4/30/2016 2:15,15.025,77.05,,,,,
4/30/2016 2:30,15.0082,77.225,,,,,
4/30/2016 2:45,15.0017,77.225,,,,,
4/30/2016 3:00,14.9973,77.225,,,,,
4/30/2016 3:15,14.9908,77.225,,,,,
4/30/2016 3:30,14.9908,77.225,,,,,
4/30/2016 3:45,14.9908,77.225,,,,,
4/30/2016 4:00,14.9865,77.225,,,,,
4/30/2016 4:15,14.9821,77.225,,,,,
4/30/2016 4:30,14.9821,77.225,,,,,
4/30/2016 4:45,14.9756,77.225,,,,,
4/30/2016 5:00,14.9734,77.225,,,,,
4/30/2016 5:15,14.9821,77.225,,,,,
4/30/2016 5:30,14.9712,77.225,,,,,
4/30/2016 5:45,14.9691,77.225,,,,,
4/30/2016 6:00,14.9582,77.225,,,,,
4/30/2016 6:15,14.9625,77.225,,,,,
4/30/2016 6:30,14.956,77.225,,,,,
4/30/2016 6:45,14.9582,77.225,,,,,
4/30/2016 7:00,14.9609,77.4,,,,,
4/30/2016 7:15,14.9544,77.4,,,,,
4/30/2016 7:30,14.9566,77.4,,,,,
4/30/2016 7:45,14.9588,77.4,,,,,
4/30/2016 8:00,14.9544,77.4,,,,,
4/30/2016 8:15,14.9566,77.4,,,,,
4/30/2016 8:30,14.9609,77.4,,,,,
4/30/2016 8:45,14.9505,77.574,,,,,
4/30/2016 9:00,14.9505,77.574,,,,,
4/30/2016 9:15,14.9548,77.574,,,,,
4/30/2016 9:30,14.9592,77.574,,,,,
4/30/2016 9:45,14.9509,77.749,,,,,
4/30/2016 10:00,14.9531,77.749,,,,,
4/30/2016 10:15,14.9487,77.749,,,,,
4/30/2016 10:30,14.9509,77.749,,,,,
4/30/2016 10:45,14.9618,77.749,,,,,
4/30/2016 11:00,14.9596,77.749,,,,,
4/30/2016 11:15,14.9509,77.749,,,,,
4/30/2016 11:30,14.9444,77.749,,,,,
4/30/2016 11:45,14.9657,77.574,,,,,
4/30/2016 12:00,14.9701,77.574,,,,,
4/30/2016 12:15,14.9483,77.574,,,,,
4/30/2016 12:30,14.9418,77.574,,,,,
4/30/2016 12:45,14.9505,77.574,,,,,
4/30/2016 13:00,15.0087,77.4,,,,,
4/30/2016 13:15,15.2448,77.225,,,,,
4/30/2016 13:30,15.346,76.876,,,,,
4/30/2016 13:45,15.309,76.876,,,,,
4/30/2016 14:00,15.257,76.876,,,,,
4/30/2016 14:15,15.1923,77.05,,,,,
4/30/2016 14:30,15.1357,77.05,,,,,
4/30/2016 14:45,15.0971,77.225,,,,,
4/30/2016 15:00,15.0884,77.225,,,,,
4/30/2016 15:15,15.0868,77.4,,,,,
4/30/2016 15:30,15.0738,77.4,,,,,
4/30/2016 15:45,15.039,77.4,,,,,
4/30/2016 16:00,15.0477,77.4,,,,,
4/30/2016 16:15,15.0364,77.225,,,,,
4/30/2016 16:30,15.0407,77.225,,,,,
4/30/2016 16:45,15.0294,77.05,,,,,
4/30/2016 17:00,15.0294,77.05,,,,,
4/30/2016 17:15,15.0142,77.05,,,,,
4/30/2016 17:30,15.0072,76.876,,,,,
4/30/2016 17:45,15.0076,77.05,,,,,
4/30/2016 18:00,15.012,77.05,,,,,
4/30/2016 18:15,15.0072,76.876,,,,,
4/30/2016 18:30,14.9963,76.876,,,,,
4/30/2016 18:45,14.9963,76.876,,,,,
4/30/2016 19:00,15.0028,76.876,,,,,
4/30/2016 19:15,14.9985,76.876,,,,,
4/30/2016 19:30,14.9981,76.703,,,,,
4/30/2016 19:45,15.0002,76.703,,,,,
4/30/2016 20:00,15.0042,76.528,,,,,
4/30/2016 20:15,15.0085,76.528,,,,,
4/30/2016 20:30,15.0015,76.354,,,,,
4/30/2016 20:45,14.9994,76.354,,,,,
4/30/2016 21:00,14.9972,76.354,,,,,
4/30/2016 21:15,14.9928,76.354,,,,,
4/30/2016 21:30,14.9928,76.354,,,,,
4/30/2016 21:45,14.995,76.354,,,,,
4/30/2016 22:00,14.9928,76.354,,,,,
4/30/2016 22:15,14.9907,76.354,,,,,
4/30/2016 22:30,14.9867,76.528,,,,,
4/30/2016 22:45,14.9846,76.528,,,,,
4/30/2016 23:00,14.9828,76.703,,,,,
4/30/2016 23:15,14.9721,76.703,,,,,
4/30/2016 23:30,14.9785,76.703,,,,,
4/30/2016 23:45,14.9769,76.876,,,,,
5/1/2016 0:00,14.9682,76.876,,,,,
5/1/2016 0:15,14.966,76.876,,,,,
5/1/2016 0:30,14.9599,77.05,,,,,
5/1/2016 0:45,14.9599,77.05,,,,,
5/1/2016 1:00,14.9556,77.05,,,,,
5/1/2016 1:15,14.9556,77.05,,,,,
5/1/2016 1:30,14.956,77.225,,,,,
5/1/2016 1:45,14.9582,77.225,,,,,
5/1/2016 2:00,14.9431,77.225,,,,,
5/1/2016 2:15,14.93,77.225,,,,,
5/1/2016 2:30,14.9279,77.225,,,,,
5/1/2016 2:45,14.9344,77.225,,,,,
5/1/2016 3:00,14.9257,77.225,,,,,
5/1/2016 3:15,14.9296,77.05,,,,,
5/1/2016 3:30,14.9253,77.05,,,,,
5/1/2016 3:45,14.9209,77.05,,,,,
5/1/2016 4:00,14.9187,77.05,,,,,
5/1/2016 4:15,14.9144,77.05,,,,,
5/1/2016 4:30,14.9122,77.05,,,,,
5/1/2016 4:45,14.9274,77.05,,,,,
5/1/2016 5:00,14.9405,77.05,,,,,
5/1/2016 5:15,14.9486,76.876,,,,,
5/1/2016 5:30,14.9747,76.876,,,,,
5/1/2016 5:45,14.9638,76.876,,,,,
5/1/2016 6:00,14.953,76.876,,,,,
5/1/2016 6:15,14.9399,76.876,,,,,
5/1/2016 6:30,14.929,76.876,,,,,
5/1/2016 6:45,14.9334,76.876,,,,,
5/1/2016 7:00,14.9377,76.876,,,,,
5/1/2016 7:15,14.9356,76.876,,,,,
5/1/2016 7:30,14.9421,76.876,,,,,
5/1/2016 7:45,14.9425,77.05,,,,,
5/1/2016 8:00,14.9383,77.05,,,,,
5/1/2016 8:15,14.9361,77.05,,,,,
5/1/2016 8:30,14.9409,77.225,,,,,
5/1/2016 8:45,14.9474,77.225,,,,,
5/1/2016 9:00,14.9453,77.225,,,,,
5/1/2016 9:15,14.9414,77.4,,,,,
5/1/2016 9:30,14.9392,77.4,,,,,
5/1/2016 9:45,14.9418,77.574,,,,,
5/1/2016 10:00,14.944,77.574,,,,,
5/1/2016 10:15,14.9418,77.574,,,,,
5/1/2016 10:30,14.9505,77.574,,,,,
5/1/2016 10:45,14.9483,77.574,,,,,
5/1/2016 11:00,14.9483,77.574,,,,,
5/1/2016 11:15,15.0047,77.574,,,,,
5/1/2016 11:30,15.1757,77.4,,,,,
5/1/2016 11:45,15.2622,77.225,,,,,
5/1/2016 12:00,15.1749,77.05,,,,,
5/1/2016 12:15,15.125,77.05,,,,,
5/1/2016 12:30,15.1054,77.05,,,,,
5/1/2016 12:45,15.1966,77.05,,,,,
5/1/2016 13:00,15.6216,76.703,,,,,
5/1/2016 13:15,15.6249,76.354,,,,,
5/1/2016 13:30,15.5923,76.354,,,,,
5/1/2016 13:45,15.514,76.354,,,,,
5/1/2016 14:00,15.3515,76.528,,,,,
5/1/2016 14:15,15.2477,76.703,,,,,
5/1/2016 14:30,15.2156,76.876,,,,,
5/1/2016 14:45,15.1923,77.05,,,,,
5/1/2016 15:00,15.1688,77.225,,,,,
5/1/2016 15:15,15.1428,77.225,,,,,
5/1/2016 15:30,15.1193,77.4,,,,,
5/1/2016 15:45,15.1167,77.225,,,,,
5/1/2016 16:00,15.0906,77.225,,,,,
5/1/2016 16:15,15.1189,77.225,,,,,
5/1/2016 16:30,15.1102,77.225,,,,,
5/1/2016 16:45,15.1041,77.4,,,,,
5/1/2016 17:00,15.1063,77.4,,,,,
5/1/2016 17:15,15.0846,77.4,,,,,
5/1/2016 17:30,15.0825,77.4,,,,,
5/1/2016 17:45,15.0759,77.4,,,,,
5/1/2016 18:00,15.0775,77.225,,,,,
5/1/2016 18:15,15.069,77.225,,,,,
5/1/2016 18:30,15.0733,77.225,,,,,
5/1/2016 18:45,15.069,77.225,,,,,
5/1/2016 19:00,15.0684,77.05,,,,,
5/1/2016 19:15,15.0728,77.05,,,,,
5/1/2016 19:30,15.0641,77.05,,,,,
5/1/2016 19:45,15.0706,77.05,,,,,
5/1/2016 20:00,15.0733,77.225,,,,,
5/1/2016 20:15,15.0668,77.225,,,,,
5/1/2016 20:30,15.0646,77.225,,,,,
5/1/2016 20:45,15.0625,77.225,,,,,
5/1/2016 21:00,15.0668,77.225,,,,,
5/1/2016 21:15,15.0538,77.225,,,,,
5/1/2016 21:30,15.0538,77.225,,,,,
5/1/2016 21:45,15.0559,77.225,,,,,
5/1/2016 22:00,15.0538,77.225,,,,,
5/1/2016 22:15,15.0472,77.225,,,,,
5/1/2016 22:30,15.0407,77.225,,,,,
5/1/2016 22:45,15.0559,77.225,,,,,
5/1/2016 23:00,15.0472,77.225,,,,,
5/1/2016 23:15,15.0472,77.225,,,,,
5/1/2016 23:30,15.0342,77.225,,,,,
5/1/2016 23:45,15.032,77.225,,,,,
5/2/2016 0:00,15.0385,77.225,,,,,
5/2/2016 0:15,15.0259,77.4,,,,,
5/2/2016 0:30,15.0303,77.4,,,,,
5/2/2016 0:45,15.0217,77.4,,,,,
5/2/2016 1:00,15.0152,77.4,,,,,
5/2/2016 1:15,15.0108,77.4,,,,,
5/2/2016 1:30,15.0178,77.574,,,,,
5/2/2016 1:45,15.0004,77.574,,,,,
5/2/2016 2:00,15.0069,77.574,,,,,
5/2/2016 2:15,15.0026,77.574,,,,,
5/2/2016 2:30,15.0026,77.574,,,,,
5/2/2016 2:45,14.996,77.574,,,,,
5/2/2016 3:00,14.9917,77.574,,,,,
5/2/2016 3:15,14.9895,77.574,,,,,
5/2/2016 3:30,14.9917,77.574,,,,,
5/2/2016 3:45,14.9873,77.574,,,,,
5/2/2016 4:00,14.9852,77.574,,,,,
5/2/2016 4:15,14.9852,77.574,,,,,
5/2/2016 4:30,14.983,77.574,,,,,
5/2/2016 4:45,14.9766,77.574,,,,,
5/2/2016 5:00,14.9808,77.574,,,,,
5/2/2016 5:15,14.9766,77.574,,,,,
5/2/2016 5:30,14.9788,77.574,,,,,
5/2/2016 5:45,14.9788,77.574,,,,,
5/2/2016 6:00,14.9852,77.574,,,,,
5/2/2016 6:15,14.9869,77.4,,,,,
5/2/2016 6:30,14.9804,77.4,,,,,
5/2/2016 6:45,14.9782,77.4,,,,,
5/2/2016 7:00,14.9782,77.4,,,,,
5/2/2016 7:15,14.9821,77.225,,,,,
5/2/2016 7:30,14.9821,77.225,,,,,
5/2/2016 7:45,14.9804,77.4,,,,,
5/2/2016 8:00,14.9869,77.4,,,,,
5/2/2016 8:15,14.9912,77.4,,,,,
5/2/2016 8:30,14.9891,77.4,,,,,
5/2/2016 8:45,14.9873,77.574,,,,,
5/2/2016 9:00,14.9873,77.574,,,,,
5/2/2016 9:15,14.9879,77.749,,,,,
5/2/2016 9:30,14.9883,77.923,,,,,
5/2/2016 9:45,14.9949,77.923,,,,,
5/2/2016 10:00,14.9949,77.923,,,,,
5/2/2016 10:15,14.9931,78.098,,,,,
5/2/2016 10:30,14.9931,78.098,,,,,
5/2/2016 10:45,14.9888,78.098,,,,,
5/2/2016 11:00,14.9866,78.098,,,,,
5/2/2016 11:15,14.9844,78.098,,,,,
5/2/2016 11:30,14.9823,78.098,,,,,
5/2/2016 11:45,14.9779,78.098,,,,,
5/2/2016 12:00,14.9736,78.098,,,,,
5/2/2016 12:15,14.9692,78.098,,,,,
5/2/2016 12:30,14.9648,78.098,,,,,
5/2/2016 12:45,14.9585,78.098,,,,,
5/2/2016 13:00,14.9585,78.098,,,,,
5/2/2016 13:15,14.9546,78.274,,,,,
5/2/2016 13:30,14.9502,78.274,,,,,
5/2/2016 13:45,14.9463,78.449,,,,,
5/2/2016 14:00,14.9419,78.449,,,,,
5/2/2016 14:15,14.9398,78.449,,,,,
5/2/2016 14:30,14.9332,78.449,,,,,
5/2/2016 14:45,14.9312,78.449,,,,,
5/2/2016 15:00,14.9241,78.274,,,,,
5/2/2016 15:15,14.9237,78.098,,,,,
5/2/2016 15:30,14.9258,78.098,,,,,
5/2/2016 15:45,14.9237,78.098,,,,,
5/2/2016 16:00,14.9254,77.923,,,,,
5/2/2016 16:15,14.9276,77.923,,,,,
5/2/2016 16:30,14.9254,77.923,,,,,
5/2/2016 16:45,14.9271,77.749,,,,,
5/2/2016 17:00,14.9293,77.749,,,,,
5/2/2016 17:15,14.9287,77.574,,,,,
5/2/2016 17:30,14.9287,77.574,,,,,
5/2/2016 17:45,14.9244,77.574,,,,,
5/2/2016 18:00,14.9266,77.574,,,,,
5/2/2016 18:15,14.9261,77.4,,,,,
5/2/2016 18:30,14.9283,77.4,,,,,
5/2/2016 18:45,14.9348,77.4,,,,,
5/2/2016 19:00,14.9414,77.4,,,,,
5/2/2016 19:15,14.9544,77.4,,,,,
5/2/2016 19:30,14.9479,77.4,,,,,
5/2/2016 19:45,14.9544,77.4,,,,,
5/2/2016 20:00,14.9522,77.4,,,,,
5/2/2016 20:15,14.9544,77.4,,,,,
5/2/2016 20:30,14.9544,77.4,,,,,
5/2/2016 20:45,14.9479,77.4,,,,,
5/2/2016 21:00,14.9479,77.4,,,,,
5/2/2016 21:15,14.9457,77.4,,,,,
5/2/2016 21:30,14.9479,77.4,,,,,
5/2/2016 21:45,14.9501,77.4,,,,,
5/2/2016 22:00,14.9501,77.4,,,,,
5/2/2016 22:15,14.9479,77.4,,,,,
5/2/2016 22:30,14.9435,77.4,,,,,
5/2/2016 22:45,14.9392,77.4,,,,,
5/2/2016 23:00,14.9414,77.4,,,,,
5/2/2016 23:15,14.9348,77.4,,,,,
5/2/2016 23:30,14.9348,77.4,,,,,
5/2/2016 23:45,14.9348,77.4,,,,,
5/3/2016 0:00,14.9305,77.4,,,,,
5/3/2016 0:15,14.9261,77.4,,,,,
5/3/2016 0:30,14.9239,77.4,,,,,
5/3/2016 0:45,14.9174,77.4,,,,,
5/3/2016 1:00,14.9131,77.4,,,,,
5/3/2016 1:15,14.9109,77.4,,,,,
5/3/2016 1:30,14.9089,77.4,,,,,
5/3/2016 1:45,14.9089,77.4,,,,,
5/3/2016 2:00,14.9061,77.225,,,,,
5/3/2016 2:15,14.9018,77.225,,,,,
5/3/2016 2:30,14.8996,77.225,,,,,
5/3/2016 2:45,14.8926,77.05,,,,,
5/3/2016 3:00,14.8991,77.05,,,,,
5/3/2016 3:15,14.897,77.05,,,,,
5/3/2016 3:30,14.897,77.05,,,,,
5/3/2016 3:45,14.8991,77.05,,,,,
5/3/2016 4:00,14.8987,76.876,,,,,
5/3/2016 4:15,14.9009,76.876,,,,,
5/3/2016 4:30,14.8965,76.876,,,,,
5/3/2016 4:45,14.9031,76.876,,,,,
5/3/2016 5:00,14.9009,76.876,,,,,
5/3/2016 5:15,14.9009,76.876,,,,,
5/3/2016 5:30,14.9052,76.876,,,,,
5/3/2016 5:45,14.9078,77.05,,,,,
5/3/2016 6:00,14.9078,77.05,,,,,
5/3/2016 6:15,14.91,77.05,,,,,
5/3/2016 6:30,14.9144,77.05,,,,,
5/3/2016 6:45,14.9166,77.05,,,,,
5/3/2016 7:00,14.9187,77.05,,,,,
5/3/2016 7:15,14.9213,77.225,,,,,
5/3/2016 7:30,14.9257,77.225,,,,,
5/3/2016 7:45,14.9279,77.225,,,,,
5/3/2016 8:00,14.9279,77.225,,,,,
5/3/2016 8:15,14.9257,77.225,,,,,
5/3/2016 8:30,14.93,77.225,,,,,
5/3/2016 8:45,14.9348,77.4,,,,,
5/3/2016 9:00,14.9348,77.4,,,,,
5/3/2016 9:15,14.9348,77.4,,,,,
5/3/2016 9:30,14.9396,77.574,,,,,
5/3/2016 9:45,14.94,77.749,,,,,
5/3/2016 10:00,14.9363,77.923,,,,,
5/3/2016 10:15,14.9341,77.923,,,,,
5/3/2016 10:30,14.9302,78.098,,,,,
5/3/2016 10:45,14.9263,78.274,,,,,
5/3/2016 11:00,14.929,78.449,,,,,
5/3/2016 11:15,14.9268,78.449,,,,,
5/3/2016 11:30,14.9208,78.624,,,,,
5/3/2016 11:45,14.9168,78.8,,,,,
5/3/2016 12:00,14.9168,78.8,,,,,
5/3/2016 12:15,14.9125,78.8,,,,,
5/3/2016 12:30,14.9103,78.8,,,,,
5/3/2016 12:45,14.9087,78.975,,,,,
5/3/2016 13:00,14.9022,78.975,,,,,
5/3/2016 13:15,14.9022,78.975,,,,,
5/3/2016 13:30,14.8957,78.975,,,,,
5/3/2016 13:45,14.8913,78.975,,,,,
5/3/2016 14:00,14.8891,78.975,,,,,
5/3/2016 14:15,14.883,79.151,,,,,
5/3/2016 14:30,14.8809,79.151,,,,,
5/3/2016 14:45,14.8765,79.151,,,,,
5/3/2016 15:00,14.8739,78.975,,,,,
5/3/2016 15:15,14.8739,78.975,,,,,
5/3/2016 15:30,14.8713,78.8,,,,,
5/3/2016 15:45,14.8735,78.8,,,,,
5/3/2016 16:00,14.8735,78.8,,,,,
5/3/2016 16:15,14.8735,78.8,,,,,
5/3/2016 16:30,14.8713,78.8,,,,,
5/3/2016 16:45,14.8691,78.8,,,,,
5/3/2016 17:00,14.873,78.624,,,,,
5/3/2016 17:15,14.8752,78.624,,,,,
5/3/2016 17:30,14.8752,78.624,,,,,
5/3/2016 17:45,14.8796,78.624,,,,,
5/3/2016 18:00,14.879,78.449,,,,,
5/3/2016 18:15,14.8812,78.449,,,,,
5/3/2016 18:30,14.8833,78.449,,,,,
5/3/2016 18:45,14.8855,78.449,,,,,
5/3/2016 19:00,14.8877,78.449,,,,,
5/3/2016 19:15,14.8916,78.274,,,,,
5/3/2016 19:30,14.8981,78.274,,,,,
5/3/2016 19:45,14.9025,78.274,,,,,
5/3/2016 20:00,14.9025,78.274,,,,,
5/3/2016 20:15,14.9047,78.274,,,,,
5/3/2016 20:30,14.9047,78.274,,,,,
5/3/2016 20:45,14.9063,78.098,,,,,
5/3/2016 21:00,14.9084,78.098,,,,,
5/3/2016 21:15,14.9084,78.098,,,,,
5/3/2016 21:30,14.9084,78.098,,,,,
5/3/2016 21:45,14.9063,78.098,,,,,
5/3/2016 22:00,14.9084,78.098,,,,,
5/3/2016 22:15,14.9084,78.098,,,,,
5/3/2016 22:30,14.9084,78.098,,,,,
5/3/2016 22:45,14.9084,78.098,,,,,
5/3/2016 23:00,14.9084,78.098,,,,,
5/3/2016 23:15,14.902,78.098,,,,,
5/3/2016 23:30,14.9042,78.098,,,,,
5/3/2016 23:45,14.902,78.098,,,,,
5/4/2016 0:00,14.902,78.098,,,,,
5/4/2016 0:15,14.9042,78.098,,,,,
5/4/2016 0:30,14.9015,77.923,,,,,
5/4/2016 0:45,14.8993,77.923,,,,,
5/4/2016 1:00,14.8949,77.923,,,,,
5/4/2016 1:15,14.8907,77.923,,,,,
5/4/2016 1:30,14.8886,77.923,,,,,
5/4/2016 1:45,14.8928,77.923,,,,,
5/4/2016 2:00,14.8907,77.923,,,,,
5/4/2016 2:15,14.8842,77.923,,,,,
5/4/2016 2:30,14.8886,77.923,,,,,
5/4/2016 2:45,14.8886,77.923,,,,,
5/4/2016 3:00,14.8836,77.749,,,,,
5/4/2016 3:15,14.8772,77.749,,,,,
5/4/2016 3:30,14.8751,77.749,,,,,
5/4/2016 3:45,14.8707,77.749,,,,,
5/4/2016 4:00,14.8751,77.749,,,,,
5/4/2016 4:15,14.8751,77.749,,,,,
5/4/2016 4:30,14.8701,77.574,,,,,
5/4/2016 4:45,14.8701,77.574,,,,,
5/4/2016 5:00,14.8701,77.574,,,,,
5/4/2016 5:15,14.8745,77.574,,,,,
5/4/2016 5:30,14.8723,77.574,,,,,
5/4/2016 5:45,14.8788,77.574,,,,,
5/4/2016 6:00,14.8767,77.574,,,,,
5/4/2016 6:15,14.8832,77.574,,,,,
5/4/2016 6:30,14.8854,77.574,,,,,
5/4/2016 6:45,14.8871,77.4,,,,,
5/4/2016 7:00,14.8893,77.4,,,,,
5/4/2016 7:15,14.8919,77.574,,,,,
5/4/2016 7:30,14.8941,77.574,,,,,
5/4/2016 7:45,14.8941,77.574,,,,,
5/4/2016 8:00,14.8962,77.574,,,,,
5/4/2016 8:15,14.8984,77.574,,,,,
5/4/2016 8:30,14.8989,77.749,,,,,
5/4/2016 8:45,14.9032,77.749,,,,,
5/4/2016 9:00,14.9054,77.749,,,,,
5/4/2016 9:15,14.9076,77.749,,,,,
5/4/2016 9:30,14.9054,77.749,,,,,
5/4/2016 9:45,14.9102,77.923,,,,,
5/4/2016 10:00,14.9145,77.923,,,,,
5/4/2016 10:15,14.915,78.098,,,,,
5/4/2016 10:30,14.915,78.098,,,,,
5/4/2016 10:45,14.909,78.274,,,,,
5/4/2016 11:00,14.9068,78.274,,,,,
5/4/2016 11:15,14.8986,78.449,,,,,
5/4/2016 11:30,14.8964,78.449,,,,,
5/4/2016 11:45,14.8903,78.624,,,,,
5/4/2016 12:00,14.8883,78.624,,,,,
5/4/2016 12:15,14.8839,78.624,,,,,
5/4/2016 12:30,14.8757,78.8,,,,,
5/4/2016 12:45,14.8739,78.975,,,,,
5/4/2016 13:00,14.8739,78.975,,,,,
5/4/2016 13:15,14.8717,78.975,,,,,
5/4/2016 13:30,14.8717,78.975,,,,,
5/4/2016 13:45,14.868,79.151,,,,,
5/4/2016 14:00,14.8636,79.151,,,,,
5/4/2016 14:15,14.8696,78.975,,,,,
5/4/2016 14:30,14.8696,78.975,,,,,
5/4/2016 14:45,14.8696,78.975,,,,,
5/4/2016 15:00,14.863,78.975,,,,,
5/4/2016 15:15,14.8561,78.8,,,,,
5/4/2016 15:30,14.8523,78.975,,,,,
5/4/2016 15:45,14.8495,78.8,,,,,
5/4/2016 16:00,14.8495,78.8,,,,,
5/4/2016 16:15,14.8469,78.624,,,,,
5/4/2016 16:30,14.8491,78.624,,,,,
5/4/2016 16:45,14.8513,78.624,,,,,
5/4/2016 17:00,14.8513,78.624,,,,,
5/4/2016 17:15,14.8491,78.624,,,,,
5/4/2016 17:30,14.853,78.449,,,,,
5/4/2016 17:45,14.8552,78.449,,,,,
5/4/2016 18:00,14.8574,78.449,,,,,
5/4/2016 18:15,14.8548,78.274,,,,,
5/4/2016 18:30,14.8569,78.274,,,,,
5/4/2016 18:45,14.8591,78.274,,,,,
5/4/2016 19:00,14.8607,78.098,,,,,
5/4/2016 19:15,14.8651,78.098,,,,,
5/4/2016 19:30,14.8668,77.923,,,,,
5/4/2016 19:45,14.869,77.923,,,,,
5/4/2016 20:00,14.8707,77.749,,,,,
5/4/2016 20:15,14.8729,77.749,,,,,
5/4/2016 20:30,14.8745,77.574,,,,,
5/4/2016 20:45,14.8788,77.574,,,,,
5/4/2016 21:00,14.8784,77.4,,,,,
5/4/2016 21:15,14.8784,77.4,,,,,
5/4/2016 21:30,14.8784,77.4,,,,,
5/4/2016 21:45,14.8801,77.225,,,,,
5/4/2016 22:00,14.878,77.225,,,,,
5/4/2016 22:15,14.878,77.225,,,,,
5/4/2016 22:30,14.8797,77.05,,,,,
5/4/2016 22:45,14.8775,77.05,,,,,
5/4/2016 23:00,14.8754,77.05,,,,,
5/4/2016 23:15,14.8754,77.05,,,,,
5/4/2016 23:30,14.8797,77.05,,,,,
5/4/2016 23:45,14.8797,77.05,,,,,
5/5/2016 0:00,14.8797,77.05,,,,,
5/5/2016 0:15,14.8775,77.05,,,,,
5/5/2016 0:30,14.8758,77.225,,,,,
5/5/2016 0:45,14.8736,77.225,,,,,
5/5/2016 1:00,14.8714,77.225,,,,,
5/5/2016 1:15,14.8714,77.225,,,,,
5/5/2016 1:30,14.8693,77.225,,,,,
5/5/2016 1:45,14.8649,77.225,,,,,
5/5/2016 2:00,14.8606,77.225,,,,,
5/5/2016 2:15,14.8606,77.225,,,,,
5/5/2016 2:30,14.8584,77.225,,,,,
5/5/2016 2:45,14.8562,77.225,,,,,
5/5/2016 3:00,14.8562,77.225,,,,,
5/5/2016 3:15,14.8562,77.225,,,,,
5/5/2016 3:30,14.8519,77.225,,,,,
5/5/2016 3:45,14.8497,77.225,,,,,
5/5/2016 4:00,14.8497,77.225,,,,,
5/5/2016 4:15,14.8475,77.225,,,,,
5/5/2016 4:30,14.8475,77.225,,,,,
5/5/2016 4:45,14.8475,77.225,,,,,
5/5/2016 5:00,14.8471,77.05,,,,,
5/5/2016 5:15,14.8449,77.05,,,,,
5/5/2016 5:30,14.8471,77.05,,,,,
5/5/2016 5:45,14.8514,77.05,,,,,
5/5/2016 6:00,14.8493,77.05,,,,,
5/5/2016 6:15,14.8514,77.05,,,,,
5/5/2016 6:30,14.8536,77.05,,,,,
5/5/2016 6:45,14.858,77.05,,,,,
5/5/2016 7:00,14.858,77.05,,,,,
5/5/2016 7:15,14.8601,77.05,,,,,
5/5/2016 7:30,14.8627,77.225,,,,,
5/5/2016 7:45,14.8627,77.225,,,,,
5/5/2016 8:00,14.8654,77.4,,,,,
5/5/2016 8:15,14.8697,77.4,,,,,
5/5/2016 8:30,14.8719,77.4,,,,,
5/5/2016 8:45,14.8719,77.4,,,,,
5/5/2016 9:00,14.8741,77.4,,,,,
5/5/2016 9:15,14.8767,77.574,,,,,
5/5/2016 9:30,14.8794,77.749,,,,,
5/5/2016 9:45,14.8799,77.923,,,,,
5/5/2016 10:00,14.8777,77.923,,,,,
5/5/2016 10:15,14.8733,77.923,,,,,
5/5/2016 10:30,14.8755,77.923,,,,,
5/5/2016 10:45,14.8716,78.098,,,,,
5/5/2016 11:00,14.8677,78.274,,,,,
5/5/2016 11:15,14.8683,78.449,,,,,
5/5/2016 11:30,14.8622,78.624,,,,,
5/5/2016 11:45,14.8582,78.8,,,,,
5/5/2016 12:00,14.8567,78.975,,,,,
5/5/2016 12:15,14.8545,78.975,,,,,
5/5/2016 12:30,14.8527,79.151,,,,,
5/5/2016 12:45,14.8506,79.151,,,,,
5/5/2016 13:00,14.8466,79.326,,,,,
5/5/2016 13:15,14.8436,78.975,,,,,
5/5/2016 13:30,14.8423,79.326,,,,,
5/5/2016 13:45,14.8407,79.502,,,,,
5/5/2016 14:00,14.8401,79.326,,,,,
5/5/2016 14:15,14.8353,79.151,,,,,
5/5/2016 14:30,14.8358,79.326,,,,,
5/5/2016 14:45,14.8358,79.326,,,,,
5/5/2016 15:00,14.831,79.151,,,,,
5/5/2016 15:15,14.8284,78.975,,,,,
5/5/2016 15:30,14.8284,78.975,,,,,
5/5/2016 15:45,14.8262,78.975,,,,,
5/5/2016 16:00,14.8279,78.8,,,,,
5/5/2016 16:15,14.8301,78.8,,,,,
5/5/2016 16:30,14.8279,78.8,,,,,
5/5/2016 16:45,14.8297,78.624,,,,,
5/5/2016 17:00,14.8318,78.624,,,,,
5/5/2016 17:15,14.8318,78.624,,,,,
5/5/2016 17:30,14.834,78.624,,,,,
5/5/2016 17:45,14.8378,78.449,,,,,
5/5/2016 18:00,14.8421,78.449,,,,,
5/5/2016 18:15,14.8443,78.449,,,,,
5/5/2016 18:30,14.8461,78.274,,,,,
5/5/2016 18:45,14.8482,78.274,,,,,
5/5/2016 19:00,14.8482,78.274,,,,,
5/5/2016 19:15,14.8548,78.274,,,,,
5/5/2016 19:30,14.8564,78.098,,,,,
5/5/2016 19:45,14.8585,78.098,,,,,
5/5/2016 20:00,14.8603,77.923,,,,,
5/5/2016 20:15,14.8603,77.923,,,,,
5/5/2016 20:30,14.862,77.749,,,,,
5/5/2016 20:45,14.8598,77.749,,,,,
5/5/2016 21:00,14.8642,77.749,,,,,
5/5/2016 21:15,14.8642,77.749,,,,,
5/5/2016 21:30,14.8659,77.574,,,,,
5/5/2016 21:45,14.8681,77.574,,,,,
5/5/2016 22:00,14.8681,77.574,,,,,
5/5/2016 22:15,14.8723,77.574,,,,,
5/5/2016 22:30,14.8701,77.574,,,,,
5/5/2016 22:45,14.8745,77.574,,,,,
5/5/2016 23:00,14.8828,77.4,,,,,
5/5/2016 23:15,14.8806,77.4,,,,,
5/5/2016 23:30,14.8762,77.4,,,,,
5/5/2016 23:45,14.8741,77.4,,,,,
5/6/2016 0:00,14.8719,77.4,,,,,
5/6/2016 0:15,14.8675,77.4,,,,,
5/6/2016 0:30,14.8654,77.4,,,,,
5/6/2016 0:45,14.8632,77.4,,,,,
5/6/2016 1:00,14.8632,77.4,,,,,
5/6/2016 1:15,14.861,77.4,,,,,
5/6/2016 1:30,14.8568,77.4,,,,,
5/6/2016 1:45,14.8546,77.4,,,,,
5/6/2016 2:00,14.8546,77.4,,,,,
5/6/2016 2:15,14.8497,77.225,,,,,
5/6/2016 2:30,14.8475,77.225,,,,,
5/6/2016 2:45,14.8475,77.225,,,,,
5/6/2016 3:00,14.8475,77.225,,,,,
5/6/2016 3:15,14.8455,77.225,,,,,
5/6/2016 3:30,14.8406,77.05,,,,,
5/6/2016 3:45,14.8406,77.05,,,,,
5/6/2016 4:00,14.8384,77.05,,,,,
5/6/2016 4:15,14.8363,77.05,,,,,
5/6/2016 4:30,14.8379,76.876,,,,,
5/6/2016 4:45,14.8358,76.876,,,,,
5/6/2016 5:00,14.8379,76.876,,,,,
5/6/2016 5:15,14.8423,76.876,,,,,
5/6/2016 5:30,14.8419,76.703,,,,,
5/6/2016 5:45,14.8419,76.703,,,,,
5/6/2016 6:00,14.844,76.703,,,,,
5/6/2016 6:15,14.8462,76.703,,,,,
5/6/2016 6:30,14.8484,76.703,,,,,
5/6/2016 6:45,14.8506,76.703,,,,,
5/6/2016 7:00,14.8527,76.703,,,,,
5/6/2016 7:15,14.8549,76.703,,,,,
5/6/2016 7:30,14.8549,76.703,,,,,
5/6/2016 7:45,14.8571,76.703,,,,,
5/6/2016 8:00,14.8571,76.703,,,,,
5/6/2016 8:15,14.8597,76.876,,,,,
5/6/2016 8:30,14.864,76.876,,,,,
5/6/2016 8:45,14.864,76.876,,,,,
5/6/2016 9:00,14.8667,77.05,,,,,
5/6/2016 9:15,14.8667,77.05,,,,,
5/6/2016 9:30,14.8649,77.225,,,,,
5/6/2016 9:45,14.8632,77.4,,,,,
5/6/2016 10:00,14.8659,77.574,,,,,
5/6/2016 10:15,14.8664,77.749,,,,,
5/6/2016 10:30,14.8642,77.749,,,,,
5/6/2016 10:45,14.8607,78.098,,,,,
5/6/2016 11:00,14.8585,78.098,,,,,
5/6/2016 11:15,14.8564,78.098,,,,,
5/6/2016 11:30,14.8542,78.098,,,,,
5/6/2016 11:45,14.8526,78.274,,,,,
5/6/2016 12:00,14.8526,78.274,,,,,
5/6/2016 12:15,14.8526,78.274,,,,,
5/6/2016 12:30,14.8469,78.624,,,,,
5/6/2016 12:45,14.8469,78.624,,,,,
5/6/2016 13:00,14.8426,78.624,,,,,
5/6/2016 13:15,14.8404,78.624,,,,,
5/6/2016 13:30,14.8356,78.449,,,,,
5/6/2016 13:45,14.834,78.624,,,,,
5/6/2016 14:00,14.8318,78.624,,,,,
5/6/2016 14:15,14.8297,78.624,,,,,
5/6/2016 14:30,14.8297,78.624,,,,,
5/6/2016 14:45,14.8236,78.8,,,,,
5/6/2016 15:00,14.8258,78.8,,,,,
5/6/2016 15:15,14.821,78.624,,,,,
5/6/2016 15:30,14.8188,78.624,,,,,
5/6/2016 15:45,14.821,78.624,,,,,
5/6/2016 16:00,14.8231,78.624,,,,,
5/6/2016 16:15,14.8231,78.624,,,,,
5/6/2016 16:30,14.8226,78.449,,,,,
5/6/2016 16:45,14.8205,78.449,,,,,
5/6/2016 17:00,14.8205,78.449,,,,,
5/6/2016 17:15,14.8205,78.449,,,,,
5/6/2016 17:30,14.8205,78.449,,,,,
5/6/2016 17:45,14.8243,78.274,,,,,
5/6/2016 18:00,14.8265,78.274,,,,,
5/6/2016 18:15,14.8287,78.274,,,,,
5/6/2016 18:30,14.8308,78.274,,,,,
5/6/2016 18:45,14.8326,78.098,,,,,
5/6/2016 19:00,14.8326,78.098,,,,,
5/6/2016 19:15,14.8369,78.098,,,,,
5/6/2016 19:30,14.8391,78.098,,,,,
5/6/2016 19:45,14.8435,78.098,,,,,
5/6/2016 20:00,14.8435,78.098,,,,,
5/6/2016 20:15,14.85,78.098,,,,,
5/6/2016 20:30,14.852,78.098,,,,,
5/6/2016 20:45,14.8542,78.098,,,,,
5/6/2016 21:00,14.8564,78.098,,,,,
5/6/2016 21:15,14.8564,78.098,,,,,
5/6/2016 21:30,14.8607,78.098,,,,,
5/6/2016 21:45,14.8559,77.923,,,,,
5/6/2016 22:00,14.8581,77.923,,,,,
5/6/2016 22:15,14.8559,77.923,,,,,
5/6/2016 22:30,14.8559,77.923,,,,,
5/6/2016 22:45,14.8581,77.923,,,,,
5/6/2016 23:00,14.8559,77.923,,,,,
5/6/2016 23:15,14.8537,77.923,,,,,
5/6/2016 23:30,14.8559,77.923,,,,,
5/6/2016 23:45,14.8559,77.923,,,,,
5/7/2016 0:00,14.8537,77.923,,,,,
5/7/2016 0:15,14.8559,77.923,,,,,
5/7/2016 0:30,14.8559,77.923,,,,,
5/7/2016 0:45,14.8537,77.923,,,,,
5/7/2016 1:00,14.8559,77.923,,,,,
5/7/2016 1:15,14.8537,77.923,,,,,
5/7/2016 1:30,14.8494,77.923,,,,,
5/7/2016 1:45,14.8468,77.749,,,,,
5/7/2016 2:00,14.8446,77.749,,,,,
5/7/2016 2:15,14.8403,77.749,,,,,
5/7/2016 2:30,14.8403,77.749,,,,,
5/7/2016 2:45,14.8403,77.749,,,,,
5/7/2016 3:00,14.8403,77.749,,,,,
5/7/2016 3:15,14.8359,77.749,,,,,
5/7/2016 3:30,14.8381,77.749,,,,,
5/7/2016 3:45,14.8359,77.749,,,,,
5/7/2016 4:00,14.8333,77.574,,,,,
5/7/2016 4:15,14.8355,77.574,,,,,
5/7/2016 4:30,14.8355,77.574,,,,,
5/7/2016 4:45,14.8355,77.574,,,,,
5/7/2016 5:00,14.8377,77.574,,,,,
5/7/2016 5:15,14.8377,77.574,,,,,
5/7/2016 5:30,14.8377,77.574,,,,,
5/7/2016 5:45,14.8377,77.574,,,,,
5/7/2016 6:00,14.8398,77.574,,,,,
5/7/2016 6:15,14.842,77.574,,,,,
5/7/2016 6:30,14.8464,77.574,,,,,
5/7/2016 6:45,14.8485,77.574,,,,,
5/7/2016 7:00,14.8485,77.574,,,,,
5/7/2016 7:15,14.8507,77.574,,,,,
5/7/2016 7:30,14.8529,77.574,,,,,
5/7/2016 7:45,14.8551,77.574,,,,,
5/7/2016 8:00,14.8577,77.749,,,,,
5/7/2016 8:15,14.862,77.749,,,,,
5/7/2016 8:30,14.8598,77.749,,,,,
5/7/2016 8:45,14.862,77.749,,,,,
5/7/2016 9:00,14.8598,77.749,,,,,
5/7/2016 9:15,14.8668,77.923,,,,,
5/7/2016 9:30,14.8668,77.923,,,,,
5/7/2016 9:45,14.8672,78.098,,,,,
5/7/2016 10:00,14.8651,78.098,,,,,
5/7/2016 10:15,14.8651,78.098,,,,,
5/7/2016 10:30,14.8677,78.274,,,,,
5/7/2016 10:45,14.8694,78.098,,,,,
5/7/2016 11:00,14.8633,78.274,,,,,
5/7/2016 11:15,14.8574,78.449,,,,,
5/7/2016 11:30,14.8535,78.624,,,,,
5/7/2016 11:45,14.8535,78.624,,,,,
5/7/2016 12:00,14.8513,78.624,,,,,
5/7/2016 12:15,14.8508,78.449,,,,,
5/7/2016 12:30,14.8513,78.624,,,,,
5/7/2016 12:45,14.8513,78.624,,,,,
5/7/2016 13:00,14.8508,78.449,,,,,
5/7/2016 13:15,14.8487,78.449,,,,,
5/7/2016 13:30,14.8508,78.449,,,,,
5/7/2016 13:45,14.8487,78.449,,,,,
5/7/2016 14:00,14.8448,78.624,,,,,
5/7/2016 14:15,14.8382,78.624,,,,,
5/7/2016 14:30,14.8361,78.624,,,,,
5/7/2016 14:45,14.8318,78.624,,,,,
5/7/2016 15:00,14.8356,78.449,,,,,
5/7/2016 15:15,14.8465,78.449,,,,,
5/7/2016 15:30,14.8569,78.274,,,,,
5/7/2016 15:45,14.8569,78.274,,,,,
5/7/2016 16:00,14.8955,78.098,,,,,
5/7/2016 16:15,14.8864,77.923,,,,,
5/7/2016 16:30,14.8755,77.923,,,,,
5/7/2016 16:45,14.8625,77.923,,,,,
5/7/2016 17:00,14.8577,77.749,,,,,
5/7/2016 17:15,14.8555,77.749,,,,,
5/7/2016 17:30,14.8555,77.749,,,,,
5/7/2016 17:45,14.8555,77.749,,,,,
5/7/2016 18:00,14.8572,77.574,,,,,
5/7/2016 18:15,14.8616,77.574,,,,,
5/7/2016 18:30,14.8572,77.574,,,,,
5/7/2016 18:45,14.8588,77.4,,,,,
5/7/2016 19:00,14.8546,77.4,,,,,
5/7/2016 19:15,14.8568,77.4,,,,,
5/7/2016 19:30,14.8568,77.4,,,,,
5/7/2016 19:45,14.8562,77.225,,,,,
5/7/2016 20:00,14.8584,77.225,,,,,
5/7/2016 20:15,14.8584,77.225,,,,,
5/7/2016 20:30,14.8584,77.225,,,,,
5/7/2016 20:45,14.8606,77.225,,,,,
5/7/2016 21:00,14.8584,77.225,,,,,
5/7/2016 21:15,14.8601,77.05,,,,,
5/7/2016 21:30,14.8623,77.05,,,,,
5/7/2016 21:45,14.858,77.05,,,,,
5/7/2016 22:00,14.8601,77.05,,,,,
5/7/2016 22:15,14.8558,77.05,,,,,
5/7/2016 22:30,14.8601,77.05,,,,,
5/7/2016 22:45,14.858,77.05,,,,,
5/7/2016 23:00,14.8601,77.05,,,,,
5/7/2016 23:15,14.858,77.05,,,,,
5/7/2016 23:30,14.8558,77.05,,,,,
5/7/2016 23:45,14.8536,77.05,,,,,
5/8/2016 0:00,14.8558,77.05,,,,,
5/8/2016 0:15,14.8532,76.876,,,,,
5/8/2016 0:30,14.851,76.876,,,,,
5/8/2016 0:45,14.851,76.876,,,,,
5/8/2016 1:00,14.8488,76.876,,,,,
5/8/2016 1:15,14.8466,76.876,,,,,
5/8/2016 1:30,14.8445,76.876,,,,,
5/8/2016 1:45,14.8401,76.876,,,,,
5/8/2016 2:00,14.8379,76.876,,,,,
5/8/2016 2:15,14.8401,76.876,,,,,
5/8/2016 2:30,14.8358,76.876,,,,,
5/8/2016 2:45,14.8353,76.703,,,,,
5/8/2016 3:00,14.8353,76.703,,,,,
5/8/2016 3:15,14.8353,76.703,,,,,
5/8/2016 3:30,14.8353,76.703,,,,,
5/8/2016 3:45,14.8332,76.703,,,,,
5/8/2016 4:00,14.8353,76.703,,,,,
5/8/2016 4:15,14.8332,76.703,,,,,
5/8/2016 4:30,14.8332,76.703,,,,,
5/8/2016 4:45,14.8353,76.703,,,,,
5/8/2016 5:00,14.8332,76.703,,,,,
5/8/2016 5:15,14.8327,76.528,,,,,
5/8/2016 5:30,14.8327,76.528,,,,,
5/8/2016 5:45,14.8349,76.528,,,,,
5/8/2016 6:00,14.8392,76.528,,,,,
5/8/2016 6:15,14.8392,76.528,,,,,
5/8/2016 6:30,14.8392,76.528,,,,,
5/8/2016 6:45,14.8414,76.528,,,,,
5/8/2016 7:00,14.8436,76.528,,,,,
5/8/2016 7:15,14.8458,76.528,,,,,
5/8/2016 7:30,14.8458,76.528,,,,,
5/8/2016 7:45,14.8458,76.528,,,,,
5/8/2016 8:00,14.8479,76.528,,,,,
5/8/2016 8:15,14.8501,76.528,,,,,
5/8/2016 8:30,14.8545,76.528,,,,,
5/8/2016 8:45,14.8545,76.528,,,,,
5/8/2016 9:00,14.8545,76.528,,,,,
5/8/2016 9:15,14.8571,76.703,,,,,
5/8/2016 9:30,14.8593,76.703,,,,,
5/8/2016 9:45,14.8571,76.703,,,,,
5/8/2016 10:00,14.8575,76.876,,,,,
5/8/2016 10:15,14.8553,76.876,,,,,
5/8/2016 10:30,14.8514,77.05,,,,,
5/8/2016 10:45,14.8497,77.225,,,,,
5/8/2016 11:00,14.8449,77.05,,,,,
5/8/2016 11:15,14.8437,77.4,,,,,
5/8/2016 11:30,14.8416,77.4,,,,,
5/8/2016 11:45,14.8377,77.574,,,,,
5/8/2016 12:00,14.8377,77.574,,,,,
5/8/2016 12:15,14.83,77.923,,,,,
5/8/2016 12:30,14.8294,77.749,,,,,
5/8/2016 12:45,14.8268,77.574,,,,,
5/8/2016 13:00,14.8202,77.574,,,,,
5/8/2016 13:15,14.8202,77.574,,,,,
5/8/2016 13:30,14.8133,77.4,,,,,
5/8/2016 13:45,14.8117,77.574,,,,,
5/8/2016 14:00,14.8095,77.574,,,,,
5/8/2016 14:15,14.8089,77.4,,,,,
5/8/2016 14:30,14.8069,77.4,,,,,
5/8/2016 14:45,14.8052,77.574,,,,,
5/8/2016 15:00,14.8004,77.4,,,,,
5/8/2016 15:15,14.8004,77.4,,,,,
5/8/2016 15:30,14.8008,77.574,,,,,
5/8/2016 15:45,14.8026,77.4,,,,,
5/8/2016 16:00,14.7982,77.4,,,,,
5/8/2016 16:15,14.7956,77.225,,,,,
5/8/2016 16:30,14.7978,77.225,,,,,
5/8/2016 16:45,14.7998,77.225,,,,,
5/8/2016 17:00,14.7978,77.225,,,,,
5/8/2016 17:15,14.7994,77.05,,,,,
5/8/2016 17:30,14.7994,77.05,,,,,
5/8/2016 17:45,14.7994,77.05,,,,,
5/8/2016 18:00,14.7994,77.05,,,,,
5/8/2016 18:15,14.8033,76.876,,,,,
5/8/2016 18:30,14.8011,76.876,,,,,
5/8/2016 18:45,14.8011,76.876,,,,,
5/8/2016 19:00,14.8033,76.876,,,,,
5/8/2016 19:15,14.8076,76.876,,,,,
5/8/2016 19:30,14.8076,76.876,,,,,
5/8/2016 19:45,14.812,76.876,,,,,
5/8/2016 20:00,14.8142,76.876,,,,,
5/8/2016 20:15,14.8142,76.876,,,,,
5/8/2016 20:30,14.8185,76.876,,,,,
5/8/2016 20:45,14.8185,76.876,,,,,
5/8/2016 21:00,14.8185,76.876,,,,,
5/8/2016 21:15,14.8207,76.876,,,,,
5/8/2016 21:30,14.8229,76.876,,,,,
5/8/2016 21:45,14.8229,76.876,,,,,
5/8/2016 22:00,14.8229,76.876,,,,,
5/8/2016 22:15,14.8229,76.876,,,,,
5/8/2016 22:30,14.8229,76.876,,,,,
5/8/2016 22:45,14.825,76.876,,,,,
5/8/2016 23:00,14.825,76.876,,,,,
5/8/2016 23:15,14.8229,76.876,,,,,
5/8/2016 23:30,14.8207,76.876,,,,,
5/8/2016 23:45,14.8181,76.703,,,,,
5/9/2016 0:00,14.8159,76.703,,,,,
5/9/2016 0:15,14.8181,76.703,,,,,
5/9/2016 0:30,14.8137,76.703,,,,,
5/9/2016 0:45,14.8137,76.703,,,,,
5/9/2016 1:00,14.8094,76.703,,,,,
5/9/2016 1:15,14.8072,76.703,,,,,
5/9/2016 1:30,14.805,76.703,,,,,
5/9/2016 1:45,14.8028,76.703,,,,,
5/9/2016 2:00,14.8007,76.703,,,,,
5/9/2016 2:15,14.7963,76.703,,,,,
5/9/2016 2:30,14.7937,76.528,,,,,
5/9/2016 2:45,14.7915,76.528,,,,,
5/9/2016 3:00,14.7915,76.528,,,,,
5/9/2016 3:15,14.7894,76.528,,,,,
5/9/2016 3:30,14.7872,76.528,,,,,
5/9/2016 3:45,14.7872,76.528,,,,,
5/9/2016 4:00,14.7915,76.528,,,,,
5/9/2016 4:15,14.7937,76.528,,,,,
5/9/2016 4:30,14.7911,76.354,,,,,
5/9/2016 4:45,14.7889,76.354,,,,,
5/9/2016 5:00,14.7911,76.354,,,,,
5/9/2016 5:15,14.7911,76.354,,,,,
5/9/2016 5:30,14.7889,76.354,,,,,
5/9/2016 5:45,14.7889,76.354,,,,,
5/9/2016 6:00,14.7928,76.181,,,,,
5/9/2016 6:15,14.7907,76.181,,,,,
5/9/2016 6:30,14.795,76.181,,,,,
5/9/2016 6:45,14.795,76.181,,,,,
5/9/2016 7:00,14.797,76.181,,,,,
5/9/2016 7:15,14.797,76.181,,,,,
5/9/2016 7:30,14.8036,76.181,,,,,
5/9/2016 7:45,14.8031,76.006,,,,,
5/9/2016 8:00,14.8036,76.181,,,,,
5/9/2016 8:15,14.8079,76.181,,,,,
5/9/2016 8:30,14.8101,76.181,,,,,
5/9/2016 8:45,14.8105,76.354,,,,,
5/9/2016 9:00,14.8084,76.354,,,,,
5/9/2016 9:15,14.8089,76.528,,,,,
5/9/2016 9:30,14.8131,76.528,,,,,
5/9/2016 9:45,14.8094,76.703,,,,,
5/9/2016 10:00,14.8098,76.876,,,,,
5/9/2016 10:15,14.8081,77.05,,,,,
5/9/2016 10:30,14.8063,77.225,,,,,
5/9/2016 10:45,14.8041,77.225,,,,,
5/9/2016 11:00,14.8047,77.4,,,,,
5/9/2016 11:15,14.7986,77.574,,,,,
5/9/2016 11:30,14.7995,77.923,,,,,
5/9/2016 11:45,14.7947,77.749,,,,,
5/9/2016 12:00,14.7925,77.749,,,,,
5/9/2016 12:15,14.7952,77.923,,,,,
5/9/2016 12:30,14.7925,77.749,,,,,
5/9/2016 12:45,14.7882,77.749,,,,,
5/9/2016 13:00,14.787,78.098,,,,,
5/9/2016 13:15,14.787,78.098,,,,,
5/9/2016 13:30,14.7831,78.274,,,,,
5/9/2016 13:45,14.7805,78.098,,,,,
5/9/2016 14:00,14.7827,78.098,,,,,
5/9/2016 14:15,14.7788,78.274,,,,,
5/9/2016 14:30,14.7762,78.098,,,,,
5/9/2016 14:45,14.7762,78.098,,,,,
5/9/2016 15:00,14.7762,78.098,,,,,
5/9/2016 15:15,14.7788,78.274,,,,,
5/9/2016 15:30,14.7762,78.098,,,,,
5/9/2016 15:45,14.7809,78.274,,,,,
5/9/2016 16:00,14.7805,78.098,,,,,
5/9/2016 16:15,14.7805,78.098,,,,,
5/9/2016 16:30,14.7783,78.098,,,,,
5/9/2016 16:45,14.7783,78.098,,,,,
5/9/2016 17:00,14.7849,78.098,,,,,
5/9/2016 17:15,14.7866,77.923,,,,,
5/9/2016 17:30,14.7908,77.923,,,,,
5/9/2016 17:45,14.7888,77.923,,,,,
5/9/2016 18:00,14.7882,77.749,,,,,
5/9/2016 18:15,14.7882,77.749,,,,,
5/9/2016 18:30,14.7925,77.749,,,,,
5/9/2016 18:45,14.7899,77.574,,,,,
5/9/2016 19:00,14.7943,77.574,,,,,
5/9/2016 19:15,14.7965,77.574,,,,,
5/9/2016 19:30,14.8008,77.574,,,,,
5/9/2016 19:45,14.8008,77.574,,,,,
5/9/2016 20:00,14.803,77.574,,,,,
5/9/2016 20:15,14.8026,77.4,,,,,
5/9/2016 20:30,14.8026,77.4,,,,,
5/9/2016 20:45,14.8026,77.4,,,,,
5/9/2016 21:00,14.7982,77.4,,,,,
5/9/2016 21:15,14.7982,77.4,,,,,
5/9/2016 21:30,14.7982,77.4,,,,,
5/9/2016 21:45,14.7982,77.4,,,,,
5/9/2016 22:00,14.8004,77.4,,,,,
5/9/2016 22:15,14.8004,77.4,,,,,
5/9/2016 22:30,14.8004,77.4,,,,,
5/9/2016 22:45,14.8004,77.4,,,,,
5/9/2016 23:00,14.8047,77.4,,,,,
5/9/2016 23:15,14.8063,77.225,,,,,
5/9/2016 23:30,14.8085,77.225,,,,,
5/9/2016 23:45,14.8041,77.225,,,,,
5/10/2016 0:00,14.8063,77.225,,,,,
5/10/2016 0:15,14.8041,77.225,,,,,
5/10/2016 0:30,14.7978,77.225,,,,,
5/10/2016 0:45,14.7934,77.225,,,,,
5/10/2016 1:00,14.7891,77.225,,,,,
5/10/2016 1:15,14.7869,77.225,,,,,
5/10/2016 1:30,14.7865,77.05,,,,,
5/10/2016 1:45,14.7865,77.05,,,,,
5/10/2016 2:00,14.7843,77.05,,,,,
5/10/2016 2:15,14.7799,77.05,,,,,
5/10/2016 2:30,14.7778,77.05,,,,,
5/10/2016 2:45,14.7734,77.05,,,,,
5/10/2016 3:00,14.7712,77.05,,,,,
5/10/2016 3:15,14.769,77.05,,,,,
5/10/2016 3:30,14.7669,77.05,,,,,
5/10/2016 3:45,14.7647,77.05,,,,,
5/10/2016 4:00,14.7664,76.876,,,,,
5/10/2016 4:15,14.7621,76.876,,,,,
5/10/2016 4:30,14.7599,76.876,,,,,
5/10/2016 4:45,14.7621,76.876,,,,,
5/10/2016 5:00,14.7643,76.876,,,,,
5/10/2016 5:15,14.7664,76.876,,,,,
5/10/2016 5:30,14.7686,76.876,,,,,
5/10/2016 5:45,14.7686,76.876,,,,,
5/10/2016 6:00,14.7708,76.876,,,,,
5/10/2016 6:15,14.7751,76.876,,,,,
5/10/2016 6:30,14.7773,76.876,,,,,
5/10/2016 6:45,14.7815,76.876,,,,,
5/10/2016 7:00,14.7859,76.876,,,,,
5/10/2016 7:15,14.7859,76.876,,,,,
5/10/2016 7:30,14.788,76.876,,,,,
5/10/2016 7:45,14.7859,76.876,,,,,
5/10/2016 8:00,14.7843,77.05,,,,,
5/10/2016 8:15,14.7886,77.05,,,,,
5/10/2016 8:30,14.7886,77.05,,,,,
5/10/2016 8:45,14.7891,77.225,,,,,
5/10/2016 9:00,14.7891,77.225,,,,,
5/10/2016 9:15,14.7917,77.4,,,,,
5/10/2016 9:30,14.7938,77.4,,,,,
5/10/2016 9:45,14.7917,77.4,,,,,
5/10/2016 10:00,14.7899,77.574,,,,,
5/10/2016 10:15,14.7878,77.574,,,,,
5/10/2016 10:30,14.786,77.749,,,,,
5/10/2016 10:45,14.7882,77.749,,,,,
5/10/2016 11:00,14.7838,77.749,,,,,
5/10/2016 11:15,14.7822,77.923,,,,,
5/10/2016 11:30,14.7783,78.098,,,,,
5/10/2016 11:45,14.774,78.098,,,,,
5/10/2016 12:00,14.7722,78.274,,,,,
5/10/2016 12:15,14.7701,78.274,,,,,
5/10/2016 12:30,14.7641,78.449,,,,,
5/10/2016 12:45,14.7641,78.449,,,,,
5/10/2016 13:00,14.7619,78.449,,,,,
5/10/2016 13:15,14.7619,78.449,,,,,
5/10/2016 13:30,14.7572,78.274,,,,,
5/10/2016 13:45,14.7576,78.449,,,,,
5/10/2016 14:00,14.7554,78.449,,,,,
5/10/2016 14:15,14.7511,78.449,,,,,
5/10/2016 14:30,14.7511,78.449,,,,,
5/10/2016 14:45,14.7471,78.624,,,,,
5/10/2016 15:00,14.745,78.624,,,,,
5/10/2016 15:15,14.7467,78.449,,,,,
5/10/2016 15:30,14.7445,78.449,,,,,
5/10/2016 15:45,14.7467,78.449,,,,,
5/10/2016 16:00,14.7467,78.449,,,,,
5/10/2016 16:15,14.7489,78.449,,,,,
5/10/2016 16:30,14.7445,78.449,,,,,
5/10/2016 16:45,14.7489,78.449,,,,,
5/10/2016 17:00,14.7528,78.274,,,,,
5/10/2016 17:15,14.7528,78.274,,,,,
5/10/2016 17:30,14.7572,78.274,,,,,
5/10/2016 17:45,14.7566,78.098,,,,,
5/10/2016 18:00,14.7544,78.098,,,,,
5/10/2016 18:15,14.7522,78.098,,,,,
5/10/2016 18:30,14.7522,78.098,,,,,
5/10/2016 18:45,14.7566,78.098,,,,,
5/10/2016 19:00,14.7583,77.923,,,,,
5/10/2016 19:15,14.7583,77.923,,,,,
5/10/2016 19:30,14.7627,77.923,,,,,
5/10/2016 19:45,14.7648,77.923,,,,,
5/10/2016 20:00,14.767,77.923,,,,,
5/10/2016 20:15,14.767,77.923,,,,,
5/10/2016 20:30,14.7757,77.923,,,,,
5/10/2016 20:45,14.7779,77.923,,,,,
5/10/2016 21:00,14.7844,77.923,,,,,
5/10/2016 21:15,14.7866,77.923,,,,,
5/10/2016 21:30,14.7908,77.923,,,,,
5/10/2016 21:45,14.7973,77.923,,,,,
5/10/2016 22:00,14.8056,77.749,,,,,
5/10/2016 22:15,14.8012,77.749,,,,,
5/10/2016 22:30,14.7969,77.749,,,,,
5/10/2016 22:45,14.7969,77.749,,,,,
5/10/2016 23:00,14.7947,77.749,,,,,
5/10/2016 23:15,14.7921,77.574,,,,,
5/10/2016 23:30,14.7943,77.574,,,,,
5/10/2016 23:45,14.8052,77.574,,,,,
5/11/2016 0:00,14.8507,77.574,,,,,
5/11/2016 0:15,14.8936,77.4,,,,,
5/11/2016 0:30,15.0065,77.4,,,,,
5/11/2016 0:45,15.4664,77.225,,,,,
5/11/2016 1:00,15.3025,76.876,,,,,
5/11/2016 1:15,15.196,76.876,,,,,
5/11/2016 1:30,15.1309,76.876,,,,,
5/11/2016 1:45,15.0767,76.876,,,,,
5/11/2016 2:00,15.0294,77.05,,,,,
5/11/2016 2:15,15.0033,77.05,,,,,
5/11/2016 2:30,14.9838,77.05,,,,,
5/11/2016 2:45,14.9664,77.05,,,,,
5/11/2016 3:00,14.9621,77.05,,,,,
5/11/2016 3:15,14.9734,77.225,,,,,
5/11/2016 3:30,14.9973,77.225,,,,,
5/11/2016 3:45,14.9886,77.225,,,,,
5/11/2016 4:00,14.9734,77.225,,,,,
5/11/2016 4:15,14.9604,77.225,,,,,
5/11/2016 4:30,14.9647,77.225,,,,,
5/11/2016 4:45,14.956,77.225,,,,,
5/11/2016 5:00,14.9496,77.225,,,,,
5/11/2016 5:15,14.9496,77.225,,,,,
5/11/2016 5:30,14.9474,77.225,,,,,
5/11/2016 5:45,14.9409,77.225,,,,,
5/11/2016 6:00,14.9453,77.225,,,,,
5/11/2016 6:15,14.9582,77.225,,,,,
5/11/2016 6:30,14.9496,77.225,,,,,
5/11/2016 6:45,14.9474,77.225,,,,,
5/11/2016 7:00,14.9431,77.225,,,,,
5/11/2016 7:15,14.9474,77.225,,,,,
5/11/2016 7:30,14.9496,77.225,,,,,
5/11/2016 7:45,14.9518,77.225,,,,,
5/11/2016 8:00,14.9474,77.225,,,,,
5/11/2016 8:15,14.9453,77.225,,,,,
5/11/2016 8:30,14.9469,77.05,,,,,
5/11/2016 8:45,14.9512,77.05,,,,,
5/11/2016 9:00,14.9447,77.05,,,,,
5/11/2016 9:15,14.9405,77.05,,,,,
5/11/2016 9:30,14.934,77.05,,,,,
5/11/2016 9:45,14.9274,77.05,,,,,
5/11/2016 10:00,14.934,77.05,,,,,
5/11/2016 10:15,14.934,77.05,,,,,
5/11/2016 10:30,14.9361,77.05,,,,,
5/11/2016 10:45,14.9248,76.876,,,,,
5/11/2016 11:00,14.9161,76.876,,,,,
5/11/2016 11:15,14.9161,76.876,,,,,
5/11/2016 11:30,14.9161,76.876,,,,,
5/11/2016 11:45,14.9139,76.876,,,,,
5/11/2016 12:00,14.9161,76.876,,,,,
5/11/2016 12:15,14.9118,76.876,,,,,
5/11/2016 12:30,14.9139,76.876,,,,,
5/11/2016 12:45,14.9135,76.703,,,,,
5/11/2016 13:00,14.9135,76.703,,,,,
5/11/2016 13:15,14.9113,76.703,,,,,
5/11/2016 13:30,14.9092,76.703,,,,,
5/11/2016 13:45,14.9092,76.703,,,,,
5/11/2016 14:00,14.9092,76.703,,,,,
5/11/2016 14:15,14.907,76.703,,,,,
5/11/2016 14:30,14.9135,76.703,,,,,
5/11/2016 14:45,14.9135,76.703,,,,,
5/11/2016 15:00,14.9195,76.528,,,,,
5/11/2016 15:15,14.9151,76.528,,,,,
5/11/2016 15:30,14.9113,76.703,,,,,
5/11/2016 15:45,14.9048,76.703,,,,,
5/11/2016 16:00,14.9005,76.703,,,,,
5/11/2016 16:15,14.9026,76.703,,,,,
5/11/2016 16:30,14.9026,76.703,,,,,
5/11/2016 16:45,14.8961,76.703,,,,,
5/11/2016 17:00,14.8939,76.703,,,,,
5/11/2016 17:15,14.8939,76.703,,,,,
5/11/2016 17:30,14.8987,76.876,,,,,
5/11/2016 17:45,14.8987,76.876,,,,,
5/11/2016 18:00,14.8987,76.876,,,,,
5/11/2016 18:15,14.8944,76.876,,,,,
5/11/2016 18:30,14.8987,76.876,,,,,
5/11/2016 18:45,14.9031,76.876,,,,,
5/11/2016 19:00,14.9009,76.876,,,,,
5/11/2016 19:15,14.9074,76.876,,,,,
5/11/2016 19:30,14.9074,76.876,,,,,
5/11/2016 19:45,14.9074,76.876,,,,,
5/11/2016 20:00,14.9096,76.876,,,,,
5/11/2016 20:15,14.9074,76.876,,,,,
5/11/2016 20:30,14.9052,76.876,,,,,
5/11/2016 20:45,14.9096,76.876,,,,,
5/11/2016 21:00,14.91,77.05,,,,,
5/11/2016 21:15,14.91,77.05,,,,,
5/11/2016 21:30,14.9122,77.05,,,,,
5/11/2016 21:45,14.91,77.05,,,,,
5/11/2016 22:00,14.9078,77.05,,,,,
5/11/2016 22:15,14.9122,77.05,,,,,
5/11/2016 22:30,14.91,77.05,,,,,
5/11/2016 22:45,14.9013,77.05,,,,,
5/11/2016 23:00,14.8991,77.05,,,,,
5/11/2016 23:15,14.8948,77.05,,,,,
5/11/2016 23:30,14.8926,77.05,,,,,
5/11/2016 23:45,14.8926,77.05,,,,,
5/12/2016 0:00,14.8926,77.05,,,,,
5/12/2016 0:15,14.8948,77.05,,,,,
5/12/2016 0:30,14.8904,77.05,,,,,
5/12/2016 0:45,14.8904,77.05,,,,,
5/12/2016 1:00,14.8862,77.05,,,,,
5/12/2016 1:15,14.8841,77.05,,,,,
5/12/2016 1:30,14.8797,77.05,,,,,
5/12/2016 1:45,14.8754,77.05,,,,,
5/12/2016 2:00,14.8706,76.876,,,,,
5/12/2016 2:15,14.8706,76.876,,,,,
5/12/2016 2:30,14.8684,76.876,,,,,
5/12/2016 2:45,14.8684,76.876,,,,,
5/12/2016 3:00,14.8662,76.876,,,,,
5/12/2016 3:15,14.8597,76.876,,,,,
5/12/2016 3:30,14.8553,76.876,,,,,
5/12/2016 3:45,14.8575,76.876,,,,,
5/12/2016 4:00,14.8575,76.876,,,,,
5/12/2016 4:15,14.8597,76.876,,,,,
5/12/2016 4:30,14.8597,76.876,,,,,
5/12/2016 4:45,14.8619,76.876,,,,,
5/12/2016 5:00,14.8619,76.876,,,,,
5/12/2016 5:15,14.8636,76.703,,,,,
5/12/2016 5:30,14.8658,76.703,,,,,
5/12/2016 5:45,14.8678,76.703,,,,,
5/12/2016 6:00,14.8678,76.703,,,,,
5/12/2016 6:15,14.8722,76.703,,,,,
5/12/2016 6:30,14.8743,76.703,,,,,
5/12/2016 6:45,14.8765,76.703,,,,,
5/12/2016 7:00,14.8743,76.703,,,,,
5/12/2016 7:15,14.8722,76.703,,,,,
5/12/2016 7:30,14.8765,76.703,,,,,
5/12/2016 7:45,14.8765,76.703,,,,,
5/12/2016 8:00,14.8765,76.703,,,,,
5/12/2016 8:15,14.8743,76.703,,,,,
5/12/2016 8:30,14.8743,76.703,,,,,
5/12/2016 8:45,14.8765,76.703,,,,,
5/12/2016 9:00,14.8743,76.703,,,,,
5/12/2016 9:15,14.8765,76.703,,,,,
5/12/2016 9:30,14.8743,76.703,,,,,
5/12/2016 9:45,14.8722,76.703,,,,,
5/12/2016 10:00,14.87,76.703,,,,,
5/12/2016 10:15,14.8678,76.703,,,,,
5/12/2016 10:30,14.8684,76.876,,,,,
5/12/2016 10:45,14.8662,76.876,,,,,
5/12/2016 11:00,14.864,76.876,,,,,
5/12/2016 11:15,14.8636,76.703,,,,,
5/12/2016 11:30,14.8636,76.703,,,,,
5/12/2016 11:45,14.8658,76.703,,,,,
5/12/2016 12:00,14.8614,76.703,,,,,
5/12/2016 12:15,14.8593,76.703,,,,,
5/12/2016 12:30,14.8597,76.876,,,,,
5/12/2016 12:45,14.8549,76.703,,,,,
5/12/2016 13:00,14.851,76.876,,,,,
5/12/2016 13:15,14.8493,77.05,,,,,
5/12/2016 13:30,14.8445,76.876,,,,,
5/12/2016 13:45,14.8423,76.876,,,,,
5/12/2016 14:00,14.8423,76.876,,,,,
5/12/2016 14:15,14.8423,76.876,,,,,
5/12/2016 14:30,14.8401,76.876,,,,,
5/12/2016 14:45,14.8358,76.876,,,,,
5/12/2016 15:00,14.8358,76.876,,,,,
5/12/2016 15:15,14.8401,76.876,,,,,
5/12/2016 15:30,14.8358,76.876,,,,,
5/12/2016 15:45,14.8353,76.703,,,,,
5/12/2016 16:00,14.8353,76.703,,,,,
5/12/2016 16:15,14.8353,76.703,,,,,
5/12/2016 16:30,14.8375,76.703,,,,,
5/12/2016 16:45,14.8397,76.703,,,,,
5/12/2016 17:00,14.8397,76.703,,,,,
5/12/2016 17:15,14.844,76.703,,,,,
5/12/2016 17:30,14.8436,76.528,,,,,
5/12/2016 17:45,14.8458,76.528,,,,,
5/12/2016 18:00,14.8475,76.354,,,,,
5/12/2016 18:15,14.8453,76.354,,,,,
5/12/2016 18:30,14.8475,76.354,,,,,
5/12/2016 18:45,14.8491,76.181,,,,,
5/12/2016 19:00,14.8513,76.181,,,,,
5/12/2016 19:15,14.8556,76.181,,,,,
5/12/2016 19:30,14.8578,76.181,,,,,
5/12/2016 19:45,14.8596,76.006,,,,,
5/12/2016 20:00,14.8596,76.006,,,,,
5/12/2016 20:15,14.8596,76.006,,,,,
5/12/2016 20:30,14.8617,76.006,,,,,
5/12/2016 20:45,14.8639,76.006,,,,,
5/12/2016 21:00,14.8639,76.006,,,,,
5/12/2016 21:15,14.8639,76.006,,,,,
5/12/2016 21:30,14.8617,76.006,,,,,
5/12/2016 21:45,14.8639,76.006,,,,,
5/12/2016 22:00,14.8596,76.006,,,,,
5/12/2016 22:15,14.8574,76.006,,,,,
5/12/2016 22:30,14.8574,76.006,,,,,
5/12/2016 22:45,14.8596,76.006,,,,,
5/12/2016 23:00,14.8574,76.006,,,,,
5/12/2016 23:15,14.8552,76.006,,,,,
5/12/2016 23:30,14.853,76.006,,,,,
5/12/2016 23:45,14.853,76.006,,,,,
5/13/2016 0:00,14.8482,75.832,,,,,
5/13/2016 0:15,14.8482,75.832,,,,,
5/13/2016 0:30,14.8439,75.832,,,,,
5/13/2016 0:45,14.8395,75.832,,,,,
5/13/2016 1:00,14.8347,75.659,,,,,
5/13/2016 1:15,14.8326,75.659,,,,,
5/13/2016 1:30,14.8326,75.659,,,,,
5/13/2016 1:45,14.8326,75.659,,,,,
5/13/2016 2:00,14.8282,75.659,,,,,
5/13/2016 2:15,14.8278,75.484,,,,,
5/13/2016 2:30,14.8256,75.484,,,,,
5/13/2016 2:45,14.8278,75.484,,,,,
5/13/2016 3:00,14.8278,75.484,,,,,
5/13/2016 3:15,14.8278,75.484,,,,,
5/13/2016 3:30,14.8256,75.484,,,,,
5/13/2016 3:45,14.8256,75.484,,,,,
5/13/2016 4:00,14.8256,75.484,,,,,
5/13/2016 4:15,14.823,75.312,,,,,
5/13/2016 4:30,14.8252,75.312,,,,,
5/13/2016 4:45,14.823,75.312,,,,,
5/13/2016 5:00,14.8252,75.312,,,,,
5/13/2016 5:15,14.823,75.312,,,,,
5/13/2016 5:30,14.8252,75.312,,,,,
5/13/2016 5:45,14.8274,75.312,,,,,
5/13/2016 6:00,14.8295,75.312,,,,,
5/13/2016 6:15,14.8317,75.312,,,,,
5/13/2016 6:30,14.8317,75.312,,,,,
5/13/2016 6:45,14.8361,75.312,,,,,
5/13/2016 7:00,14.8361,75.312,,,,,
5/13/2016 7:15,14.8404,75.312,,,,,
5/13/2016 7:30,14.8426,75.312,,,,,
5/13/2016 7:45,14.8426,75.312,,,,,
5/13/2016 8:00,14.8469,75.312,,,,,
5/13/2016 8:15,14.8452,75.484,,,,,
5/13/2016 8:30,14.8452,75.484,,,,,
5/13/2016 8:45,14.8474,75.484,,,,,
5/13/2016 9:00,14.85,75.659,,,,,
5/13/2016 9:15,14.8482,75.832,,,,,
5/13/2016 9:30,14.8508,76.006,,,,,
5/13/2016 9:45,14.853,76.006,,,,,
5/13/2016 10:00,14.8513,76.181,,,,,
5/13/2016 10:15,14.8475,76.354,,,,,
5/13/2016 10:30,14.8458,76.528,,,,,
5/13/2016 10:45,14.8458,76.528,,,,,
5/13/2016 11:00,14.8445,76.876,,,,,
5/13/2016 11:15,14.8397,76.703,,,,,
5/13/2016 11:30,14.8336,76.876,,,,,
5/13/2016 11:45,14.8346,77.225,,,,,
5/13/2016 12:00,14.8307,77.4,,,,,
5/13/2016 12:15,14.8311,77.574,,,,,
5/13/2016 12:30,14.8274,77.749,,,,,
5/13/2016 12:45,14.8252,77.749,,,,,
5/13/2016 13:00,14.8213,77.923,,,,,
5/13/2016 13:15,14.8213,77.923,,,,,
5/13/2016 13:30,14.8169,77.923,,,,,
5/13/2016 13:45,14.8143,77.749,,,,,
5/13/2016 14:00,14.8108,78.098,,,,,
5/13/2016 14:15,14.8108,78.098,,,,,
5/13/2016 14:30,14.8108,78.098,,,,,
5/13/2016 14:45,14.8082,77.923,,,,,
5/13/2016 15:00,14.8039,77.923,,,,,
5/13/2016 15:15,14.8017,77.923,,,,,
5/13/2016 15:30,14.8017,77.923,,,,,
5/13/2016 15:45,14.7995,77.923,,,,,
5/13/2016 16:00,14.8017,77.923,,,,,
5/13/2016 16:15,14.8012,77.749,,,,,
5/13/2016 16:30,14.8056,77.749,,,,,
5/13/2016 16:45,14.8056,77.749,,,,,
5/13/2016 17:00,14.8052,77.574,,,,,
5/13/2016 17:15,14.8052,77.574,,,,,
5/13/2016 17:30,14.8052,77.574,,,,,
5/13/2016 17:45,14.8073,77.574,,,,,
5/13/2016 18:00,14.8117,77.574,,,,,
5/13/2016 18:15,14.8139,77.574,,,,,
5/13/2016 18:30,14.8181,77.574,,,,,
5/13/2016 18:45,14.8181,77.574,,,,,
5/13/2016 19:00,14.8198,77.4,,,,,
5/13/2016 19:15,14.8242,77.4,,,,,
5/13/2016 19:30,14.8263,77.4,,,,,
5/13/2016 19:45,14.8285,77.4,,,,,
5/13/2016 20:00,14.8329,77.4,,,,,
5/13/2016 20:15,14.835,77.4,,,,,
5/13/2016 20:30,14.8372,77.4,,,,,
5/13/2016 20:45,14.8372,77.4,,,,,
5/13/2016 21:00,14.8416,77.4,,,,,
5/13/2016 21:15,14.8416,77.4,,,,,
5/13/2016 21:30,14.8433,77.225,,,,,
5/13/2016 21:45,14.8475,77.225,,,,,
5/13/2016 22:00,14.8519,77.225,,,,,
5/13/2016 22:15,14.854,77.225,,,,,
5/13/2016 22:30,14.8475,77.225,,,,,
5/13/2016 22:45,14.8455,77.225,,,,,
5/13/2016 23:00,14.8411,77.225,,,,,
5/13/2016 23:15,14.8411,77.225,,,,,
5/13/2016 23:30,14.8411,77.225,,,,,
5/13/2016 23:45,14.8368,77.225,,,,,
5/14/2016 0:00,14.8346,77.225,,,,,
5/14/2016 0:15,14.8368,77.225,,,,,
5/14/2016 0:30,14.8303,77.225,,,,,
5/14/2016 0:45,14.8298,77.05,,,,,
5/14/2016 1:00,14.8276,77.05,,,,,
5/14/2016 1:15,14.8211,77.05,,,,,
5/14/2016 1:30,14.8168,77.05,,,,,
5/14/2016 1:45,14.8146,77.05,,,,,
5/14/2016 2:00,14.8146,77.05,,,,,
5/14/2016 2:15,14.8124,77.05,,,,,
5/14/2016 2:30,14.8102,77.05,,,,,
5/14/2016 2:45,14.8102,77.05,,,,,
5/14/2016 3:00,14.8102,77.05,,,,,
5/14/2016 3:15,14.8081,77.05,,,,,
5/14/2016 3:30,14.8081,77.05,,,,,
5/14/2016 3:45,14.8081,77.05,,,,,
5/14/2016 4:00,14.8037,77.05,,,,,
5/14/2016 4:15,14.8037,77.05,,,,,
5/14/2016 4:30,14.8059,77.05,,,,,
5/14/2016 4:45,14.8059,77.05,,,,,
5/14/2016 5:00,14.8037,77.05,,,,,
5/14/2016 5:15,14.8037,77.05,,,,,
5/14/2016 5:30,14.8037,77.05,,,,,
5/14/2016 5:45,14.8059,77.05,,,,,
5/14/2016 6:00,14.8081,77.05,,,,,
5/14/2016 6:15,14.8102,77.05,,,,,
5/14/2016 6:30,14.8124,77.05,,,,,
5/14/2016 6:45,14.8146,77.05,,,,,
5/14/2016 7:00,14.8189,77.05,,,,,
5/14/2016 7:15,14.8211,77.05,,,,,
5/14/2016 7:30,14.8255,77.05,,,,,
5/14/2016 7:45,14.8276,77.05,,,,,
5/14/2016 8:00,14.8276,77.05,,,,,
5/14/2016 8:15,14.8281,77.225,,,,,
5/14/2016 8:30,14.8303,77.225,,,,,
5/14/2016 8:45,14.8303,77.225,,,,,
5/14/2016 9:00,14.8324,77.225,,,,,
5/14/2016 9:15,14.8329,77.4,,,,,
5/14/2016 9:30,14.835,77.4,,,,,
5/14/2016 9:45,14.8355,77.574,,,,,
5/14/2016 10:00,14.8289,77.574,,,,,
5/14/2016 10:15,14.8337,77.749,,,,,
5/14/2016 10:30,14.8274,77.749,,,,,
5/14/2016 10:45,14.826,78.098,,,,,
5/14/2016 11:00,14.8239,78.098,,,,,
5/14/2016 11:15,14.8221,78.274,,,,,
5/14/2016 11:30,14.82,78.274,,,,,
5/14/2016 11:45,14.8221,78.274,,,,,
5/14/2016 12:00,14.8178,78.274,,,,,
5/14/2016 12:15,14.8184,78.449,,,,,
5/14/2016 12:30,14.8166,78.624,,,,,
5/14/2016 12:45,14.8118,78.449,,,,,
5/14/2016 13:00,14.8101,78.624,,,,,
5/14/2016 13:15,14.8105,78.8,,,,,
5/14/2016 13:30,14.8068,78.975,,,,,
5/14/2016 13:45,14.8028,79.151,,,,,
5/14/2016 14:00,14.7989,79.326,,,,,
5/14/2016 14:15,14.7946,79.326,,,,,
5/14/2016 14:30,14.7924,79.326,,,,,
5/14/2016 14:45,14.792,79.151,,,,,
5/14/2016 15:00,14.7898,79.151,,,,,
5/14/2016 15:15,14.7894,78.975,,,,,
5/14/2016 15:30,14.7867,78.8,,,,,
5/14/2016 15:45,14.7846,78.8,,,,,
5/14/2016 16:00,14.7883,78.624,,,,,
5/14/2016 16:15,14.7901,78.449,,,,,
5/14/2016 16:30,14.7896,78.274,,,,,
5/14/2016 16:45,14.794,78.274,,,,,
5/14/2016 17:00,14.7936,78.098,,,,,
5/14/2016 17:15,14.7979,78.098,,,,,
5/14/2016 17:30,14.7979,78.098,,,,,
5/14/2016 17:45,14.8017,77.923,,,,,
5/14/2016 18:00,14.8017,77.923,,,,,
5/14/2016 18:15,14.8082,77.923,,,,,
5/14/2016 18:30,14.806,77.923,,,,,
5/14/2016 18:45,14.8099,77.749,,,,,
5/14/2016 19:00,14.8165,77.749,,,,,
5/14/2016 19:15,14.8187,77.749,,,,,
5/14/2016 19:30,14.8187,77.749,,,,,
5/14/2016 19:45,14.8202,77.574,,,,,
5/14/2016 20:00,14.8224,77.574,,,,,
5/14/2016 20:15,14.8268,77.574,,,,,
5/14/2016 20:30,14.8285,77.4,,,,,
5/14/2016 20:45,14.8263,77.4,,,,,
5/14/2016 21:00,14.8263,77.4,,,,,
5/14/2016 21:15,14.8237,77.225,,,,,
5/14/2016 21:30,14.8259,77.225,,,,,
5/14/2016 21:45,14.8237,77.225,,,,,
5/14/2016 22:00,14.8237,77.225,,,,,
5/14/2016 22:15,14.8281,77.225,,,,,
5/14/2016 22:30,14.8276,77.05,,,,,
5/14/2016 22:45,14.8298,77.05,,,,,
5/14/2016 23:00,14.832,77.05,,,,,
5/14/2016 23:15,14.8298,77.05,,,,,
5/14/2016 23:30,14.8276,77.05,,,,,
5/14/2016 23:45,14.8255,77.05,,,,,
5/15/2016 0:00,14.8233,77.05,,,,,
5/15/2016 0:15,14.8211,77.05,,,,,
5/15/2016 0:30,14.8189,77.05,,,,,
5/15/2016 0:45,14.8185,76.876,,,,,
5/15/2016 1:00,14.8163,76.876,,,,,
5/15/2016 1:15,14.812,76.876,,,,,
5/15/2016 1:30,14.8142,76.876,,,,,
5/15/2016 1:45,14.8098,76.876,,,,,
5/15/2016 2:00,14.8055,76.876,,,,,
5/15/2016 2:15,14.8098,76.876,,,,,
5/15/2016 2:30,14.8033,76.876,,,,,
5/15/2016 2:45,14.8076,76.876,,,,,
5/15/2016 3:00,14.8033,76.876,,,,,
5/15/2016 3:15,14.8055,76.876,,,,,
5/15/2016 3:30,14.8076,76.876,,,,,
5/15/2016 3:45,14.8055,76.876,,,,,
5/15/2016 4:00,14.8055,76.876,,,,,
5/15/2016 4:15,14.8055,76.876,,,,,
5/15/2016 4:30,14.8055,76.876,,,,,
5/15/2016 4:45,14.8033,76.876,,,,,
5/15/2016 5:00,14.8033,76.876,,,,,
5/15/2016 5:15,14.8033,76.876,,,,,
5/15/2016 5:30,14.8055,76.876,,,,,
5/15/2016 5:45,14.812,76.876,,,,,
5/15/2016 6:00,14.812,76.876,,,,,
5/15/2016 6:15,14.8163,76.876,,,,,
5/15/2016 6:30,14.8185,76.876,,,,,
5/15/2016 6:45,14.8207,76.876,,,,,
5/15/2016 7:00,14.8229,76.876,,,,,
5/15/2016 7:15,14.8276,77.05,,,,,
5/15/2016 7:30,14.8298,77.05,,,,,
5/15/2016 7:45,14.832,77.05,,,,,
5/15/2016 8:00,14.8363,77.05,,,,,
5/15/2016 8:15,14.839,77.225,,,,,
5/15/2016 8:30,14.8411,77.225,,,,,
5/15/2016 8:45,14.8459,77.4,,,,,
5/15/2016 9:00,14.8464,77.574,,,,,
5/15/2016 9:15,14.8485,77.574,,,,,
5/15/2016 9:30,14.8464,77.574,,,,,
5/15/2016 9:45,14.8464,77.574,,,,,
5/15/2016 10:00,14.8464,77.574,,,,,
5/15/2016 10:15,14.8446,77.749,,,,,
5/15/2016 10:30,14.845,77.923,,,,,
5/15/2016 10:45,14.8429,77.923,,,,,
5/15/2016 11:00,14.8387,77.923,,,,,
5/15/2016 11:15,14.8407,77.923,,,,,
5/15/2016 11:30,14.8387,77.923,,,,,
5/15/2016 11:45,14.8369,78.098,,,,,
5/15/2016 12:00,14.8343,77.923,,,,,
5/15/2016 12:15,14.8321,77.923,,,,,
5/15/2016 12:30,14.8304,78.098,,,,,
5/15/2016 12:45,14.8304,78.098,,,,,
5/15/2016 13:00,14.8369,78.098,,,,,
5/15/2016 13:15,14.8478,78.098,,,,,
5/15/2016 13:30,14.8651,78.098,,,,,
5/15/2016 13:45,14.8548,78.274,,,,,
5/15/2016 14:00,14.8443,78.449,,,,,
5/15/2016 14:15,14.8356,78.449,,,,,
5/15/2016 14:30,14.8291,78.449,,,,,
5/15/2016 14:45,14.8226,78.449,,,,,
5/15/2016 15:00,14.8184,78.449,,,,,
5/15/2016 15:15,14.8162,78.449,,,,,
5/15/2016 15:30,14.8079,78.624,,,,,
5/15/2016 15:45,14.8036,78.624,,,,,
5/15/2016 16:00,14.8031,78.449,,,,,
5/15/2016 16:15,14.8031,78.449,,,,,
5/15/2016 16:30,14.7992,78.624,,,,,
5/15/2016 16:45,14.797,78.624,,,,,
5/15/2016 17:00,14.7949,78.624,,,,,
5/15/2016 17:15,14.7988,78.449,,,,,
5/15/2016 17:30,14.801,78.449,,,,,
5/15/2016 17:45,14.8031,78.449,,,,,
5/15/2016 18:00,14.8005,78.274,,,,,
5/15/2016 18:15,14.8005,78.274,,,,,
5/15/2016 18:30,14.8005,78.274,,,,,
5/15/2016 18:45,14.8027,78.274,,,,,
5/15/2016 19:00,14.8049,78.274,,,,,
5/15/2016 19:15,14.807,78.274,,,,,
5/15/2016 19:30,14.8086,78.098,,,,,
5/15/2016 19:45,14.813,78.098,,,,,
5/15/2016 20:00,14.813,78.098,,,,,
5/15/2016 20:15,14.8152,78.098,,,,,
5/15/2016 20:30,14.8152,78.098,,,,,
5/15/2016 20:45,14.8173,78.098,,,,,
5/15/2016 21:00,14.8195,78.098,,,,,
5/15/2016 21:15,14.8173,78.098,,,,,
5/15/2016 21:30,14.8173,78.098,,,,,
5/15/2016 21:45,14.8195,78.098,,,,,
5/15/2016 22:00,14.8195,78.098,,,,,
5/15/2016 22:15,14.8173,78.098,,,,,
5/15/2016 22:30,14.8152,78.098,,,,,
5/15/2016 22:45,14.8173,78.098,,,,,
5/15/2016 23:00,14.8173,78.098,,,,,
5/15/2016 23:15,14.8152,78.098,,,,,
5/15/2016 23:30,14.813,78.098,,,,,
5/15/2016 23:45,14.813,78.098,,,,,
5/16/2016 0:00,14.813,78.098,,,,,
5/16/2016 0:15,14.8152,78.098,,,,,
5/16/2016 0:30,14.8147,77.923,,,,,
5/16/2016 0:45,14.8126,77.923,,,,,
5/16/2016 1:00,14.8082,77.923,,,,,
5/16/2016 1:15,14.8082,77.923,,,,,
5/16/2016 1:30,14.8039,77.923,,,,,
5/16/2016 1:45,14.8039,77.923,,,,,
5/16/2016 2:00,14.8017,77.923,,,,,
5/16/2016 2:15,14.8017,77.923,,,,,
5/16/2016 2:30,14.7991,77.749,,,,,
5/16/2016 2:45,14.7969,77.749,,,,,
5/16/2016 3:00,14.7991,77.749,,,,,
5/16/2016 3:15,14.7904,77.749,,,,,
5/16/2016 3:30,14.7856,77.574,,,,,
5/16/2016 3:45,14.7878,77.574,,,,,
5/16/2016 4:00,14.7834,77.574,,,,,
5/16/2016 4:15,14.7834,77.574,,,,,
5/16/2016 4:30,14.7878,77.574,,,,,
5/16/2016 4:45,14.7878,77.574,,,,,
5/16/2016 5:00,14.7873,77.4,,,,,
5/16/2016 5:15,14.7851,77.4,,,,,
5/16/2016 5:30,14.7873,77.4,,,,,
5/16/2016 5:45,14.7895,77.4,,,,,
5/16/2016 6:00,14.796,77.4,,,,,
5/16/2016 6:15,14.796,77.4,,,,,
5/16/2016 6:30,14.7998,77.225,,,,,
5/16/2016 6:45,14.8041,77.225,,,,,
5/16/2016 7:00,14.8089,77.4,,,,,
5/16/2016 7:15,14.8128,77.225,,,,,
5/16/2016 7:30,14.815,77.225,,,,,
5/16/2016 7:45,14.8194,77.225,,,,,
5/16/2016 8:00,14.8176,77.4,,,,,
5/16/2016 8:15,14.8198,77.4,,,,,
5/16/2016 8:30,14.8176,77.4,,,,,
5/16/2016 8:45,14.822,77.4,,,,,
5/16/2016 9:00,14.8224,77.574,,,,,
5/16/2016 9:15,14.8246,77.574,,,,,
5/16/2016 9:30,14.8252,77.749,,,,,
5/16/2016 9:45,14.823,77.749,,,,,
5/16/2016 10:00,14.8234,77.923,,,,,
5/16/2016 10:15,14.8234,77.923,,,,,
5/16/2016 10:30,14.8195,78.098,,,,,
5/16/2016 10:45,14.8166,78.624,,,,,
5/16/2016 11:00,14.8144,78.624,,,,,
5/16/2016 11:15,14.8105,78.8,,,,,
5/16/2016 11:30,14.8068,78.975,,,,,
5/16/2016 11:45,14.8046,78.975,,,,,
5/16/2016 12:00,14.7968,79.326,,,,,
5/16/2016 12:15,14.7978,79.678,,,,,
5/16/2016 12:30,14.7978,79.678,,,,,
5/16/2016 12:45,14.793,79.502,,,,,
5/16/2016 13:00,14.7908,79.502,,,,,
5/16/2016 13:15,14.7873,79.853,,,,,
5/16/2016 13:30,14.7869,79.678,,,,,
5/16/2016 13:45,14.7837,79.326,,,,,
5/16/2016 14:00,14.7815,79.326,,,,,
5/16/2016 14:15,14.7773,79.326,,,,,
5/16/2016 14:30,14.7778,79.502,,,,,
5/16/2016 14:45,14.7712,79.502,,,,,
5/16/2016 15:00,14.7717,79.678,,,,,
5/16/2016 15:15,14.7708,79.326,,,,,
5/16/2016 15:30,14.7686,79.326,,,,,
5/16/2016 15:45,14.7702,79.151,,,,,
5/16/2016 16:00,14.7724,79.151,,,,,
5/16/2016 16:15,14.7746,79.151,,,,,
5/16/2016 16:30,14.7767,79.151,,,,,
5/16/2016 16:45,14.7741,78.975,,,,,
5/16/2016 17:00,14.7785,78.975,,,,,
5/16/2016 17:15,14.778,78.8,,,,,
5/16/2016 17:30,14.7802,78.8,,,,,
5/16/2016 17:45,14.782,78.624,,,,,
5/16/2016 18:00,14.784,78.624,,,,,
5/16/2016 18:15,14.784,78.624,,,,,
5/16/2016 18:30,14.7836,78.449,,,,,
5/16/2016 18:45,14.7901,78.449,,,,,
5/16/2016 19:00,14.7901,78.449,,,,,
5/16/2016 19:15,14.7918,78.274,,,,,
5/16/2016 19:30,14.7962,78.274,,,,,
5/16/2016 19:45,14.7962,78.274,,,,,
5/16/2016 20:00,14.8001,78.098,,,,,
5/16/2016 20:15,14.8043,78.098,,,,,
5/16/2016 20:30,14.8065,78.098,,,,,
5/16/2016 20:45,14.8082,77.923,,,,,
5/16/2016 21:00,14.806,77.923,,,,,
5/16/2016 21:15,14.8099,77.749,,,,,
5/16/2016 21:30,14.8099,77.749,,,,,
5/16/2016 21:45,14.8078,77.749,,,,,
5/16/2016 22:00,14.8095,77.574,,,,,
5/16/2016 22:15,14.8073,77.574,,,,,
5/16/2016 22:30,14.8095,77.574,,,,,
5/16/2016 22:45,14.8095,77.574,,,,,
5/16/2016 23:00,14.8026,77.4,,,,,
5/16/2016 23:15,14.8026,77.4,,,,,
5/16/2016 23:30,14.8026,77.4,,,,,
5/16/2016 23:45,14.8004,77.4,,,,,
5/17/2016 0:00,14.7982,77.4,,,,,
5/17/2016 0:15,14.7956,77.225,,,,,
5/17/2016 0:30,14.7934,77.225,,,,,
5/17/2016 0:45,14.7934,77.225,,,,,
5/17/2016 1:00,14.7912,77.225,,,,,
5/17/2016 1:15,14.7886,77.05,,,,,
5/17/2016 1:30,14.7886,77.05,,,,,
5/17/2016 1:45,14.7865,77.05,,,,,
5/17/2016 2:00,14.7843,77.05,,,,,
5/17/2016 2:15,14.7843,77.05,,,,,
5/17/2016 2:30,14.7773,76.876,,,,,
5/17/2016 2:45,14.7773,76.876,,,,,
5/17/2016 3:00,14.773,76.876,,,,,
5/17/2016 3:15,14.7708,76.876,,,,,
5/17/2016 3:30,14.7708,76.876,,,,,
5/17/2016 3:45,14.7682,76.703,,,,,
5/17/2016 4:00,14.7682,76.703,,,,,
5/17/2016 4:15,14.7704,76.703,,,,,
5/17/2016 4:30,14.7682,76.703,,,,,
5/17/2016 4:45,14.766,76.703,,,,,
5/17/2016 5:00,14.7704,76.703,,,,,
5/17/2016 5:15,14.7704,76.703,,,,,
5/17/2016 5:30,14.7746,76.703,,,,,
5/17/2016 5:45,14.7746,76.703,,,,,
5/17/2016 6:00,14.7789,76.703,,,,,
5/17/2016 6:15,14.7811,76.703,,,,,
5/17/2016 6:30,14.7833,76.703,,,,,
5/17/2016 6:45,14.7833,76.703,,,,,
5/17/2016 7:00,14.7833,76.703,,,,,
5/17/2016 7:15,14.7854,76.703,,,,,
5/17/2016 7:30,14.7837,76.876,,,,,
5/17/2016 7:45,14.7859,76.876,,,,,
5/17/2016 8:00,14.7859,76.876,,,,,
5/17/2016 8:15,14.7865,77.05,,,,,
5/17/2016 8:30,14.7886,77.05,,,,,
5/17/2016 8:45,14.7886,77.05,,,,,
5/17/2016 9:00,14.7912,77.225,,,,,
5/17/2016 9:15,14.7934,77.225,,,,,
5/17/2016 9:30,14.7938,77.4,,,,,
5/17/2016 9:45,14.796,77.4,,,,,
5/17/2016 10:00,14.7943,77.574,,,,,
5/17/2016 10:15,14.7899,77.574,,,,,
5/17/2016 10:30,14.7899,77.574,,,,,
5/17/2016 10:45,14.7904,77.749,,,,,
5/17/2016 11:00,14.7882,77.749,,,,,
5/17/2016 11:15,14.7866,77.923,,,,,
5/17/2016 11:30,14.7866,77.923,,,,,
5/17/2016 11:45,14.7849,78.098,,,,,
5/17/2016 12:00,14.7805,78.098,,,,,
5/17/2016 12:15,14.7766,78.274,,,,,
5/17/2016 12:30,14.7744,78.274,,,,,
5/17/2016 12:45,14.7727,78.449,,,,,
5/17/2016 13:00,14.7693,78.8,,,,,
5/17/2016 13:15,14.7628,78.8,,,,,
5/17/2016 13:30,14.7606,78.8,,,,,
5/17/2016 13:45,14.758,78.624,,,,,
5/17/2016 14:00,14.7576,78.449,,,,,
5/17/2016 14:15,14.7554,78.449,,,,,
5/17/2016 14:30,14.7532,78.449,,,,,
5/17/2016 14:45,14.7532,78.449,,,,,
5/17/2016 15:00,14.7485,78.274,,,,,
5/17/2016 15:15,14.7485,78.274,,,,,
5/17/2016 15:30,14.7463,78.274,,,,,
5/17/2016 15:45,14.7463,78.274,,,,,
5/17/2016 16:00,14.748,78.098,,,,,
5/17/2016 16:15,14.748,78.098,,,,,
5/17/2016 16:30,14.748,78.098,,,,,
5/17/2016 16:45,14.748,78.098,,,,,
5/17/2016 17:00,14.7474,77.923,,,,,
5/17/2016 17:15,14.7496,77.923,,,,,
5/17/2016 17:30,14.7518,77.923,,,,,
5/17/2016 17:45,14.7535,77.749,,,,,
5/17/2016 18:00,14.7557,77.749,,,,,
5/17/2016 18:15,14.7531,77.574,,,,,
5/17/2016 18:30,14.7553,77.574,,,,,
5/17/2016 18:45,14.7596,77.574,,,,,
5/17/2016 19:00,14.7612,77.4,,,,,
5/17/2016 19:15,14.7656,77.4,,,,,
5/17/2016 19:30,14.7677,77.4,,,,,
5/17/2016 19:45,14.7743,77.4,,,,,
5/17/2016 20:00,14.7743,77.4,,,,,
5/17/2016 20:15,14.7764,77.4,,,,,
5/17/2016 20:30,14.7804,77.225,,,,,
5/17/2016 20:45,14.7782,77.225,,,,,
5/17/2016 21:00,14.7804,77.225,,,,,
5/17/2016 21:15,14.7804,77.225,,,,,
5/17/2016 21:30,14.7825,77.225,,,,,
5/17/2016 21:45,14.7847,77.225,,,,,
5/17/2016 22:00,14.7869,77.225,,,,,
5/17/2016 22:15,14.7865,77.05,,,,,
5/17/2016 22:30,14.7843,77.05,,,,,
5/17/2016 22:45,14.7865,77.05,,,,,
5/17/2016 23:00,14.7843,77.05,,,,,
5/17/2016 23:15,14.7843,77.05,,,,,
5/17/2016 23:30,14.7821,77.05,,,,,
5/17/2016 23:45,14.7799,77.05,,,,,
5/18/2016 0:00,14.7799,77.05,,,,,
5/18/2016 0:15,14.7778,77.05,,,,,
5/18/2016 0:30,14.7821,77.05,,,,,
5/18/2016 0:45,14.7778,77.05,,,,,
5/18/2016 1:00,14.7778,77.05,,,,,
5/18/2016 1:15,14.7751,76.876,,,,,
5/18/2016 1:30,14.7708,76.876,,,,,
5/18/2016 1:45,14.7708,76.876,,,,,
5/18/2016 2:00,14.7643,76.876,,,,,
5/18/2016 2:15,14.7621,76.876,,,,,
5/18/2016 2:30,14.7621,76.876,,,,,
5/18/2016 2:45,14.7621,76.876,,,,,
5/18/2016 3:00,14.7595,76.703,,,,,
5/18/2016 3:15,14.7573,76.703,,,,,
5/18/2016 3:30,14.7573,76.703,,,,,
5/18/2016 3:45,14.7573,76.703,,,,,
5/18/2016 4:00,14.7573,76.703,,,,,
5/18/2016 4:15,14.7595,76.703,,,,,
5/18/2016 4:30,14.7595,76.703,,,,,
5/18/2016 4:45,14.7617,76.703,,,,,
5/18/2016 5:00,14.7638,76.703,,,,,
5/18/2016 5:15,14.7617,76.703,,,,,
5/18/2016 5:30,14.7638,76.703,,,,,
5/18/2016 5:45,14.766,76.703,,,,,
5/18/2016 6:00,14.7682,76.703,,,,,
5/18/2016 6:15,14.7725,76.703,,,,,
5/18/2016 6:30,14.7746,76.703,,,,,
5/18/2016 6:45,14.7767,76.703,,,,,
5/18/2016 7:00,14.7789,76.703,,,,,
5/18/2016 7:15,14.7876,76.703,,,,,
5/18/2016 7:30,14.792,76.703,,,,,
5/18/2016 7:45,14.7985,76.703,,,,,
5/18/2016 8:00,14.7985,76.703,,,,,
5/18/2016 8:15,14.8055,76.876,,,,,
5/18/2016 8:30,14.8076,76.876,,,,,
5/18/2016 8:45,14.8098,76.876,,,,,
5/18/2016 9:00,14.8098,76.876,,,,,
5/18/2016 9:15,14.8163,76.876,,,,,
5/18/2016 9:30,14.8142,76.876,,,,,
5/18/2016 9:45,14.8146,77.05,,,,,
5/18/2016 10:00,14.815,77.225,,,,,
5/18/2016 10:15,14.8117,77.574,,,,,
5/18/2016 10:30,14.8095,77.574,,,,,
5/18/2016 10:45,14.8052,77.574,,,,,
5/18/2016 11:00,14.803,77.574,,,,,
5/18/2016 11:15,14.8012,77.749,,,,,
5/18/2016 11:30,14.7991,77.749,,,,,
5/18/2016 11:45,14.793,77.923,,,,,
5/18/2016 12:00,14.7908,77.923,,,,,
5/18/2016 12:15,14.7888,77.923,,,,,
5/18/2016 12:30,14.7866,77.923,,,,,
5/18/2016 12:45,14.7788,78.274,,,,,
5/18/2016 13:00,14.7766,78.274,,,,,
5/18/2016 13:15,14.7744,78.274,,,,,
5/18/2016 13:30,14.7689,78.624,,,,,
5/18/2016 13:45,14.7646,78.624,,,,,
5/18/2016 14:00,14.7624,78.624,,,,,
5/18/2016 14:15,14.7606,78.8,,,,,
5/18/2016 14:30,14.7585,78.8,,,,,
5/18/2016 14:45,14.7563,78.8,,,,,
5/18/2016 15:00,14.7541,78.8,,,,,
5/18/2016 15:15,14.7519,78.8,,,,,
5/18/2016 15:30,14.7532,78.449,,,,,
5/18/2016 15:45,14.7467,78.449,,,,,
5/18/2016 16:00,14.7485,78.274,,,,,
5/18/2016 16:15,14.7458,78.098,,,,,
5/18/2016 16:30,14.7474,77.923,,,,,
5/18/2016 16:45,14.7453,77.923,,,,,
5/18/2016 17:00,14.7492,77.749,,,,,
5/18/2016 17:15,14.7531,77.574,,,,,
5/18/2016 17:30,14.7531,77.574,,,,,
5/18/2016 17:45,14.7592,77.4,,,,,
5/18/2016 18:00,14.7612,77.4,,,,,
5/18/2016 18:15,14.7634,77.4,,,,,
5/18/2016 18:30,14.7651,77.225,,,,,
5/18/2016 18:45,14.7717,77.225,,,,,
5/18/2016 19:00,14.7738,77.225,,,,,
5/18/2016 19:15,14.7756,77.05,,,,,
5/18/2016 19:30,14.7778,77.05,,,,,
5/18/2016 19:45,14.7778,77.05,,,,,
5/18/2016 20:00,14.7821,77.05,,,,,
5/18/2016 20:15,14.7843,77.05,,,,,
5/18/2016 20:30,14.7886,77.05,,,,,
5/18/2016 20:45,14.7902,76.876,,,,,
5/18/2016 21:00,14.7902,76.876,,,,,
5/18/2016 21:15,14.7968,76.876,,,,,
5/18/2016 21:30,14.7946,76.876,,,,,
5/18/2016 21:45,14.7968,76.876,,,,,
5/18/2016 22:00,14.7989,76.876,,,,,
5/18/2016 22:15,14.7989,76.876,,,,,
5/18/2016 22:30,14.7941,76.703,,,,,
5/18/2016 22:45,14.792,76.703,,,,,
5/18/2016 23:00,14.7963,76.703,,,,,
5/18/2016 23:15,14.7941,76.703,,,,,
5/18/2016 23:30,14.792,76.703,,,,,
5/18/2016 23:45,14.7898,76.703,,,,,
5/19/2016 0:00,14.7898,76.703,,,,,
5/19/2016 0:15,14.792,76.703,,,,,
5/19/2016 0:30,14.7894,76.528,,,,,
5/19/2016 0:45,14.785,76.528,,,,,
5/19/2016 1:00,14.7828,76.528,,,,,
5/19/2016 1:15,14.785,76.528,,,,,
5/19/2016 1:30,14.785,76.528,,,,,
5/19/2016 1:45,14.7807,76.528,,,,,
5/19/2016 2:00,14.7807,76.528,,,,,
5/19/2016 2:15,14.7807,76.528,,,,,
5/19/2016 2:30,14.7807,76.528,,,,,
5/19/2016 2:45,14.7785,76.528,,,,,
5/19/2016 3:00,14.7759,76.354,,,,,
5/19/2016 3:15,14.7759,76.354,,,,,
5/19/2016 3:30,14.7759,76.354,,,,,
5/19/2016 3:45,14.7759,76.354,,,,,
5/19/2016 4:00,14.7715,76.354,,,,,
5/19/2016 4:15,14.7737,76.354,,,,,
5/19/2016 4:30,14.778,76.354,,,,,
5/19/2016 4:45,14.7759,76.354,,,,,
5/19/2016 5:00,14.7759,76.354,,,,,
5/19/2016 5:15,14.778,76.354,,,,,
5/19/2016 5:30,14.778,76.354,,,,,
5/19/2016 5:45,14.7824,76.354,,,,,
5/19/2016 6:00,14.7824,76.354,,,,,
5/19/2016 6:15,14.7824,76.354,,,,,
5/19/2016 6:30,14.7846,76.354,,,,,
5/19/2016 6:45,14.7867,76.354,,,,,
5/19/2016 7:00,14.7867,76.354,,,,,
5/19/2016 7:15,14.7867,76.354,,,,,
5/19/2016 7:30,14.7889,76.354,,,,,
5/19/2016 7:45,14.7959,76.528,,,,,
5/19/2016 8:00,14.7981,76.528,,,,,
5/19/2016 8:15,14.8046,76.528,,,,,
5/19/2016 8:30,14.8072,76.703,,,,,
5/19/2016 8:45,14.8072,76.703,,,,,
5/19/2016 9:00,14.8115,76.703,,,,,
5/19/2016 9:15,14.812,76.876,,,,,
5/19/2016 9:30,14.8185,76.876,,,,,
5/19/2016 9:45,14.8146,77.05,,,,,
5/19/2016 10:00,14.8146,77.05,,,,,
5/19/2016 10:15,14.8168,77.05,,,,,
5/19/2016 10:30,14.8133,77.4,,,,,
5/19/2016 10:45,14.8128,77.225,,,,,
5/19/2016 11:00,14.8139,77.574,,,,,
5/19/2016 11:15,14.8139,77.574,,,,,
5/19/2016 11:30,14.8117,77.574,,,,,
5/19/2016 11:45,14.8078,77.749,,,,,
5/19/2016 12:00,14.8039,77.923,,,,,
5/19/2016 12:15,14.8017,77.923,,,,,
5/19/2016 12:30,14.7957,78.098,,,,,
5/19/2016 12:39,,,,Logged,,,
5/19/2016 12:39,,,Logged,,,,
5/19/2016 12:39,,,,Logged,,,
5/19/2016 12:40,,,,,Logged,,
5/19/2016 12:41,,,,,,Logged,Logged
