Date/Time,Abs Pres (psi) c:1 2,Temp (°F) c:2,Coupler Detached,Coupler Attached,Host Connected,End Of File
6/5/2017 13:00,14.7709,81.975,Logged,,,
6/5/2017 13:15,14.7709,81.975,,,,
6/5/2017 13:30,14.774,82.152,,,,
6/5/2017 13:45,14.7672,82.33,,,,
6/5/2017 14:00,14.7647,82.33,,,,
6/5/2017 14:15,14.7702,82.508,,,,
6/5/2017 14:30,14.7653,82.508,,,,
6/5/2017 14:45,14.7603,82.508,,,,
6/5/2017 15:00,14.758,82.508,,,,
6/5/2017 15:15,14.7569,82.152,,,,
6/5/2017 15:30,14.7582,81.797,,,,
6/5/2017 15:45,14.7618,81.442,,,,
6/5/2017 16:00,14.7608,81.09,,,,
6/5/2017 16:15,14.7608,81.09,,,,
6/5/2017 16:30,14.7625,80.911,,,,
6/5/2017 16:45,14.7638,80.559,,,,
6/5/2017 17:00,14.7603,80.206,,,,
6/5/2017 17:15,14.7641,79.853,,,,
6/5/2017 17:30,14.7611,79.678,,,,
6/5/2017 17:45,14.763,79.502,,,,
6/5/2017 18:00,14.7624,79.326,,,,
6/5/2017 18:15,14.7667,79.151,,,,
6/5/2017 18:30,14.7637,78.975,,,,
6/5/2017 18:45,14.768,78.8,,,,
6/5/2017 19:00,14.765,78.624,,,,
6/5/2017 19:15,14.7675,78.624,,,,
6/5/2017 19:30,14.7669,78.449,,,,
6/5/2017 19:45,14.7743,78.449,,,,
6/5/2017 20:00,14.7712,78.274,,,,
6/5/2017 20:15,14.7737,78.274,,,,
6/5/2017 20:30,14.7706,78.098,,,,
6/5/2017 20:45,14.7731,78.098,,,,
6/5/2017 21:00,14.7731,78.098,,,,
6/5/2017 21:15,14.775,77.923,,,,
6/5/2017 21:30,14.7725,77.923,,,,
6/5/2017 21:45,14.775,77.923,,,,
6/5/2017 22:00,14.7725,77.923,,,,
6/5/2017 22:15,14.7701,77.923,,,,
6/5/2017 22:30,14.775,77.923,,,,
6/5/2017 22:45,14.7725,77.923,,,,
6/5/2017 23:00,14.7775,77.923,,,,
6/5/2017 23:15,14.775,77.923,,,,
6/5/2017 23:30,14.7725,77.923,,,,
6/5/2017 23:45,14.775,77.923,,,,
6/6/2017 0:00,14.7725,77.923,,,,
6/6/2017 0:15,14.7775,77.923,,,,
6/6/2017 0:30,14.7775,77.923,,,,
6/6/2017 0:45,14.7725,77.923,,,,
6/6/2017 1:00,14.775,77.923,,,,
6/6/2017 1:15,14.7701,77.923,,,,
6/6/2017 1:30,14.7725,77.923,,,,
6/6/2017 1:45,14.7676,77.923,,,,
6/6/2017 2:00,14.7676,77.923,,,,
6/6/2017 2:15,14.7676,77.923,,,,
6/6/2017 2:30,14.7682,78.098,,,,
6/6/2017 2:45,14.7682,78.098,,,,
6/6/2017 3:00,14.7682,78.098,,,,
6/6/2017 3:15,14.7682,78.098,,,,
6/6/2017 3:30,14.7657,78.098,,,,
6/6/2017 3:45,14.7628,77.923,,,,
6/6/2017 4:00,14.7603,77.923,,,,
6/6/2017 4:15,14.7628,77.923,,,,
6/6/2017 4:30,14.7603,77.923,,,,
6/6/2017 4:45,14.7603,77.923,,,,
6/6/2017 5:00,14.7603,77.923,,,,
6/6/2017 5:15,14.7603,77.923,,,,
6/6/2017 5:30,14.7676,77.923,,,,
6/6/2017 5:45,14.767,77.749,,,,
6/6/2017 6:00,14.7719,77.749,,,,
6/6/2017 6:15,14.7719,77.749,,,,
6/6/2017 6:30,14.7744,77.749,,,,
6/6/2017 6:45,14.7817,77.749,,,,
6/6/2017 7:00,14.7841,77.749,,,,
6/6/2017 7:15,14.7866,77.749,,,,
6/6/2017 7:30,14.7866,77.749,,,,
6/6/2017 7:45,14.7896,77.923,,,,
6/6/2017 8:00,14.7925,78.098,,,,
6/6/2017 8:15,14.7981,78.274,,,,
6/6/2017 8:30,14.7986,78.449,,,,
6/6/2017 8:45,14.8036,78.449,,,,
6/6/2017 9:00,14.8065,78.624,,,,
6/6/2017 9:15,14.807,78.8,,,,
6/6/2017 9:30,14.8052,78.975,,,,
6/6/2017 9:45,14.8057,79.151,,,,
6/6/2017 10:00,14.8063,79.326,,,,
6/6/2017 10:15,14.7995,79.502,,,,
6/6/2017 10:30,14.805,79.678,,,,
6/6/2017 10:45,14.8026,79.678,,,,
6/6/2017 11:00,14.7988,80.029,,,,
6/6/2017 11:15,14.7946,80.206,,,,
6/6/2017 11:30,14.7937,80.735,,,,
6/6/2017 11:45,14.7924,81.09,,,,
6/6/2017 12:00,14.7882,81.266,,,,
6/6/2017 12:15,14.7844,81.621,,,,
6/6/2017 12:30,14.7807,81.975,,,,
6/6/2017 12:45,14.7769,82.33,,,,
6/6/2017 13:00,14.778,82.686,,,,
6/6/2017 13:15,14.7762,82.864,,,,
6/6/2017 13:30,14.7744,83.043,,,,
6/6/2017 13:45,14.7695,83.043,,,,
6/6/2017 14:00,14.7627,83.221,,,,
6/6/2017 14:15,14.7638,83.579,,,,
6/6/2017 14:30,14.7614,83.579,,,,
6/6/2017 14:45,14.7554,83.221,,,,
6/6/2017 15:00,14.7579,83.221,,,,
6/6/2017 15:15,14.7573,83.043,,,,
6/6/2017 15:30,14.7561,82.686,,,,
6/6/2017 15:45,14.7506,82.508,,,,
6/6/2017 16:00,14.7531,82.508,,,,
6/6/2017 16:15,14.7495,82.152,,,,
6/6/2017 16:30,14.7563,81.975,,,,
6/6/2017 16:45,14.7508,81.797,,,,
6/6/2017 17:00,14.7545,81.442,,,,
6/6/2017 17:15,14.754,81.266,,,,
6/6/2017 17:30,14.7577,80.911,,,,
6/6/2017 17:45,14.7596,80.735,,,,
6/6/2017 18:00,14.7615,80.559,,,,
6/6/2017 18:15,14.7628,80.206,,,,
6/6/2017 18:30,14.7628,80.206,,,,
6/6/2017 18:45,14.7647,80.029,,,,
6/6/2017 19:00,14.7641,79.853,,,,
6/6/2017 19:15,14.7683,79.678,,,,
6/6/2017 19:30,14.7683,79.678,,,,
6/6/2017 19:45,14.7702,79.502,,,,
6/6/2017 20:00,14.7867,79.326,,,,
6/6/2017 20:15,14.7972,79.502,,,,
6/6/2017 20:30,14.802,79.502,,,,
6/6/2017 20:45,14.802,79.502,,,,
6/6/2017 21:00,14.802,79.502,,,,
6/6/2017 21:15,14.7989,79.326,,,,
6/6/2017 21:30,14.8063,79.326,,,,
6/6/2017 21:45,14.8039,79.326,,,,
6/6/2017 22:00,14.8063,79.326,,,,
6/6/2017 22:15,14.8039,79.326,,,,
6/6/2017 22:30,14.8113,79.326,,,,
6/6/2017 22:45,14.8033,79.151,,,,
6/6/2017 23:00,14.8131,79.151,,,,
6/6/2017 23:15,14.8131,79.151,,,,
6/6/2017 23:30,14.8107,79.151,,,,
6/6/2017 23:45,14.8082,79.151,,,,
6/7/2017 0:00,14.8057,79.151,,,,
6/7/2017 0:15,14.8033,79.151,,,,
6/7/2017 0:30,14.8229,79.151,,,,
6/7/2017 0:45,14.8516,78.975,,,,
6/7/2017 1:00,14.8297,78.975,,,,
6/7/2017 1:15,14.8247,78.975,,,,
6/7/2017 1:30,14.815,78.975,,,,
6/7/2017 1:45,14.8095,78.8,,,,
6/7/2017 2:00,14.8144,78.8,,,,
6/7/2017 2:15,14.8095,78.8,,,,
6/7/2017 2:30,14.8021,78.8,,,,
6/7/2017 2:45,14.8017,78.624,,,,
6/7/2017 3:00,14.7973,78.8,,,,
6/7/2017 3:15,14.7924,78.8,,,,
6/7/2017 3:30,14.7894,78.624,,,,
6/7/2017 3:45,14.7894,78.624,,,,
6/7/2017 4:00,14.7943,78.624,,,,
6/7/2017 4:15,14.804,78.624,,,,
6/7/2017 4:30,14.7992,78.624,,,,
6/7/2017 4:45,14.7992,78.624,,,,
6/7/2017 5:00,14.8065,78.624,,,,
6/7/2017 5:15,14.804,78.624,,,,
6/7/2017 5:30,14.7992,78.624,,,,
6/7/2017 5:45,14.8065,78.624,,,,
6/7/2017 6:00,14.8065,78.624,,,,
6/7/2017 6:15,14.8089,78.624,,,,
6/7/2017 6:30,14.8139,78.624,,,,
6/7/2017 6:45,14.8139,78.624,,,,
6/7/2017 7:00,14.8114,78.624,,,,
6/7/2017 7:15,14.8163,78.624,,,,
6/7/2017 7:30,14.8211,78.624,,,,
6/7/2017 7:45,14.8211,78.624,,,,
6/7/2017 8:00,14.8211,78.624,,,,
6/7/2017 8:15,14.8242,78.8,,,,
6/7/2017 8:30,14.8316,78.8,,,,
6/7/2017 8:45,14.8339,78.8,,,,
6/7/2017 9:00,14.8419,78.975,,,,
6/7/2017 9:15,14.8497,79.151,,,,
6/7/2017 9:30,14.8503,79.326,,,,
6/7/2017 9:45,14.844,79.678,,,,
6/7/2017 10:00,14.8471,79.853,,,,
6/7/2017 10:15,14.8477,80.029,,,,
6/7/2017 10:30,14.8458,80.206,,,,
6/7/2017 10:45,14.8464,80.382,,,,
6/7/2017 11:00,14.8317,80.382,,,,
6/7/2017 11:15,14.8189,80.206,,,,
6/7/2017 11:30,14.8165,80.206,,,,
6/7/2017 11:45,14.8121,80.382,,,,
6/7/2017 12:00,14.8121,80.382,,,,
6/7/2017 12:15,14.8098,80.382,,,,
6/7/2017 12:30,14.8049,80.382,,,,
6/7/2017 12:45,14.7962,80.735,,,,
6/7/2017 13:00,14.7966,81.621,,,,
6/7/2017 13:15,14.7917,81.621,,,,
6/7/2017 13:30,14.7894,81.621,,,,
6/7/2017 13:45,14.7869,81.621,,,,
6/7/2017 14:00,14.7789,81.442,,,,
6/7/2017 14:15,14.7808,81.266,,,,
6/7/2017 14:30,14.7802,81.09,,,,
6/7/2017 14:45,14.7778,81.09,,,,
6/7/2017 15:00,14.7754,81.09,,,,
6/7/2017 15:15,14.776,81.266,,,,
6/7/2017 15:30,14.7735,81.266,,,,
6/7/2017 15:45,14.7789,81.442,,,,
6/7/2017 16:00,14.7735,81.266,,,,
6/7/2017 16:15,14.7796,80.911,,,,
6/7/2017 16:30,14.7791,80.735,,,,
6/7/2017 16:45,14.7762,80.559,,,,
6/7/2017 17:00,14.7731,80.382,,,,
6/7/2017 17:15,14.7798,80.206,,,,
6/7/2017 17:30,14.7817,80.029,,,,
6/7/2017 17:45,14.7836,79.853,,,,
6/7/2017 18:00,14.783,79.678,,,,
6/7/2017 18:15,14.7801,79.502,,,,
6/7/2017 18:30,14.7867,79.326,,,,
6/7/2017 18:45,14.7867,79.326,,,,
6/7/2017 19:00,14.7886,79.151,,,,
6/7/2017 19:15,14.7936,79.151,,,,
6/7/2017 19:30,14.7954,78.975,,,,
6/7/2017 19:45,14.7954,78.975,,,,
6/7/2017 20:00,14.7949,78.8,,,,
6/7/2017 20:15,14.7949,78.8,,,,
6/7/2017 20:30,14.7998,78.8,,,,
6/7/2017 20:45,14.8017,78.624,,,,
6/7/2017 21:00,14.804,78.624,,,,
6/7/2017 21:15,14.8017,78.624,,,,
6/7/2017 21:30,14.8017,78.624,,,,
6/7/2017 21:45,14.804,78.624,,,,
6/7/2017 22:00,14.7962,78.449,,,,
6/7/2017 22:15,14.7962,78.449,,,,
6/7/2017 22:30,14.7986,78.449,,,,
6/7/2017 22:45,14.7986,78.449,,,,
6/7/2017 23:00,14.7931,78.274,,,,
6/7/2017 23:15,14.7931,78.274,,,,
6/7/2017 23:30,14.7907,78.274,,,,
6/7/2017 23:45,14.7931,78.274,,,,
6/8/2017 0:00,14.7931,78.274,,,,
6/8/2017 0:15,14.7925,78.098,,,,
6/8/2017 0:30,14.7975,78.098,,,,
6/8/2017 0:45,14.8005,78.274,,,,
6/8/2017 1:00,14.7956,78.274,,,,
6/8/2017 1:15,14.7999,78.098,,,,
6/8/2017 1:30,14.7975,78.098,,,,
6/8/2017 1:45,14.7925,78.098,,,,
6/8/2017 2:00,14.795,78.098,,,,
6/8/2017 2:15,14.7925,78.098,,,,
6/8/2017 2:30,14.7878,78.098,,,,
6/8/2017 2:45,14.7878,78.098,,,,
6/8/2017 3:00,14.7828,78.098,,,,
6/8/2017 3:15,14.7822,77.923,,,,
6/8/2017 3:30,14.7847,77.923,,,,
6/8/2017 3:45,14.7822,77.923,,,,
6/8/2017 4:00,14.7798,77.923,,,,
6/8/2017 4:15,14.7798,77.923,,,,
6/8/2017 4:30,14.7841,77.749,,,,
6/8/2017 4:45,14.7841,77.749,,,,
6/8/2017 5:00,14.7866,77.749,,,,
6/8/2017 5:15,14.7817,77.749,,,,
6/8/2017 5:30,14.7866,77.749,,,,
6/8/2017 5:45,14.7891,77.749,,,,
6/8/2017 6:00,14.7866,77.749,,,,
6/8/2017 6:15,14.7915,77.749,,,,
6/8/2017 6:30,14.7891,77.749,,,,
6/8/2017 6:45,14.7891,77.749,,,,
6/8/2017 7:00,14.7891,77.749,,,,
6/8/2017 7:15,14.794,77.749,,,,
6/8/2017 7:30,14.7915,77.749,,,,
6/8/2017 7:45,14.7891,77.749,,,,
6/8/2017 8:00,14.794,77.749,,,,
6/8/2017 8:15,14.7963,77.749,,,,
6/8/2017 8:30,14.7963,77.749,,,,
6/8/2017 8:45,14.7994,77.923,,,,
6/8/2017 9:00,14.7969,77.923,,,,
6/8/2017 9:15,14.795,78.098,,,,
6/8/2017 9:30,14.7986,78.449,,,,
6/8/2017 9:45,14.7943,78.624,,,,
6/8/2017 10:00,14.7949,78.8,,,,
6/8/2017 10:15,14.7954,78.975,,,,
6/8/2017 10:30,14.7917,79.326,,,,
6/8/2017 10:45,14.7953,79.678,,,,
6/8/2017 11:00,14.794,80.029,,,,
6/8/2017 11:15,14.7902,80.382,,,,
6/8/2017 11:30,14.7872,80.206,,,,
6/8/2017 11:45,14.7872,80.206,,,,
6/8/2017 12:00,14.7828,80.382,,,,
6/8/2017 12:15,14.784,80.735,,,,
6/8/2017 12:30,14.7791,80.735,,,,
6/8/2017 12:45,14.7778,81.09,,,,
6/8/2017 13:00,14.773,81.09,,,,
6/8/2017 13:15,14.7728,81.797,,,,
6/8/2017 13:30,14.7696,82.33,,,,
6/8/2017 13:45,14.7641,82.152,,,,
6/8/2017 14:00,14.7611,81.975,,,,
6/8/2017 14:15,14.7605,81.797,,,,
6/8/2017 14:30,14.7582,81.797,,,,
6/8/2017 14:45,14.7569,82.152,,,,
6/8/2017 15:00,14.7582,81.797,,,,
6/8/2017 15:15,14.7527,81.621,,,,
6/8/2017 15:30,14.7502,81.621,,,,
6/8/2017 15:45,14.7551,81.621,,,,
6/8/2017 16:00,14.7551,81.621,,,,
6/8/2017 16:15,14.7545,81.442,,,,
6/8/2017 16:30,14.7558,81.09,,,,
6/8/2017 16:45,14.7553,80.911,,,,
6/8/2017 17:00,14.7615,80.559,,,,
6/8/2017 17:15,14.7603,80.206,,,,
6/8/2017 17:30,14.7622,80.029,,,,
6/8/2017 17:45,14.7641,79.853,,,,
6/8/2017 18:00,14.7683,79.678,,,,
6/8/2017 18:15,14.7677,79.502,,,,
6/8/2017 18:30,14.7673,79.326,,,,
6/8/2017 18:45,14.7715,79.151,,,,
6/8/2017 19:00,14.774,79.151,,,,
6/8/2017 19:15,14.7734,78.975,,,,
6/8/2017 19:30,14.7783,78.975,,,,
6/8/2017 19:45,14.7778,78.8,,,,
6/8/2017 20:00,14.7827,78.8,,,,
6/8/2017 20:15,14.7851,78.8,,,,
6/8/2017 20:30,14.7875,78.8,,,,
6/8/2017 20:45,14.7924,78.8,,,,
6/8/2017 21:00,14.8076,78.975,,,,
6/8/2017 21:15,14.7905,78.975,,,,
6/8/2017 21:30,14.7924,78.8,,,,
6/8/2017 21:45,14.7968,78.624,,,,
6/8/2017 22:00,14.7968,78.624,,,,
6/8/2017 22:15,14.7992,78.624,,,,
6/8/2017 22:30,14.7968,78.624,,,,
6/8/2017 22:45,14.7986,78.449,,,,
6/8/2017 23:00,14.7986,78.449,,,,
6/8/2017 23:15,14.7986,78.449,,,,
6/8/2017 23:30,14.7937,78.449,,,,
6/8/2017 23:45,14.7907,78.274,,,,
6/9/2017 0:00,14.7859,78.274,,,,
6/9/2017 0:15,14.7859,78.274,,,,
6/9/2017 0:30,14.7859,78.274,,,,
6/9/2017 0:45,14.7828,78.098,,,,
6/9/2017 1:00,14.7828,78.098,,,,
6/9/2017 1:15,14.7828,78.098,,,,
6/9/2017 1:30,14.7756,78.098,,,,
6/9/2017 1:45,14.775,77.923,,,,
6/9/2017 2:00,14.7725,77.923,,,,
6/9/2017 2:15,14.7701,77.923,,,,
6/9/2017 2:30,14.7701,77.923,,,,
6/9/2017 2:45,14.7676,77.923,,,,
6/9/2017 3:00,14.7701,77.923,,,,
6/9/2017 3:15,14.7676,77.923,,,,
6/9/2017 3:30,14.7744,77.749,,,,
6/9/2017 3:45,14.7744,77.749,,,,
6/9/2017 4:00,14.7744,77.749,,,,
6/9/2017 4:15,14.7744,77.749,,,,
6/9/2017 4:30,14.7719,77.749,,,,
6/9/2017 4:45,14.7725,77.923,,,,
6/9/2017 5:00,14.775,77.923,,,,
6/9/2017 5:15,14.7775,77.923,,,,
6/9/2017 5:30,14.7798,77.923,,,,
6/9/2017 5:45,14.7822,77.923,,,,
6/9/2017 6:00,14.7841,77.749,,,,
6/9/2017 6:15,14.7841,77.749,,,,
6/9/2017 6:30,14.7817,77.749,,,,
6/9/2017 6:45,14.7841,77.749,,,,
6/9/2017 7:00,14.7841,77.749,,,,
6/9/2017 7:15,14.7896,77.923,,,,
6/9/2017 7:30,14.7872,77.923,,,,
6/9/2017 7:45,14.7872,77.923,,,,
6/9/2017 8:00,14.7925,78.098,,,,
6/9/2017 8:15,14.7956,78.274,,,,
6/9/2017 8:30,14.7981,78.274,,,,
6/9/2017 8:45,14.8017,78.624,,,,
6/9/2017 9:00,14.7992,78.624,,,,
6/9/2017 9:15,14.8046,78.8,,,,
6/9/2017 9:30,14.8027,78.975,,,,
6/9/2017 9:45,14.8008,79.151,,,,
6/9/2017 10:00,14.8014,79.326,,,,
6/9/2017 10:15,14.8001,79.678,,,,
6/9/2017 10:30,14.7988,80.029,,,,
6/9/2017 10:45,14.7969,80.206,,,,
6/9/2017 11:00,14.7956,80.559,,,,
6/9/2017 11:15,14.7943,80.911,,,,
6/9/2017 11:30,14.7882,81.266,,,,
6/9/2017 11:45,14.7899,81.797,,,,
6/9/2017 12:00,14.7837,82.152,,,,
6/9/2017 12:15,14.7849,82.508,,,,
6/9/2017 12:30,14.7805,82.686,,,,
6/9/2017 12:45,14.7792,83.043,,,,
6/9/2017 13:00,14.775,83.221,,,,
6/9/2017 13:15,14.7712,83.579,,,,
6/9/2017 13:30,14.7688,83.579,,,,
6/9/2017 13:45,14.7663,83.579,,,,
6/9/2017 14:00,14.7632,83.399,,,,
6/9/2017 14:15,14.7579,83.221,,,,
6/9/2017 14:30,14.7554,83.221,,,,
6/9/2017 14:45,14.7543,82.864,,,,
6/9/2017 15:00,14.7531,82.508,,,,
6/9/2017 15:15,14.7537,82.686,,,,
6/9/2017 15:30,14.7531,82.508,,,,
6/9/2017 15:45,14.7514,81.975,,,,
6/9/2017 16:00,14.7458,81.797,,,,
6/9/2017 16:15,14.7483,81.797,,,,
6/9/2017 16:30,14.7521,81.442,,,,
6/9/2017 16:45,14.7509,81.09,,,,
6/9/2017 17:00,14.7534,81.09,,,,
6/9/2017 17:15,14.7547,80.735,,,,
6/9/2017 17:30,14.7566,80.559,,,,
6/9/2017 17:45,14.7632,80.382,,,,
6/9/2017 18:00,14.7628,80.206,,,,
6/9/2017 18:15,14.7622,80.029,,,,
6/9/2017 18:30,14.7689,79.853,,,,
6/9/2017 18:45,14.7763,79.853,,,,
6/9/2017 19:00,14.7782,79.678,,,,
6/9/2017 19:15,14.7757,79.678,,,,
6/9/2017 19:30,14.7776,79.502,,,,
6/9/2017 19:45,14.7801,79.502,,,,
6/9/2017 20:00,14.7849,79.502,,,,
6/9/2017 20:15,14.7843,79.326,,,,
6/9/2017 20:30,14.7843,79.326,,,,
6/9/2017 20:45,14.7843,79.326,,,,
6/9/2017 21:00,14.7814,79.151,,,,
6/9/2017 21:15,14.7862,79.151,,,,
6/9/2017 21:30,14.7886,79.151,,,,
6/9/2017 21:45,14.7857,78.975,,,,
6/9/2017 22:00,14.7905,78.975,,,,
6/9/2017 22:15,14.788,78.975,,,,
6/9/2017 22:30,14.7899,78.8,,,,
6/9/2017 22:45,14.7899,78.8,,,,
6/9/2017 23:00,14.7875,78.8,,,,
6/9/2017 23:15,14.787,78.624,,,,
6/9/2017 23:30,14.787,78.624,,,,
6/9/2017 23:45,14.7821,78.624,,,,
6/10/2017 0:00,14.7821,78.624,,,,
6/10/2017 0:15,14.7846,78.624,,,,
6/10/2017 0:30,14.7815,78.449,,,,
6/10/2017 0:45,14.7815,78.449,,,,
6/10/2017 1:00,14.7815,78.449,,,,
6/10/2017 1:15,14.7791,78.449,,,,
6/10/2017 1:30,14.7791,78.449,,,,
6/10/2017 1:45,14.776,78.274,,,,
6/10/2017 2:00,14.7712,78.274,,,,
6/10/2017 2:15,14.7737,78.274,,,,
6/10/2017 2:30,14.7688,78.274,,,,
6/10/2017 2:45,14.7638,78.274,,,,
6/10/2017 3:00,14.7688,78.274,,,,
6/10/2017 3:15,14.7632,78.098,,,,
6/10/2017 3:30,14.7609,78.098,,,,
6/10/2017 3:45,14.7585,78.098,,,,
6/10/2017 4:00,14.7585,78.098,,,,
6/10/2017 4:15,14.7609,78.098,,,,
6/10/2017 4:30,14.756,78.098,,,,
6/10/2017 4:45,14.7579,77.923,,,,
6/10/2017 5:00,14.7554,77.923,,,,
6/10/2017 5:15,14.7676,77.923,,,,
6/10/2017 5:30,14.7779,78.098,,,,
6/10/2017 5:45,14.7834,78.274,,,,
6/10/2017 6:00,14.7809,78.274,,,,
6/10/2017 6:15,14.7883,78.274,,,,
6/10/2017 6:30,14.7859,78.274,,,,
6/10/2017 6:45,14.7785,78.274,,,,
6/10/2017 7:00,14.7859,78.274,,,,
6/10/2017 7:15,14.7907,78.274,,,,
6/10/2017 7:30,14.7956,78.274,,,,
6/10/2017 7:45,14.7981,78.274,,,,
6/10/2017 8:00,14.8005,78.274,,,,
6/10/2017 8:15,14.7981,78.274,,,,
6/10/2017 8:30,14.8084,78.449,,,,
6/10/2017 8:45,14.8089,78.624,,,,
6/10/2017 9:00,14.8089,78.624,,,,
6/10/2017 9:15,14.812,78.8,,,,
6/10/2017 9:30,14.8126,78.975,,,,
6/10/2017 9:45,14.8033,79.151,,,,
6/10/2017 10:00,14.8063,79.326,,,,
6/10/2017 10:15,14.7989,79.326,,,,
6/10/2017 10:30,14.7966,79.326,,,,
6/10/2017 10:45,14.7947,79.502,,,,
6/10/2017 11:00,14.7923,79.502,,,,
6/10/2017 11:15,14.7915,80.029,,,,
6/10/2017 11:30,14.7933,80.559,,,,
6/10/2017 11:45,14.787,80.911,,,,
6/10/2017 12:00,14.7857,81.266,,,,
6/10/2017 12:15,14.7863,81.442,,,,
6/10/2017 12:30,14.7875,81.797,,,,
6/10/2017 12:45,14.7795,81.621,,,,
6/10/2017 13:00,14.7704,81.797,,,,
6/10/2017 13:15,14.7666,82.152,,,,
6/10/2017 13:30,14.7702,82.508,,,,
6/10/2017 13:45,14.7738,82.864,,,,
6/10/2017 14:00,14.7664,82.864,,,,
6/10/2017 14:15,14.7615,82.864,,,,
6/10/2017 14:30,14.7615,82.864,,,,
6/10/2017 14:45,14.7634,82.686,,,,
6/10/2017 15:00,14.7634,82.686,,,,
6/10/2017 15:15,14.7586,82.686,,,,
6/10/2017 15:30,14.7653,82.508,,,,
6/10/2017 15:45,14.7641,82.152,,,,
6/10/2017 16:00,14.763,81.797,,,,
6/10/2017 16:15,14.7624,81.621,,,,
6/10/2017 16:30,14.7661,81.266,,,,
6/10/2017 16:45,14.768,81.09,,,,
6/10/2017 17:00,14.7675,80.911,,,,
6/10/2017 17:15,14.7718,80.735,,,,
6/10/2017 17:30,14.7762,80.559,,,,
6/10/2017 17:45,14.7756,80.382,,,,
6/10/2017 18:00,14.7822,80.206,,,,
6/10/2017 18:15,14.7891,80.029,,,,
6/10/2017 18:30,14.7891,80.029,,,,
6/10/2017 18:45,14.7738,79.853,,,,
6/10/2017 19:00,14.7757,79.678,,,,
6/10/2017 19:15,14.7757,79.678,,,,
6/10/2017 19:30,14.7776,79.502,,,,
6/10/2017 19:45,14.7801,79.502,,,,
6/10/2017 20:00,14.7825,79.502,,,,
6/10/2017 20:15,14.782,79.326,,,,
6/10/2017 20:30,14.7867,79.326,,,,
6/10/2017 20:45,14.7892,79.326,,,,
6/10/2017 21:00,14.7892,79.326,,,,
6/10/2017 21:15,14.7911,79.151,,,,
6/10/2017 21:30,14.7936,79.151,,,,
6/10/2017 21:45,14.7936,79.151,,,,
6/10/2017 22:00,14.796,79.151,,,,
6/10/2017 22:15,14.7936,79.151,,,,
6/10/2017 22:30,14.796,79.151,,,,
6/10/2017 22:45,14.7954,78.975,,,,
6/10/2017 23:00,14.7954,78.975,,,,
6/10/2017 23:15,14.793,78.975,,,,
6/10/2017 23:30,14.793,78.975,,,,
6/10/2017 23:45,14.7924,78.8,,,,
6/11/2017 0:00,14.7924,78.8,,,,
6/11/2017 0:15,14.7924,78.8,,,,
6/11/2017 0:30,14.7894,78.624,,,,
6/11/2017 0:45,14.7918,78.624,,,,
6/11/2017 1:00,14.7894,78.624,,,,
6/11/2017 1:15,14.7894,78.624,,,,
6/11/2017 1:30,14.7865,78.449,,,,
6/11/2017 1:45,14.7865,78.449,,,,
6/11/2017 2:00,14.784,78.449,,,,
6/11/2017 2:15,14.7834,78.274,,,,
6/11/2017 2:30,14.7809,78.274,,,,
6/11/2017 2:45,14.7785,78.274,,,,
6/11/2017 3:00,14.776,78.274,,,,
6/11/2017 3:15,14.7737,78.274,,,,
6/11/2017 3:30,14.7712,78.274,,,,
6/11/2017 3:45,14.7737,78.274,,,,
6/11/2017 4:00,14.7706,78.098,,,,
6/11/2017 4:15,14.7731,78.098,,,,
6/11/2017 4:30,14.7706,78.098,,,,
6/11/2017 4:45,14.7706,78.098,,,,
6/11/2017 5:00,14.7756,78.098,,,,
6/11/2017 5:15,14.7731,78.098,,,,
6/11/2017 5:30,14.7725,77.923,,,,
6/11/2017 5:45,14.775,77.923,,,,
6/11/2017 6:00,14.775,77.923,,,,
6/11/2017 6:15,14.7822,77.923,,,,
6/11/2017 6:30,14.7822,77.923,,,,
6/11/2017 6:45,14.7793,77.749,,,,
6/11/2017 7:00,14.7817,77.749,,,,
6/11/2017 7:15,14.7793,77.749,,,,
6/11/2017 7:30,14.7841,77.749,,,,
6/11/2017 7:45,14.7817,77.749,,,,
6/11/2017 8:00,14.7822,77.923,,,,
6/11/2017 8:15,14.7847,77.923,,,,
6/11/2017 8:30,14.7872,77.923,,,,
6/11/2017 8:45,14.7925,78.098,,,,
6/11/2017 9:00,14.7925,78.098,,,,
6/11/2017 9:15,14.7931,78.274,,,,
6/11/2017 9:30,14.7937,78.449,,,,
6/11/2017 9:45,14.7968,78.624,,,,
6/11/2017 10:00,14.793,78.975,,,,
6/11/2017 10:15,14.7886,79.151,,,,
6/11/2017 10:30,14.7917,79.326,,,,
6/11/2017 10:45,14.7867,79.326,,,,
6/11/2017 11:00,14.7854,79.678,,,,
6/11/2017 11:15,14.786,79.853,,,,
6/11/2017 11:30,14.786,79.853,,,,
6/11/2017 11:45,14.7847,80.206,,,,
6/11/2017 12:00,14.7846,80.911,,,,
6/11/2017 12:15,14.7857,81.266,,,,
6/11/2017 12:30,14.7833,81.266,,,,
6/11/2017 12:45,14.7796,80.911,,,,
6/11/2017 13:00,14.7772,80.911,,,,
6/11/2017 13:15,14.7737,80.559,,,,
6/11/2017 13:30,14.7712,80.559,,,,
6/11/2017 13:45,14.7706,80.382,,,,
6/11/2017 14:00,14.7669,80.735,,,,
6/11/2017 14:15,14.7698,81.621,,,,
6/11/2017 14:30,14.766,81.975,,,,
6/11/2017 14:45,14.7672,82.33,,,,
6/11/2017 15:00,14.7666,82.152,,,,
6/11/2017 15:15,14.7673,81.621,,,,
6/11/2017 15:30,14.768,81.09,,,,
6/11/2017 15:45,14.7669,80.735,,,,
6/11/2017 16:00,14.7638,80.559,,,,
6/11/2017 16:15,14.7706,80.382,,,,
6/11/2017 16:30,14.7701,80.206,,,,
6/11/2017 16:45,14.7719,80.029,,,,
6/11/2017 17:00,14.7738,79.853,,,,
6/11/2017 17:15,14.7782,79.678,,,,
6/11/2017 17:30,14.7807,79.678,,,,
6/11/2017 17:45,14.7801,79.502,,,,
6/11/2017 18:00,14.7795,79.326,,,,
6/11/2017 18:15,14.7814,79.151,,,,
6/11/2017 18:30,14.7838,79.151,,,,
6/11/2017 18:45,14.788,78.975,,,,
6/11/2017 19:00,14.788,78.975,,,,
6/11/2017 19:15,14.788,78.975,,,,
6/11/2017 19:30,14.7905,78.975,,,,
6/11/2017 19:45,14.7949,78.8,,,,
6/11/2017 20:00,14.7973,78.8,,,,
6/11/2017 20:15,14.7998,78.8,,,,
6/11/2017 20:30,14.8046,78.8,,,,
6/11/2017 20:45,14.804,78.624,,,,
6/11/2017 21:00,14.804,78.624,,,,
6/11/2017 21:15,14.8065,78.624,,,,
6/11/2017 21:30,14.8065,78.624,,,,
6/11/2017 21:45,14.8089,78.624,,,,
6/11/2017 22:00,14.8089,78.624,,,,
6/11/2017 22:15,14.8114,78.624,,,,
6/11/2017 22:30,14.8089,78.624,,,,
6/11/2017 22:45,14.8084,78.449,,,,
6/11/2017 23:00,14.8133,78.449,,,,
6/11/2017 23:15,14.823,78.449,,,,
6/11/2017 23:30,14.8371,78.274,,,,
6/11/2017 23:45,14.8347,78.274,,,,
6/12/2017 0:00,14.864,78.274,,,,
6/12/2017 0:15,14.8659,78.098,,,,
6/12/2017 0:30,14.8659,78.098,,,,
6/12/2017 0:45,14.9825,77.923,,,,
6/12/2017 1:00,14.9576,77.749,,,,
6/12/2017 1:15,14.9424,77.574,,,,
6/12/2017 1:30,14.9277,77.574,,,,
6/12/2017 1:45,14.9076,77.4,,,,
6/12/2017 2:00,14.8857,77.4,,,,
6/12/2017 2:15,14.8733,77.4,,,,
6/12/2017 2:30,14.8636,77.4,,,,
6/12/2017 2:45,14.8508,77.225,,,,
6/12/2017 3:00,14.8411,77.225,,,,
6/12/2017 3:15,14.8362,77.225,,,,
6/12/2017 3:30,14.8265,77.225,,,,
6/12/2017 3:45,14.8337,77.225,,,,
6/12/2017 4:00,14.8387,77.225,,,,
6/12/2017 4:15,14.8362,77.225,,,,
6/12/2017 4:30,14.8411,77.225,,,,
6/12/2017 4:45,14.8362,77.225,,,,
6/12/2017 5:00,14.8362,77.225,,,,
6/12/2017 5:15,14.8387,77.225,,,,
6/12/2017 5:30,14.8284,77.05,,,,
6/12/2017 5:45,14.8313,77.225,,,,
6/12/2017 6:00,14.8332,77.05,,,,
6/12/2017 6:15,14.8381,77.05,,,,
6/12/2017 6:30,14.8381,77.05,,,,
6/12/2017 6:45,14.8406,77.05,,,,
6/12/2017 7:00,14.843,77.05,,,,
6/12/2017 7:15,14.8478,77.05,,,,
6/12/2017 7:30,14.8478,77.05,,,,
6/12/2017 7:45,14.8503,77.05,,,,
6/12/2017 8:00,14.8459,77.225,,,,
6/12/2017 8:15,14.8508,77.225,,,,
6/12/2017 8:30,14.8514,77.4,,,,
6/12/2017 8:45,14.8539,77.4,,,,
6/12/2017 9:00,14.8539,77.4,,,,
6/12/2017 9:15,14.8568,77.574,,,,
6/12/2017 9:30,14.8545,77.574,,,,
6/12/2017 9:45,14.8526,77.749,,,,
6/12/2017 10:00,14.8532,77.923,,,,
6/12/2017 10:15,14.8513,78.098,,,,
6/12/2017 10:30,14.8395,78.274,,,,
6/12/2017 10:45,14.8426,78.449,,,,
6/12/2017 11:00,14.8388,78.8,,,,
6/12/2017 11:15,14.8369,78.975,,,,
6/12/2017 11:30,14.835,79.151,,,,
6/12/2017 11:45,14.8332,79.326,,,,
6/12/2017 12:00,14.8265,79.502,,,,
6/12/2017 12:15,14.8271,79.678,,,,
6/12/2017 12:30,14.8246,79.678,,,,
6/12/2017 12:45,14.8208,80.029,,,,
6/12/2017 13:00,14.8165,80.206,,,,
6/12/2017 13:15,14.8146,80.382,,,,
6/12/2017 13:30,14.8127,80.559,,,,
6/12/2017 13:45,14.8098,80.382,,,,
6/12/2017 14:00,14.8062,80.029,,,,
6/12/2017 14:15,14.8056,79.853,,,,
6/12/2017 14:30,14.8007,79.853,,,,
6/12/2017 14:45,14.8012,80.029,,,,
6/12/2017 15:00,14.8007,79.853,,,,
6/12/2017 15:15,14.7976,79.678,,,,
6/12/2017 15:30,14.7976,79.678,,,,
6/12/2017 15:45,14.7972,79.502,,,,
6/12/2017 16:00,14.7936,79.151,,,,
6/12/2017 16:15,14.7954,78.975,,,,
6/12/2017 16:30,14.7949,78.8,,,,
6/12/2017 16:45,14.7973,78.8,,,,
6/12/2017 17:00,14.7968,78.624,,,,
6/12/2017 17:15,14.8011,78.449,,,,
6/12/2017 17:30,14.8036,78.449,,,,
6/12/2017 17:45,14.8055,78.274,,,,
6/12/2017 18:00,14.8078,78.274,,,,
6/12/2017 18:15,14.8097,78.098,,,,
6/12/2017 18:30,14.8121,78.098,,,,
6/12/2017 18:45,14.8146,78.098,,,,
6/12/2017 19:00,14.814,77.923,,,,
6/12/2017 19:15,14.814,77.923,,,,
6/12/2017 19:30,14.8165,77.923,,,,
6/12/2017 19:45,14.8165,77.923,,,,
6/12/2017 20:00,14.8189,77.923,,,,
6/12/2017 20:15,14.8165,77.923,,,,
6/12/2017 20:30,14.8208,77.749,,,,
6/12/2017 20:45,14.8184,77.749,,,,
6/12/2017 21:00,14.8184,77.749,,,,
6/12/2017 21:15,14.8159,77.749,,,,
6/12/2017 21:30,14.8159,77.749,,,,
6/12/2017 21:45,14.8184,77.749,,,,
6/12/2017 22:00,14.8159,77.749,,,,
6/12/2017 22:15,14.8159,77.749,,,,
6/12/2017 22:30,14.8184,77.749,,,,
6/12/2017 22:45,14.8153,77.574,,,,
6/12/2017 23:00,14.8128,77.574,,,,
6/12/2017 23:15,14.8105,77.574,,,,
6/12/2017 23:30,14.8105,77.574,,,,
6/12/2017 23:45,14.8081,77.574,,,,
6/13/2017 0:00,14.8081,77.574,,,,
6/13/2017 0:15,14.8105,77.574,,,,
6/13/2017 0:30,14.8105,77.574,,,,
6/13/2017 0:45,14.8105,77.574,,,,
6/13/2017 1:00,14.8128,77.574,,,,
6/13/2017 1:15,14.8128,77.574,,,,
6/13/2017 1:30,14.8105,77.574,,,,
6/13/2017 1:45,14.8031,77.574,,,,
6/13/2017 2:00,14.8153,77.574,,,,
6/13/2017 2:15,14.8153,77.574,,,,
6/13/2017 2:30,14.8128,77.574,,,,
6/13/2017 2:45,14.8128,77.574,,,,
6/13/2017 3:00,14.8105,77.574,,,,
6/13/2017 3:15,14.8128,77.574,,,,
6/13/2017 3:30,14.8539,77.4,,,,
6/13/2017 3:45,14.8417,77.4,,,,
6/13/2017 4:00,14.8392,77.4,,,,
6/13/2017 4:15,14.8417,77.4,,,,
6/13/2017 4:30,14.8508,77.225,,,,
6/13/2017 4:45,14.8533,77.225,,,,
6/13/2017 5:00,14.8508,77.225,,,,
6/13/2017 5:15,14.8698,77.05,,,,
6/13/2017 5:30,14.8967,77.05,,,,
6/13/2017 5:45,14.9406,77.05,,,,
6/13/2017 6:00,14.9353,76.876,,,,
6/13/2017 6:15,14.9328,76.876,,,,
6/13/2017 6:30,14.945,76.876,,,,
6/13/2017 6:45,14.9493,76.703,,,,
6/13/2017 7:00,14.9518,76.703,,,,
6/13/2017 7:15,14.9566,76.703,,,,
6/13/2017 7:30,14.9634,76.528,,,,
6/13/2017 7:45,14.9707,76.528,,,,
6/13/2017 8:00,14.9805,76.528,,,,
6/13/2017 8:15,15.003,76.703,,,,
6/13/2017 8:30,15.0049,76.528,,,,
6/13/2017 8:45,15.0292,76.528,,,,
6/13/2017 9:00,15.0903,76.528,,,,
6/13/2017 9:15,15.0903,76.528,,,,
6/13/2017 9:30,15.0733,76.528,,,,
6/13/2017 9:45,15.0635,76.528,,,,
6/13/2017 10:00,15.0488,76.528,,,,
6/13/2017 10:15,15.0348,76.703,,,,
6/13/2017 10:30,15.0201,76.703,,,,
6/13/2017 10:45,15.006,76.876,,,,
6/13/2017 11:00,14.9968,77.05,,,,
6/13/2017 11:15,14.992,77.05,,,,
6/13/2017 11:30,14.9773,77.05,,,,
6/13/2017 11:45,14.9675,77.05,,,,
6/13/2017 12:00,14.9602,77.05,,,,
6/13/2017 12:15,14.9602,77.05,,,,
6/13/2017 12:30,14.9559,77.225,,,,
6/13/2017 12:45,14.9437,77.225,,,,
6/13/2017 13:00,14.9443,77.4,,,,
6/13/2017 13:15,14.9344,77.4,,,,
6/13/2017 13:30,14.9321,77.4,,,,
6/13/2017 13:45,14.9247,77.4,,,,
6/13/2017 14:00,14.9271,77.4,,,,
6/13/2017 14:15,14.9168,77.225,,,,
6/13/2017 14:30,14.9192,77.225,,,,
6/13/2017 14:45,14.9119,77.225,,,,
6/13/2017 15:00,14.907,77.225,,,,
6/13/2017 15:15,14.9094,77.225,,,,
6/13/2017 15:30,14.9119,77.225,,,,
6/13/2017 15:45,14.9094,77.225,,,,
6/13/2017 16:00,14.9309,77.05,,,,
6/13/2017 16:15,14.9503,77.05,,,,
6/13/2017 16:30,14.9547,76.876,,,,
6/13/2017 16:45,14.9499,76.876,,,,
6/13/2017 17:00,14.9474,76.876,,,,
6/13/2017 17:15,14.9518,76.703,,,,
6/13/2017 17:30,14.9493,76.703,,,,
6/13/2017 17:45,14.9469,76.703,,,,
6/13/2017 18:00,14.9419,76.703,,,,
6/13/2017 18:15,14.9518,76.703,,,,
6/13/2017 18:30,14.9444,76.703,,,,
6/13/2017 18:45,14.9414,76.528,,,,
6/13/2017 19:00,14.9438,76.528,,,,
6/13/2017 19:15,14.9414,76.528,,,,
6/13/2017 19:30,14.9389,76.528,,,,
6/13/2017 19:45,14.9366,76.528,,,,
6/13/2017 20:00,14.9341,76.528,,,,
6/13/2017 20:15,14.9366,76.528,,,,
6/13/2017 20:30,14.9341,76.528,,,,
6/13/2017 20:45,14.9242,76.528,,,,
6/13/2017 21:00,14.9219,76.528,,,,
6/13/2017 21:15,14.9219,76.528,,,,
6/13/2017 21:30,14.9195,76.528,,,,
6/13/2017 21:45,14.9145,76.528,,,,
6/13/2017 22:00,14.9121,76.528,,,,
6/13/2017 22:15,14.9073,76.528,,,,
6/13/2017 22:30,14.9048,76.528,,,,
6/13/2017 22:45,14.8949,76.528,,,,
6/13/2017 23:00,14.8877,76.528,,,,
6/13/2017 23:15,14.8828,76.528,,,,
6/13/2017 23:30,14.878,76.528,,,,
6/13/2017 23:45,14.8755,76.528,,,,
6/14/2017 0:00,14.8755,76.528,,,,
6/14/2017 0:15,14.873,76.528,,,,
6/14/2017 0:30,14.873,76.528,,,,
6/14/2017 0:45,14.8706,76.528,,,,
6/14/2017 1:00,14.873,76.528,,,,
6/14/2017 1:15,14.8681,76.528,,,,
6/14/2017 1:30,14.8559,76.528,,,,
6/14/2017 1:45,14.851,76.528,,,,
6/14/2017 2:00,14.851,76.528,,,,
6/14/2017 2:15,14.8437,76.528,,,,
6/14/2017 2:30,14.8437,76.528,,,,
6/14/2017 2:45,14.8437,76.528,,,,
6/14/2017 3:00,14.8388,76.528,,,,
6/14/2017 3:15,14.8388,76.528,,,,
6/14/2017 3:30,14.8363,76.528,,,,
6/14/2017 3:45,14.8316,76.528,,,,
6/14/2017 4:00,14.8363,76.528,,,,
6/14/2017 4:15,14.8316,76.528,,,,
6/14/2017 4:30,14.834,76.528,,,,
6/14/2017 4:45,14.8363,76.528,,,,
6/14/2017 5:00,14.834,76.528,,,,
6/14/2017 5:15,14.8462,76.528,,,,
6/14/2017 5:30,14.8584,76.528,,,,
6/14/2017 5:45,14.8584,76.528,,,,
6/14/2017 6:00,14.8609,76.528,,,,
6/14/2017 6:15,14.8559,76.528,,,,
6/14/2017 6:30,14.8609,76.528,,,,
6/14/2017 6:45,14.8609,76.528,,,,
6/14/2017 7:00,14.8603,76.354,,,,
6/14/2017 7:15,14.8553,76.354,,,,
6/14/2017 7:30,14.8578,76.354,,,,
6/14/2017 7:45,14.8559,76.528,,,,
6/14/2017 8:00,14.8584,76.528,,,,
6/14/2017 8:15,14.8609,76.528,,,,
6/14/2017 8:30,14.8614,76.703,,,,
6/14/2017 8:45,14.8614,76.703,,,,
6/14/2017 9:00,14.8596,76.876,,,,
6/14/2017 9:15,14.8596,76.876,,,,
6/14/2017 9:30,14.8577,77.05,,,,
6/14/2017 9:45,14.8552,77.05,,,,
6/14/2017 10:00,14.8508,77.225,,,,
6/14/2017 10:15,14.8514,77.4,,,,
6/14/2017 10:30,14.8471,77.574,,,,
6/14/2017 10:45,14.8403,77.749,,,,
6/14/2017 11:00,14.8427,77.749,,,,
6/14/2017 11:15,14.8403,77.749,,,,
6/14/2017 11:30,14.8336,77.923,,,,
6/14/2017 11:45,14.8268,78.098,,,,
6/14/2017 12:00,14.8249,78.274,,,,
6/14/2017 12:15,14.8224,78.274,,,,
6/14/2017 12:30,14.8176,78.274,,,,
6/14/2017 12:45,14.8133,78.449,,,,
6/14/2017 13:00,14.8065,78.624,,,,
6/14/2017 13:15,14.8052,78.975,,,,
6/14/2017 13:30,14.8027,78.975,,,,
6/14/2017 13:45,14.7998,78.8,,,,
6/14/2017 14:00,14.7998,78.8,,,,
6/14/2017 14:15,14.7954,78.975,,,,
6/14/2017 14:30,14.7949,78.8,,,,
6/14/2017 14:45,14.7918,78.624,,,,
6/14/2017 15:00,14.7899,78.8,,,,
6/14/2017 15:15,14.7889,78.449,,,,
6/14/2017 15:30,14.7865,78.449,,,,
6/14/2017 15:45,14.7815,78.449,,,,
6/14/2017 16:00,14.7809,78.274,,,,
6/14/2017 16:15,14.7834,78.274,,,,
6/14/2017 16:30,14.7878,78.098,,,,
6/14/2017 16:45,14.7872,77.923,,,,
6/14/2017 17:00,14.7872,77.923,,,,
6/14/2017 17:15,14.7891,77.749,,,,
6/14/2017 17:30,14.7934,77.574,,,,
6/14/2017 17:45,14.7959,77.574,,,,
6/14/2017 18:00,14.7953,77.4,,,,
6/14/2017 18:15,14.8001,77.4,,,,
6/14/2017 18:30,14.7995,77.225,,,,
6/14/2017 18:45,14.802,77.225,,,,
6/14/2017 19:00,14.802,77.225,,,,
6/14/2017 19:15,14.802,77.225,,,,
6/14/2017 19:30,14.8014,77.05,,,,
6/14/2017 19:45,14.8014,77.05,,,,
6/14/2017 20:00,14.8039,77.05,,,,
6/14/2017 20:15,14.8088,77.05,,,,
6/14/2017 20:30,14.8088,77.05,,,,
6/14/2017 20:45,14.8113,77.05,,,,
6/14/2017 21:00,14.8088,77.05,,,,
6/14/2017 21:15,14.8057,76.876,,,,
6/14/2017 21:30,14.8057,76.876,,,,
6/14/2017 21:45,14.8082,76.876,,,,
6/14/2017 22:00,14.8107,76.876,,,,
6/14/2017 22:15,14.8057,76.876,,,,
6/14/2017 22:30,14.8156,76.876,,,,
6/14/2017 22:45,14.8303,76.876,,,,
6/14/2017 23:00,14.8522,76.876,,,,
6/14/2017 23:15,14.835,76.876,,,,
6/14/2017 23:30,14.8253,76.876,,,,
6/14/2017 23:45,14.8278,76.876,,,,
6/15/2017 0:00,14.84,76.876,,,,
6/15/2017 0:15,14.8497,76.876,,,,
6/15/2017 0:30,14.8419,76.703,,,,
6/15/2017 0:45,14.8468,76.703,,,,
6/15/2017 1:00,14.854,76.703,,,,
6/15/2017 1:15,14.8614,76.703,,,,
6/15/2017 1:30,14.8706,76.528,,,,
6/15/2017 1:45,14.9096,76.528,,,,
6/15/2017 2:00,14.9092,76.354,,,,
6/15/2017 2:15,14.9018,76.354,,,,
6/15/2017 2:30,14.8896,76.354,,,,
6/15/2017 2:45,14.8846,76.354,,,,
6/15/2017 3:00,14.8768,76.181,,,,
6/15/2017 3:15,14.8719,76.181,,,,
6/15/2017 3:30,14.8694,76.181,,,,
6/15/2017 3:45,14.8646,76.181,,,,
6/15/2017 4:00,14.8622,76.181,,,,
6/15/2017 4:15,14.8597,76.181,,,,
6/15/2017 4:30,14.8622,76.181,,,,
6/15/2017 4:45,14.8591,76.006,,,,
6/15/2017 5:00,14.8591,76.006,,,,
6/15/2017 5:15,14.8567,76.006,,,,
6/15/2017 5:30,14.8543,76.006,,,,
6/15/2017 5:45,14.8543,76.006,,,,
6/15/2017 6:00,14.8543,76.006,,,,
6/15/2017 6:15,14.8567,76.006,,,,
6/15/2017 6:30,14.8543,76.006,,,,
6/15/2017 6:45,14.8519,76.006,,,,
6/15/2017 7:00,14.8543,76.006,,,,
6/15/2017 7:15,14.8567,76.006,,,,
6/15/2017 7:30,14.8567,76.006,,,,
6/15/2017 7:45,14.8524,76.181,,,,
6/15/2017 8:00,14.85,76.181,,,,
6/15/2017 8:15,14.8524,76.181,,,,
6/15/2017 8:30,14.8475,76.181,,,,
6/15/2017 8:45,14.85,76.181,,,,
6/15/2017 9:00,14.8548,76.181,,,,
6/15/2017 9:15,14.8524,76.181,,,,
6/15/2017 9:30,14.8506,76.354,,,,
6/15/2017 9:45,14.8481,76.354,,,,
6/15/2017 10:00,14.8506,76.354,,,,
6/15/2017 10:15,14.845,76.181,,,,
6/15/2017 10:30,14.845,76.181,,,,
6/15/2017 10:45,14.845,76.181,,,,
6/15/2017 11:00,14.8432,76.354,,,,
6/15/2017 11:15,14.8382,76.354,,,,
6/15/2017 11:30,14.831,76.354,,,,
6/15/2017 11:45,14.831,76.354,,,,
6/15/2017 12:00,14.8285,76.354,,,,
6/15/2017 12:15,14.8285,76.354,,,,
6/15/2017 12:30,14.8236,76.354,,,,
6/15/2017 12:45,14.8188,76.354,,,,
6/15/2017 13:00,14.8163,76.354,,,,
6/15/2017 13:15,14.8139,76.354,,,,
6/15/2017 13:30,14.8089,76.354,,,,
6/15/2017 13:45,14.8041,76.354,,,,
6/15/2017 14:00,14.8066,76.354,,,,
6/15/2017 14:15,14.8041,76.354,,,,
6/15/2017 14:30,14.7992,76.354,,,,
6/15/2017 14:45,14.7943,76.354,,,,
6/15/2017 15:00,14.7943,76.354,,,,
6/15/2017 15:15,14.7986,76.181,,,,
6/15/2017 15:30,14.7986,76.181,,,,
6/15/2017 15:45,14.7986,76.181,,,,
6/15/2017 16:00,14.7957,76.006,,,,
6/15/2017 16:15,14.7957,76.006,,,,
6/15/2017 16:30,14.7981,76.006,,,,
6/15/2017 16:45,14.7952,75.832,,,,
6/15/2017 17:00,14.7999,75.832,,,,
6/15/2017 17:15,14.7976,75.832,,,,
6/15/2017 17:30,14.7995,75.659,,,,
6/15/2017 17:45,14.8043,75.659,,,,
6/15/2017 18:00,14.8018,75.659,,,,
6/15/2017 18:15,14.8043,75.659,,,,
6/15/2017 18:30,14.8062,75.484,,,,
6/15/2017 18:45,14.8014,75.484,,,,
6/15/2017 19:00,14.8037,75.484,,,,
6/15/2017 19:15,14.8014,75.484,,,,
6/15/2017 19:30,14.8014,75.484,,,,
6/15/2017 19:45,14.8111,75.484,,,,
6/15/2017 20:00,14.8111,75.484,,,,
6/15/2017 20:15,14.8136,75.484,,,,
6/15/2017 20:30,14.816,75.484,,,,
6/15/2017 20:45,14.8184,75.484,,,,
6/15/2017 21:00,14.8184,75.484,,,,
6/15/2017 21:15,14.8208,75.484,,,,
6/15/2017 21:30,14.8208,75.484,,,,
6/15/2017 21:45,14.8233,75.484,,,,
6/15/2017 22:00,14.8258,75.484,,,,
6/15/2017 22:15,14.8208,75.484,,,,
6/15/2017 22:30,14.8233,75.484,,,,
6/15/2017 22:45,14.8184,75.484,,,,
6/15/2017 23:00,14.816,75.484,,,,
6/15/2017 23:15,14.8136,75.484,,,,
6/15/2017 23:30,14.8136,75.484,,,,
6/15/2017 23:45,14.816,75.484,,,,
6/16/2017 0:00,14.816,75.484,,,,
6/16/2017 0:15,14.8136,75.484,,,,
6/16/2017 0:30,14.8142,75.659,,,,
6/16/2017 0:45,14.8165,75.659,,,,
6/16/2017 1:00,14.8142,75.659,,,,
6/16/2017 1:15,14.8142,75.659,,,,
6/16/2017 1:30,14.8142,75.659,,,,
6/16/2017 1:45,14.8142,75.659,,,,
6/16/2017 2:00,14.8142,75.659,,,,
6/16/2017 2:15,14.8068,75.659,,,,
6/16/2017 2:30,14.8043,75.659,,,,
6/16/2017 2:45,14.8068,75.659,,,,
6/16/2017 3:00,14.8092,75.659,,,,
6/16/2017 3:15,14.7995,75.659,,,,
6/16/2017 3:30,14.8043,75.659,,,,
6/16/2017 3:45,14.8043,75.659,,,,
6/16/2017 4:00,14.8018,75.659,,,,
6/16/2017 4:15,14.8043,75.659,,,,
6/16/2017 4:30,14.7995,75.659,,,,
6/16/2017 4:45,14.7995,75.659,,,,
6/16/2017 5:00,14.8014,75.484,,,,
6/16/2017 5:15,14.7995,75.659,,,,
6/16/2017 5:30,14.8018,75.659,,,,
6/16/2017 5:45,14.8092,75.659,,,,
6/16/2017 6:00,14.8086,75.484,,,,
6/16/2017 6:15,14.8086,75.484,,,,
6/16/2017 6:30,14.8111,75.484,,,,
6/16/2017 6:45,14.8136,75.484,,,,
6/16/2017 7:00,14.813,75.312,,,,
6/16/2017 7:15,14.813,75.312,,,,
6/16/2017 7:30,14.8179,75.312,,,,
6/16/2017 7:45,14.8179,75.312,,,,
6/16/2017 8:00,14.8202,75.312,,,,
6/16/2017 8:15,14.8258,75.484,,,,
6/16/2017 8:30,14.8282,75.484,,,,
6/16/2017 8:45,14.8239,75.659,,,,
6/16/2017 9:00,14.8292,75.832,,,,
6/16/2017 9:15,14.8274,76.006,,,,
6/16/2017 9:30,14.8231,76.181,,,,
6/16/2017 9:45,14.8255,76.181,,,,
6/16/2017 10:00,14.8213,76.354,,,,
6/16/2017 10:15,14.8236,76.354,,,,
6/16/2017 10:30,14.8163,76.354,,,,
6/16/2017 10:45,14.8217,76.528,,,,
6/16/2017 11:00,14.8194,76.528,,,,
6/16/2017 11:15,14.8194,76.528,,,,
6/16/2017 11:30,14.8198,76.703,,,,
6/16/2017 11:45,14.8126,76.703,,,,
6/16/2017 12:00,14.8131,76.876,,,,
6/16/2017 12:15,14.8082,76.876,,,,
6/16/2017 12:30,14.8107,76.876,,,,
6/16/2017 12:45,14.8076,76.703,,,,
6/16/2017 13:00,14.8057,76.876,,,,
6/16/2017 13:15,14.8033,76.876,,,,
6/16/2017 13:30,14.8014,77.05,,,,
6/16/2017 13:45,14.7972,77.225,,,,
6/16/2017 14:00,14.7928,77.4,,,,
6/16/2017 14:15,14.7885,77.574,,,,
6/16/2017 14:30,14.7872,77.923,,,,
6/16/2017 14:45,14.7878,78.098,,,,
6/16/2017 15:00,14.7866,77.749,,,,
6/16/2017 15:15,14.7854,77.4,,,,
6/16/2017 15:30,14.7849,77.225,,,,
6/16/2017 15:45,14.7867,77.05,,,,
6/16/2017 16:00,14.7838,76.876,,,,
6/16/2017 16:15,14.7863,76.876,,,,
6/16/2017 16:30,14.7838,76.876,,,,
6/16/2017 16:45,14.7882,76.703,,,,
6/16/2017 17:00,14.7857,76.703,,,,
6/16/2017 17:15,14.7895,76.354,,,,
6/16/2017 17:30,14.7938,76.181,,,,
6/16/2017 17:45,14.8005,76.006,,,,
6/16/2017 18:00,14.8005,76.006,,,,
6/16/2017 18:15,14.8024,75.832,,,,
6/16/2017 18:30,14.8098,75.832,,,,
6/16/2017 18:45,14.8123,75.832,,,,
6/16/2017 19:00,14.8171,75.832,,,,
6/16/2017 19:15,14.822,75.832,,,,
6/16/2017 19:30,14.8189,75.659,,,,
6/16/2017 19:45,14.8263,75.659,,,,
6/16/2017 20:00,14.8239,75.659,,,,
6/16/2017 20:15,14.8214,75.659,,,,
6/16/2017 20:30,14.8233,75.484,,,,
6/16/2017 20:45,14.8258,75.484,,,,
6/16/2017 21:00,14.8227,75.312,,,,
6/16/2017 21:15,14.8252,75.312,,,,
6/16/2017 21:30,14.8301,75.312,,,,
6/16/2017 21:45,14.8276,75.312,,,,
6/16/2017 22:00,14.8301,75.312,,,,
6/16/2017 22:15,14.8276,75.312,,,,
6/16/2017 22:30,14.8324,75.312,,,,
6/16/2017 22:45,14.8295,75.139,,,,
6/16/2017 23:00,14.8271,75.139,,,,
6/16/2017 23:15,14.8271,75.139,,,,
6/16/2017 23:30,14.8246,75.139,,,,
6/16/2017 23:45,14.8198,75.139,,,,
6/17/2017 0:00,14.8173,75.139,,,,
6/17/2017 0:15,14.8173,75.139,,,,
6/17/2017 0:30,14.8149,75.139,,,,
6/17/2017 0:45,14.8124,75.139,,,,
6/17/2017 1:00,14.8124,75.139,,,,
6/17/2017 1:15,14.8124,75.139,,,,
6/17/2017 1:30,14.8099,75.139,,,,
6/17/2017 1:45,14.8075,75.139,,,,
6/17/2017 2:00,14.8124,75.139,,,,
6/17/2017 2:15,14.8052,75.139,,,,
6/17/2017 2:30,14.8052,75.139,,,,
6/17/2017 2:45,14.8002,75.139,,,,
6/17/2017 3:00,14.8027,75.139,,,,
6/17/2017 3:15,14.7983,75.312,,,,
6/17/2017 3:30,14.7983,75.312,,,,
6/17/2017 3:45,14.7934,75.312,,,,
6/17/2017 4:00,14.7959,75.312,,,,
6/17/2017 4:15,14.7953,75.139,,,,
6/17/2017 4:30,14.7953,75.139,,,,
6/17/2017 4:45,14.7978,75.139,,,,
6/17/2017 5:00,14.7953,75.139,,,,
6/17/2017 5:15,14.7928,75.139,,,,
6/17/2017 5:30,14.7905,75.139,,,,
6/17/2017 5:45,14.7928,75.139,,,,
6/17/2017 6:00,14.7928,75.139,,,,
6/17/2017 6:15,14.7953,75.139,,,,
6/17/2017 6:30,14.7947,74.964,,,,
6/17/2017 6:45,14.7978,75.139,,,,
6/17/2017 7:00,14.8002,75.139,,,,
6/17/2017 7:15,14.8173,75.139,,,,
6/17/2017 7:30,14.8018,75.659,,,,
6/17/2017 7:45,14.8081,75.312,,,,
6/17/2017 8:00,14.8056,75.312,,,,
6/17/2017 8:15,14.8111,75.484,,,,
6/17/2017 8:30,14.8136,75.484,,,,
6/17/2017 8:45,14.8165,75.659,,,,
6/17/2017 9:00,14.8142,75.659,,,,
6/17/2017 9:15,14.8171,75.832,,,,
6/17/2017 9:30,14.8146,75.832,,,,
6/17/2017 9:45,14.8146,75.832,,,,
6/17/2017 10:00,14.8171,75.832,,,,
6/17/2017 10:15,14.8127,76.006,,,,
6/17/2017 10:30,14.8139,76.354,,,,
6/17/2017 10:45,14.807,76.528,,,,
6/17/2017 11:00,14.8052,76.703,,,,
6/17/2017 11:15,14.8004,76.703,,,,
6/17/2017 11:30,14.8004,76.703,,,,
6/17/2017 11:45,14.8028,76.703,,,,
6/17/2017 12:00,14.796,76.876,,,,
6/17/2017 12:15,14.7923,77.225,,,,
6/17/2017 12:30,14.786,77.574,,,,
6/17/2017 12:45,14.7859,78.274,,,,
6/17/2017 13:00,14.7846,78.624,,,,
6/17/2017 13:15,14.7759,78.975,,,,
6/17/2017 13:30,14.7789,79.151,,,,
6/17/2017 13:45,14.777,79.326,,,,
6/17/2017 14:00,14.7702,79.502,,,,
6/17/2017 14:15,14.7677,79.502,,,,
6/17/2017 14:30,14.7624,79.326,,,,
6/17/2017 14:45,14.7648,79.326,,,,
6/17/2017 15:00,14.7618,79.151,,,,
6/17/2017 15:15,14.7637,78.975,,,,
6/17/2017 15:30,14.7631,78.8,,,,
6/17/2017 15:45,14.7644,78.449,,,,
6/17/2017 16:00,14.7657,78.098,,,,
6/17/2017 16:15,14.7657,78.098,,,,
6/17/2017 16:30,14.7628,77.923,,,,
6/17/2017 16:45,14.7628,77.923,,,,
6/17/2017 17:00,14.7647,77.749,,,,
6/17/2017 17:15,14.7683,77.4,,,,
6/17/2017 17:30,14.7708,77.4,,,,
6/17/2017 17:45,14.7751,77.225,,,,
6/17/2017 18:00,14.777,77.05,,,,
6/17/2017 18:15,14.7838,76.876,,,,
6/17/2017 18:30,14.7789,76.876,,,,
6/17/2017 18:45,14.7814,76.876,,,,
6/17/2017 19:00,14.7808,76.703,,,,
6/17/2017 19:15,14.7857,76.703,,,,
6/17/2017 19:30,14.7857,76.703,,,,
6/17/2017 19:45,14.7924,76.528,,,,
6/17/2017 20:00,14.7949,76.528,,,,
6/17/2017 20:15,14.7949,76.528,,,,
6/17/2017 20:30,14.7943,76.354,,,,
6/17/2017 20:45,14.7968,76.354,,,,
6/17/2017 21:00,14.7992,76.354,,,,
6/17/2017 21:15,14.7992,76.354,,,,
6/17/2017 21:30,14.8011,76.181,,,,
6/17/2017 21:45,14.7986,76.181,,,,
6/17/2017 22:00,14.8036,76.181,,,,
6/17/2017 22:15,14.7986,76.181,,,,
6/17/2017 22:30,14.7986,76.181,,,,
6/17/2017 22:45,14.7986,76.181,,,,
6/17/2017 23:00,14.8011,76.181,,,,
6/17/2017 23:15,14.7986,76.181,,,,
6/17/2017 23:30,14.7992,76.354,,,,
6/17/2017 23:45,14.792,76.354,,,,
6/18/2017 0:00,14.7992,76.354,,,,
6/18/2017 0:15,14.792,76.354,,,,
6/18/2017 0:30,14.7943,76.354,,,,
6/18/2017 0:45,14.7895,76.354,,,,
6/18/2017 1:00,14.787,76.354,,,,
6/18/2017 1:15,14.7895,76.354,,,,
6/18/2017 1:30,14.7962,76.181,,,,
6/18/2017 1:45,14.8085,76.181,,,,
6/18/2017 2:00,14.8108,76.181,,,,
6/18/2017 2:15,14.8011,76.181,,,,
6/18/2017 2:30,14.7986,76.181,,,,
6/18/2017 2:45,14.7981,76.006,,,,
6/18/2017 3:00,14.7957,76.006,,,,
6/18/2017 3:15,14.7908,76.006,,,,
6/18/2017 3:30,14.7908,76.006,,,,
6/18/2017 3:45,14.7883,76.006,,,,
6/18/2017 4:00,14.7883,76.006,,,,
6/18/2017 4:15,14.7902,75.832,,,,
6/18/2017 4:30,14.7878,75.832,,,,
6/18/2017 4:45,14.7853,75.832,,,,
6/18/2017 5:00,14.7805,75.832,,,,
6/18/2017 5:15,14.7872,75.659,,,,
6/18/2017 5:30,14.7872,75.659,,,,
6/18/2017 5:45,14.7896,75.659,,,,
6/18/2017 6:00,14.7896,75.659,,,,
6/18/2017 6:15,14.7891,75.484,,,,
6/18/2017 6:30,14.7915,75.484,,,,
6/18/2017 6:45,14.794,75.484,,,,
6/18/2017 7:00,14.7965,75.484,,,,
6/18/2017 7:15,14.7965,75.484,,,,
6/18/2017 7:30,14.8014,75.484,,,,
6/18/2017 7:45,14.8014,75.484,,,,
6/18/2017 8:00,14.8018,75.659,,,,
6/18/2017 8:15,14.8043,75.659,,,,
6/18/2017 8:30,14.8073,75.832,,,,
6/18/2017 8:45,14.8098,75.832,,,,
6/18/2017 9:00,14.8104,76.006,,,,
6/18/2017 9:15,14.8079,76.006,,,,
6/18/2017 9:30,14.806,76.181,,,,
6/18/2017 9:45,14.8089,76.354,,,,
6/18/2017 10:00,14.8066,76.354,,,,
6/18/2017 10:15,14.8028,76.703,,,,
6/18/2017 10:30,14.8033,76.876,,,,
6/18/2017 10:45,14.801,76.876,,,,
6/18/2017 11:00,14.7995,77.225,,,,
6/18/2017 11:15,14.7953,77.4,,,,
6/18/2017 11:30,14.7928,77.4,,,,
6/18/2017 11:45,14.7909,77.574,,,,
6/18/2017 12:00,14.7891,77.749,,,,
6/18/2017 12:15,14.7817,77.749,,,,
6/18/2017 12:30,14.7804,78.098,,,,
6/18/2017 12:45,14.7718,78.449,,,,
6/18/2017 13:00,14.7772,78.624,,,,
6/18/2017 13:15,14.7734,78.975,,,,
6/18/2017 13:30,14.7692,79.151,,,,
6/18/2017 13:45,14.7648,79.326,,,,
6/18/2017 14:00,14.7648,79.326,,,,
6/18/2017 14:15,14.7599,79.326,,,,
6/18/2017 14:30,14.7599,79.326,,,,
6/18/2017 14:45,14.7569,79.151,,,,
6/18/2017 15:00,14.7569,79.151,,,,
6/18/2017 15:15,14.7563,78.975,,,,
6/18/2017 15:30,14.7572,78.449,,,,
6/18/2017 15:45,14.7541,78.274,,,,
6/18/2017 16:00,14.7535,78.098,,,,
6/18/2017 16:15,14.7524,77.749,,,,
6/18/2017 16:30,14.7561,77.4,,,,
6/18/2017 16:45,14.7556,77.225,,,,
6/18/2017 17:00,14.7574,77.05,,,,
6/18/2017 17:15,14.757,76.876,,,,
6/18/2017 17:30,14.7612,76.703,,,,
6/18/2017 17:45,14.7637,76.703,,,,
6/18/2017 18:00,14.7656,76.528,,,,
6/18/2017 18:15,14.7724,76.354,,,,
6/18/2017 18:30,14.7773,76.354,,,,
6/18/2017 18:45,14.7743,76.181,,,,
6/18/2017 19:00,14.7792,76.181,,,,
6/18/2017 19:15,14.7815,76.181,,,,
6/18/2017 19:30,14.7811,76.006,,,,
6/18/2017 19:45,14.7834,76.006,,,,
6/18/2017 20:00,14.7834,76.006,,,,
6/18/2017 20:15,14.7834,76.006,,,,
6/18/2017 20:30,14.7883,76.006,,,,
6/18/2017 20:45,14.7908,76.006,,,,
6/18/2017 21:00,14.7933,76.006,,,,
6/18/2017 21:15,14.7957,76.006,,,,
6/18/2017 21:30,14.7927,75.832,,,,
6/18/2017 21:45,14.7976,75.832,,,,
6/18/2017 22:00,14.7976,75.832,,,,
6/18/2017 22:15,14.7952,75.832,,,,
6/18/2017 22:30,14.7976,75.832,,,,
6/18/2017 22:45,14.7952,75.832,,,,
6/18/2017 23:00,14.7902,75.832,,,,
6/18/2017 23:15,14.7902,75.832,,,,
6/18/2017 23:30,14.7853,75.832,,,,
6/18/2017 23:45,14.7927,75.832,,,,
6/19/2017 0:00,14.7927,75.832,,,,
6/19/2017 0:15,14.7902,75.832,,,,
6/19/2017 0:30,14.7902,75.832,,,,
6/19/2017 0:45,14.7853,75.832,,,,
6/19/2017 1:00,14.7805,75.832,,,,
6/19/2017 1:15,14.778,75.832,,,,
6/19/2017 1:30,14.7731,75.832,,,,
6/19/2017 1:45,14.7731,75.832,,,,
6/19/2017 2:00,14.7706,75.832,,,,
6/19/2017 2:15,14.7683,75.832,,,,
6/19/2017 2:30,14.7706,75.832,,,,
6/19/2017 2:45,14.7683,75.832,,,,
6/19/2017 3:00,14.7609,75.832,,,,
6/19/2017 3:15,14.7609,75.832,,,,
6/19/2017 3:30,14.756,75.832,,,,
6/19/2017 3:45,14.7585,75.832,,,,
6/19/2017 4:00,14.7634,75.832,,,,
6/19/2017 4:15,14.7609,75.832,,,,
6/19/2017 4:30,14.7634,75.832,,,,
6/19/2017 4:45,14.7683,75.832,,,,
6/19/2017 5:00,14.7706,75.832,,,,
6/19/2017 5:15,14.7706,75.832,,,,
6/19/2017 5:30,14.7683,75.832,,,,
6/19/2017 5:45,14.7706,75.832,,,,
6/19/2017 6:00,14.7731,75.832,,,,
6/19/2017 6:15,14.7706,75.832,,,,
6/19/2017 6:30,14.7731,75.832,,,,
6/19/2017 6:45,14.778,75.832,,,,
6/19/2017 7:00,14.7762,76.006,,,,
6/19/2017 7:15,14.7811,76.006,,,,
6/19/2017 7:30,14.7834,76.006,,,,
6/19/2017 7:45,14.7859,76.006,,,,
6/19/2017 8:00,14.7865,76.181,,,,
6/19/2017 8:15,14.7938,76.181,,,,
6/19/2017 8:30,14.7895,76.354,,,,
6/19/2017 8:45,14.7924,76.528,,,,
6/19/2017 9:00,14.793,76.703,,,,
6/19/2017 9:15,14.7905,76.703,,,,
6/19/2017 9:30,14.7936,76.876,,,,
6/19/2017 9:45,14.7941,77.05,,,,
6/19/2017 10:00,14.7947,77.225,,,,
6/19/2017 10:15,14.7879,77.4,,,,
6/19/2017 10:30,14.7904,77.4,,,,
6/19/2017 10:45,14.7896,77.923,,,,
6/19/2017 11:00,14.7828,78.098,,,,
6/19/2017 11:15,14.7785,78.274,,,,
6/19/2017 11:30,14.7743,78.449,,,,
6/19/2017 11:45,14.7724,78.624,,,,
6/19/2017 12:00,14.7759,78.975,,,,
6/19/2017 12:15,14.7686,78.975,,,,
6/19/2017 12:30,14.7656,78.8,,,,
6/19/2017 12:45,14.7675,78.624,,,,
6/19/2017 13:00,14.7631,78.8,,,,
6/19/2017 13:15,14.7593,79.151,,,,
6/19/2017 13:30,14.7534,78.8,,,,
6/19/2017 13:45,14.7515,78.975,,,,
6/19/2017 14:00,14.7496,79.151,,,,
6/19/2017 14:15,14.7508,79.502,,,,
6/19/2017 14:30,14.7458,79.502,,,,
6/19/2017 14:45,14.7453,79.326,,,,
6/19/2017 15:00,14.7428,79.326,,,,
6/19/2017 15:15,14.7447,79.151,,,,
6/19/2017 15:30,14.7441,78.975,,,,
6/19/2017 15:45,14.7454,78.624,,,,
6/19/2017 16:00,14.7534,78.8,,,,
6/19/2017 16:15,14.7766,78.449,,,,
6/19/2017 16:30,14.7601,78.624,,,,
6/19/2017 16:45,14.7601,78.624,,,,
6/19/2017 17:00,14.7572,78.449,,,,
6/19/2017 17:15,14.7585,78.098,,,,
6/19/2017 17:30,14.7651,77.923,,,,
6/19/2017 17:45,14.7628,77.923,,,,
6/19/2017 18:00,14.767,77.749,,,,
6/19/2017 18:15,14.7664,77.574,,,,
6/19/2017 18:30,14.7689,77.574,,,,
6/19/2017 18:45,14.7733,77.4,,,,
6/19/2017 19:00,14.7757,77.4,,,,
6/19/2017 19:15,14.7807,77.4,,,,
6/19/2017 19:30,14.7825,77.225,,,,
6/19/2017 19:45,14.7904,77.4,,,,
6/19/2017 20:00,14.8069,77.225,,,,
6/19/2017 20:15,14.8044,77.225,,,,
6/19/2017 20:30,14.802,77.225,,,,
6/19/2017 20:45,14.802,77.225,,,,
6/19/2017 21:00,14.8063,77.05,,,,
6/19/2017 21:15,14.8088,77.05,,,,
6/19/2017 21:30,14.8014,77.05,,,,
6/19/2017 21:45,14.8088,77.05,,,,
6/19/2017 22:00,14.8039,77.05,,,,
6/19/2017 22:15,14.8033,76.876,,,,
6/19/2017 22:30,14.8033,76.876,,,,
6/19/2017 22:45,14.8057,76.876,,,,
6/19/2017 23:00,14.8082,76.876,,,,
6/19/2017 23:15,14.8082,76.876,,,,
6/19/2017 23:30,14.8033,76.876,,,,
6/19/2017 23:45,14.801,76.876,,,,
6/20/2017 0:00,14.8033,76.876,,,,
6/20/2017 0:15,14.801,76.876,,,,
6/20/2017 0:30,14.796,76.876,,,,
6/20/2017 0:45,14.8033,76.876,,,,
6/20/2017 1:00,14.801,76.876,,,,
6/20/2017 1:15,14.796,76.876,,,,
6/20/2017 1:30,14.7936,76.876,,,,
6/20/2017 1:45,14.7911,76.876,,,,
6/20/2017 2:00,14.7886,76.876,,,,
6/20/2017 2:15,14.7886,76.876,,,,
6/20/2017 2:30,14.7886,76.876,,,,
6/20/2017 2:45,14.7863,76.876,,,,
6/20/2017 3:00,14.7863,76.876,,,,
6/20/2017 3:15,14.7886,76.876,,,,
6/20/2017 3:30,14.7886,76.876,,,,
6/20/2017 3:45,14.7886,76.876,,,,
6/20/2017 4:00,14.796,76.876,,,,
6/20/2017 4:15,14.8057,76.876,,,,
6/20/2017 4:30,14.8082,76.876,,,,
6/20/2017 4:45,14.8229,76.876,,,,
6/20/2017 5:00,14.8321,76.703,,,,
6/20/2017 5:15,14.8247,76.703,,,,
6/20/2017 5:30,14.8297,76.703,,,,
6/20/2017 5:45,14.8272,76.703,,,,
6/20/2017 6:00,14.8297,76.703,,,,
6/20/2017 6:15,14.8247,76.703,,,,
6/20/2017 6:30,14.8247,76.703,,,,
6/20/2017 6:45,14.8198,76.703,,,,
6/20/2017 7:00,14.8223,76.703,,,,
6/20/2017 7:15,14.8223,76.703,,,,
6/20/2017 7:30,14.8272,76.703,,,,
6/20/2017 7:45,14.8303,76.876,,,,
6/20/2017 8:00,14.8278,76.876,,,,
6/20/2017 8:15,14.8253,76.876,,,,
6/20/2017 8:30,14.8284,77.05,,,,
6/20/2017 8:45,14.8259,77.05,,,,
6/20/2017 9:00,14.8284,77.05,,,,
6/20/2017 9:15,14.8259,77.05,,,,
6/20/2017 9:30,14.8259,77.05,,,,
6/20/2017 9:45,14.8387,77.225,,,,
6/20/2017 10:00,14.8714,77.574,,,,
6/20/2017 10:15,14.8567,78.274,,,,
6/20/2017 10:30,14.8513,78.098,,,,
6/20/2017 10:45,14.8458,77.923,,,,
6/20/2017 11:00,14.8488,78.098,,,,
6/20/2017 11:15,14.8488,78.098,,,,
6/20/2017 11:30,14.8482,77.923,,,,
6/20/2017 11:45,14.8433,77.923,,,,
6/20/2017 12:00,14.8427,77.749,,,,
6/20/2017 12:15,14.8374,77.574,,,,
6/20/2017 12:30,14.8374,77.574,,,,
6/20/2017 12:45,14.8318,77.4,,,,
6/20/2017 13:00,14.8288,77.225,,,,
6/20/2017 13:15,14.8216,77.225,,,,
6/20/2017 13:30,14.8221,77.4,,,,
6/20/2017 13:45,14.8197,77.4,,,,
6/20/2017 14:00,14.8147,77.4,,,,
6/20/2017 14:15,14.8123,77.4,,,,
6/20/2017 14:30,14.8099,77.4,,,,
6/20/2017 14:45,14.8026,77.4,,,,
6/20/2017 15:00,14.8026,77.4,,,,
6/20/2017 15:15,14.8026,77.4,,,,
6/20/2017 15:30,14.8001,77.4,,,,
6/20/2017 15:45,14.802,77.225,,,,
6/20/2017 16:00,14.802,77.225,,,,
6/20/2017 16:15,14.8044,77.225,,,,
6/20/2017 16:30,14.802,77.225,,,,
6/20/2017 16:45,14.7995,77.225,,,,
6/20/2017 17:00,14.7966,77.05,,,,
6/20/2017 17:15,14.7991,77.05,,,,
6/20/2017 17:30,14.8088,77.05,,,,
6/20/2017 17:45,14.8156,76.876,,,,
6/20/2017 18:00,14.8179,76.876,,,,
6/20/2017 18:15,14.8131,76.876,,,,
6/20/2017 18:30,14.8175,76.703,,,,
6/20/2017 18:45,14.8175,76.703,,,,
6/20/2017 19:00,14.8169,76.528,,,,
6/20/2017 19:15,14.8217,76.528,,,,
6/20/2017 19:30,14.8266,76.528,,,,
6/20/2017 19:45,14.8236,76.354,,,,
6/20/2017 20:00,14.8236,76.354,,,,
6/20/2017 20:15,14.8236,76.354,,,,
6/20/2017 20:30,14.826,76.354,,,,
6/20/2017 20:45,14.8213,76.354,,,,
6/20/2017 21:00,14.8231,76.181,,,,
6/20/2017 21:15,14.8231,76.181,,,,
6/20/2017 21:30,14.8231,76.181,,,,
6/20/2017 21:45,14.8207,76.181,,,,
6/20/2017 22:00,14.8182,76.181,,,,
6/20/2017 22:15,14.8231,76.181,,,,
6/20/2017 22:30,14.8182,76.181,,,,
6/20/2017 22:45,14.8182,76.181,,,,
6/20/2017 23:00,14.8207,76.181,,,,
6/20/2017 23:15,14.8207,76.181,,,,
6/20/2017 23:30,14.8207,76.181,,,,
6/20/2017 23:45,14.8207,76.181,,,,
6/21/2017 0:00,14.8182,76.181,,,,
6/21/2017 0:15,14.8182,76.181,,,,
6/21/2017 0:30,14.8182,76.181,,,,
6/21/2017 0:45,14.8157,76.181,,,,
6/21/2017 1:00,14.8108,76.181,,,,
6/21/2017 1:15,14.8108,76.181,,,,
6/21/2017 1:30,14.8163,76.354,,,,
6/21/2017 1:45,14.8114,76.354,,,,
6/21/2017 2:00,14.8114,76.354,,,,
6/21/2017 2:15,14.8041,76.354,,,,
6/21/2017 2:30,14.8041,76.354,,,,
6/21/2017 2:45,14.8017,76.354,,,,
6/21/2017 3:00,14.7992,76.354,,,,
6/21/2017 3:15,14.7968,76.354,,,,
6/21/2017 3:30,14.8095,76.528,,,,
6/21/2017 3:45,14.8363,76.528,,,,
6/21/2017 4:00,14.9579,76.354,,,,
6/21/2017 4:15,15.0043,76.354,,,,
6/21/2017 4:30,14.975,76.354,,,,
6/21/2017 4:45,15.0018,76.354,,,,
6/21/2017 5:00,14.9769,76.181,,,,
6/21/2017 5:15,15.0208,76.181,,,,
6/21/2017 5:30,14.9984,76.006,,,,
6/21/2017 5:45,14.9885,76.006,,,,
6/21/2017 6:00,14.9812,76.006,,,,
6/21/2017 6:15,14.9738,76.006,,,,
6/21/2017 6:30,14.9641,76.006,,,,
6/21/2017 6:45,14.9617,76.006,,,,
6/21/2017 7:00,14.9738,76.006,,,,
6/21/2017 7:15,14.991,76.006,,,,
6/21/2017 7:30,14.991,76.006,,,,
6/21/2017 7:45,14.9984,76.006,,,,
6/21/2017 8:00,15.0081,76.006,,,,
6/21/2017 8:15,15.0087,76.181,,,,
6/21/2017 8:30,15.0111,76.181,,,,
6/21/2017 8:45,15.0018,76.354,,,,
6/21/2017 9:00,14.997,76.354,,,,
6/21/2017 9:15,14.9878,76.528,,,,
6/21/2017 9:30,14.9859,76.703,,,,
6/21/2017 9:45,14.9792,76.876,,,,
6/21/2017 10:00,14.9724,77.05,,,,
6/21/2017 10:15,14.9675,77.05,,,,
6/21/2017 10:30,14.9614,77.4,,,,
6/21/2017 10:45,14.9546,77.574,,,,
6/21/2017 11:00,14.9448,77.574,,,,
6/21/2017 11:15,14.938,77.749,,,,
6/21/2017 11:30,14.9306,77.749,,,,
6/21/2017 11:45,14.9234,77.749,,,,
6/21/2017 12:00,14.9137,77.749,,,,
6/21/2017 12:15,14.9093,77.923,,,,
6/21/2017 12:30,14.9044,77.923,,,,
6/21/2017 12:45,14.8976,78.098,,,,
6/21/2017 13:00,14.8933,78.274,,,,
6/21/2017 13:15,14.8859,78.274,,,,
6/21/2017 13:30,14.8829,78.098,,,,
6/21/2017 13:45,14.8781,78.098,,,,
6/21/2017 14:00,14.8781,78.098,,,,
6/21/2017 14:15,14.8707,78.098,,,,
6/21/2017 14:30,14.8701,77.923,,,,
6/21/2017 14:45,14.8629,77.923,,,,
6/21/2017 15:00,14.858,77.923,,,,
6/21/2017 15:15,14.8507,77.923,,,,
6/21/2017 15:30,14.8482,77.923,,,,
6/21/2017 15:45,14.8427,77.749,,,,
6/21/2017 16:00,14.8427,77.749,,,,
6/21/2017 16:15,14.8379,77.749,,,,
6/21/2017 16:30,14.8374,77.574,,,,
6/21/2017 16:45,14.8349,77.574,,,,
6/21/2017 17:00,14.8349,77.574,,,,
6/21/2017 17:15,14.8374,77.574,,,,
6/21/2017 17:30,14.8374,77.574,,,,
6/21/2017 17:45,14.8398,77.574,,,,
6/21/2017 18:00,14.8343,77.4,,,,
6/21/2017 18:15,14.8368,77.4,,,,
6/21/2017 18:30,14.8343,77.4,,,,
6/21/2017 18:45,14.8318,77.4,,,,
6/21/2017 19:00,14.8318,77.4,,,,
6/21/2017 19:15,14.8368,77.4,,,,
6/21/2017 19:30,14.8368,77.4,,,,
6/21/2017 19:45,14.8343,77.4,,,,
6/21/2017 20:00,14.8392,77.4,,,,
6/21/2017 20:15,14.8417,77.4,,,,
6/21/2017 20:30,14.8387,77.225,,,,
6/21/2017 20:45,14.8387,77.225,,,,
6/21/2017 21:00,14.8387,77.225,,,,
6/21/2017 21:15,14.8362,77.225,,,,
6/21/2017 21:30,14.8435,77.225,,,,
6/21/2017 21:45,14.8484,77.225,,,,
6/21/2017 22:00,14.8411,77.225,,,,
6/21/2017 22:15,14.8387,77.225,,,,
6/21/2017 22:30,14.8435,77.225,,,,
6/21/2017 22:45,14.8411,77.225,,,,
6/21/2017 23:00,14.8411,77.225,,,,
6/21/2017 23:15,14.8435,77.225,,,,
6/21/2017 23:30,14.8381,77.05,,,,
6/21/2017 23:45,14.8356,77.05,,,,
6/22/2017 0:00,14.8332,77.05,,,,
6/22/2017 0:15,14.8356,77.05,,,,
6/22/2017 0:30,14.8307,77.05,,,,
6/22/2017 0:45,14.8307,77.05,,,,
6/22/2017 1:00,14.8284,77.05,,,,
6/22/2017 1:15,14.8284,77.05,,,,
6/22/2017 1:30,14.8284,77.05,,,,
6/22/2017 1:45,14.8259,77.05,,,,
6/22/2017 2:00,14.821,77.05,,,,
6/22/2017 2:15,14.821,77.05,,,,
6/22/2017 2:30,14.8137,77.05,,,,
6/22/2017 2:45,14.8113,77.05,,,,
6/22/2017 3:00,14.8113,77.05,,,,
6/22/2017 3:15,14.8063,77.05,,,,
6/22/2017 3:30,14.8063,77.05,,,,
6/22/2017 3:45,14.8063,77.05,,,,
6/22/2017 4:00,14.8039,77.05,,,,
6/22/2017 4:15,14.8039,77.05,,,,
6/22/2017 4:30,14.8014,77.05,,,,
6/22/2017 4:45,14.8063,77.05,,,,
6/22/2017 5:00,14.8113,77.05,,,,
6/22/2017 5:15,14.8039,77.05,,,,
6/22/2017 5:30,14.8088,77.05,,,,
6/22/2017 5:45,14.8088,77.05,,,,
6/22/2017 6:00,14.816,77.05,,,,
6/22/2017 6:15,14.8179,76.876,,,,
6/22/2017 6:30,14.8253,76.876,,,,
6/22/2017 6:45,14.8326,76.876,,,,
6/22/2017 7:00,14.8406,77.05,,,,
6/22/2017 7:15,14.8406,77.05,,,,
6/22/2017 7:30,14.8453,77.05,,,,
6/22/2017 7:45,14.8478,77.05,,,,
6/22/2017 8:00,14.8527,77.05,,,,
6/22/2017 8:15,14.86,77.05,,,,
6/22/2017 8:30,14.8625,77.05,,,,
6/22/2017 8:45,14.8752,77.225,,,,
6/22/2017 9:00,14.8777,77.225,,,,
6/22/2017 9:15,14.8777,77.225,,,,
6/22/2017 9:30,14.8777,77.225,,,,
6/22/2017 9:45,14.882,77.05,,,,
6/22/2017 10:00,14.8845,77.05,,,,
6/22/2017 10:15,14.887,77.05,,,,
6/22/2017 10:30,14.8942,77.05,,,,
6/22/2017 10:45,14.8942,77.05,,,,
6/22/2017 11:00,14.8894,77.05,,,,
6/22/2017 11:15,14.8851,77.225,,,,
6/22/2017 11:30,14.8875,77.225,,,,
6/22/2017 11:45,14.8894,77.05,,,,
6/22/2017 12:00,14.8899,77.225,,,,
6/22/2017 12:15,14.8851,77.225,,,,
6/22/2017 12:30,14.8807,77.4,,,,
6/22/2017 12:45,14.8758,77.4,,,,
6/22/2017 13:00,14.8777,77.225,,,,
6/22/2017 13:15,14.8801,77.225,,,,
6/22/2017 13:30,14.8723,77.05,,,,
6/22/2017 13:45,14.8771,77.05,,,,
6/22/2017 14:00,14.8748,77.05,,,,
6/22/2017 14:15,14.8674,77.05,,,,
6/22/2017 14:30,14.882,77.05,,,,
6/22/2017 14:45,14.8845,77.05,,,,
6/22/2017 15:00,14.882,77.05,,,,
6/22/2017 15:15,14.8864,76.876,,,,
6/22/2017 15:30,14.8912,76.876,,,,
6/22/2017 15:45,14.8936,76.876,,,,
6/22/2017 16:00,14.8986,76.876,,,,
6/22/2017 16:15,14.898,76.703,,,,
6/22/2017 16:30,14.9054,76.703,,,,
6/22/2017 16:45,14.9126,76.703,,,,
6/22/2017 17:00,14.9219,76.528,,,,
6/22/2017 17:15,14.917,76.528,,,,
6/22/2017 17:30,14.9096,76.528,,,,
6/22/2017 17:45,14.917,76.528,,,,
6/22/2017 18:00,14.9195,76.528,,,,
6/22/2017 18:15,14.9189,76.354,,,,
6/22/2017 18:30,14.9261,76.354,,,,
6/22/2017 18:45,14.9261,76.354,,,,
6/22/2017 19:00,14.9261,76.354,,,,
6/22/2017 19:15,14.9238,76.354,,,,
6/22/2017 19:30,14.9238,76.354,,,,
6/22/2017 19:45,14.9213,76.354,,,,
6/22/2017 20:00,14.9189,76.354,,,,
6/22/2017 20:15,14.9115,76.354,,,,
6/22/2017 20:30,14.9208,76.181,,,,
6/22/2017 20:45,14.9208,76.181,,,,
6/22/2017 21:00,14.9183,76.181,,,,
6/22/2017 21:15,14.9158,76.181,,,,
6/22/2017 21:30,14.9158,76.181,,,,
6/22/2017 21:45,14.9134,76.181,,,,
6/22/2017 22:00,14.9086,76.181,,,,
6/22/2017 22:15,14.9086,76.181,,,,
6/22/2017 22:30,14.9012,76.181,,,,
6/22/2017 22:45,14.8987,76.181,,,,
6/22/2017 23:00,14.8915,76.181,,,,
6/22/2017 23:15,14.8915,76.181,,,,
6/22/2017 23:30,14.8841,76.181,,,,
6/22/2017 23:45,14.8865,76.181,,,,
6/23/2017 0:00,14.8865,76.181,,,,
6/23/2017 0:15,14.8817,76.181,,,,
6/23/2017 0:30,14.8817,76.181,,,,
6/23/2017 0:45,14.8865,76.181,,,,
6/23/2017 1:00,14.8817,76.181,,,,
6/23/2017 1:15,14.8793,76.181,,,,
6/23/2017 1:30,14.8774,76.354,,,,
6/23/2017 1:45,14.87,76.354,,,,
6/23/2017 2:00,14.8675,76.354,,,,
6/23/2017 2:15,14.8652,76.354,,,,
6/23/2017 2:30,14.8603,76.354,,,,
6/23/2017 2:45,14.8553,76.354,,,,
6/23/2017 3:00,14.8506,76.354,,,,
6/23/2017 3:15,14.8432,76.354,,,,
6/23/2017 3:30,14.8407,76.354,,,,
6/23/2017 3:45,14.8359,76.354,,,,
6/23/2017 4:00,14.8334,76.354,,,,
6/23/2017 4:15,14.8359,76.354,,,,
6/23/2017 4:30,14.8382,76.354,,,,
6/23/2017 4:45,14.8382,76.354,,,,
6/23/2017 5:00,14.8407,76.354,,,,
6/23/2017 5:15,14.8359,76.354,,,,
6/23/2017 5:30,14.8382,76.354,,,,
6/23/2017 5:45,14.8407,76.354,,,,
6/23/2017 6:00,14.8382,76.354,,,,
6/23/2017 6:15,14.8382,76.354,,,,
6/23/2017 6:30,14.8413,76.528,,,,
6/23/2017 6:45,14.8413,76.528,,,,
6/23/2017 7:00,14.8413,76.528,,,,
6/23/2017 7:15,14.8413,76.528,,,,
6/23/2017 7:30,14.8487,76.528,,,,
6/23/2017 7:45,14.8462,76.528,,,,
6/23/2017 8:00,14.8468,76.703,,,,
6/23/2017 8:15,14.8491,76.703,,,,
6/23/2017 8:30,14.8491,76.703,,,,
6/23/2017 8:45,14.8497,76.876,,,,
6/23/2017 9:00,14.8527,77.05,,,,
6/23/2017 9:15,14.8478,77.05,,,,
6/23/2017 9:30,14.8508,77.225,,,,
6/23/2017 9:45,14.8484,77.225,,,,
6/23/2017 10:00,14.849,77.4,,,,
6/23/2017 10:15,14.8465,77.4,,,,
6/23/2017 10:30,14.8495,77.574,,,,
6/23/2017 10:45,14.8403,77.749,,,,
6/23/2017 11:00,14.8336,77.923,,,,
6/23/2017 11:15,14.8366,78.098,,,,
6/23/2017 11:30,14.8342,78.098,,,,
6/23/2017 11:45,14.8371,78.274,,,,
6/23/2017 12:00,14.8298,78.274,,,,
6/23/2017 12:15,14.8249,78.274,,,,
6/23/2017 12:30,14.8201,78.274,,,,
6/23/2017 12:45,14.8157,78.449,,,,
6/23/2017 13:00,14.8108,78.449,,,,
6/23/2017 13:15,14.8108,78.449,,,,
6/23/2017 13:30,14.8065,78.624,,,,
6/23/2017 13:45,14.8052,78.975,,,,
6/23/2017 14:00,14.8046,78.8,,,,
6/23/2017 14:15,14.8021,78.8,,,,
6/23/2017 14:30,14.7992,78.624,,,,
6/23/2017 14:45,14.8017,78.624,,,,
6/23/2017 15:00,14.8005,78.274,,,,
6/23/2017 15:15,14.7956,78.274,,,,
6/23/2017 15:30,14.7883,78.274,,,,
6/23/2017 15:45,14.7907,78.274,,,,
6/23/2017 16:00,14.7902,78.098,,,,
6/23/2017 16:15,14.7896,77.923,,,,
6/23/2017 16:30,14.7944,77.923,,,,
6/23/2017 16:45,14.7891,77.749,,,,
6/23/2017 17:00,14.7866,77.749,,,,
6/23/2017 17:15,14.7915,77.749,,,,
6/23/2017 17:30,14.7934,77.574,,,,
6/23/2017 17:45,14.8227,77.574,,,,
6/23/2017 18:00,14.8062,77.749,,,,
6/23/2017 18:15,14.8007,77.574,,,,
6/23/2017 18:30,14.805,77.4,,,,
6/23/2017 18:45,14.8099,77.4,,,,
6/23/2017 19:00,14.8118,77.225,,,,
6/23/2017 19:15,14.8142,77.225,,,,
6/23/2017 19:30,14.8191,77.225,,,,
6/23/2017 19:45,14.8142,77.225,,,,
6/23/2017 20:00,14.8216,77.225,,,,
6/23/2017 20:15,14.8234,77.05,,,,
6/23/2017 20:30,14.821,77.05,,,,
6/23/2017 20:45,14.816,77.05,,,,
6/23/2017 21:00,14.8185,77.05,,,,
6/23/2017 21:15,14.8185,77.05,,,,
6/23/2017 21:30,14.821,77.05,,,,
6/23/2017 21:45,14.8234,77.05,,,,
6/23/2017 22:00,14.8137,77.05,,,,
6/23/2017 22:15,14.8137,77.05,,,,
6/23/2017 22:30,14.816,77.05,,,,
6/23/2017 22:45,14.8137,77.05,,,,
6/23/2017 23:00,14.8137,77.05,,,,
6/23/2017 23:15,14.8113,77.05,,,,
6/23/2017 23:30,14.8113,77.05,,,,
6/23/2017 23:45,14.8113,77.05,,,,
6/24/2017 0:00,14.8088,77.05,,,,
6/24/2017 0:15,14.8113,77.05,,,,
6/24/2017 0:30,14.8088,77.05,,,,
6/24/2017 0:45,14.8113,77.05,,,,
6/24/2017 1:00,14.816,77.05,,,,
6/24/2017 1:15,14.8088,77.05,,,,
6/24/2017 1:30,14.8113,77.05,,,,
6/24/2017 1:45,14.8107,76.876,,,,
6/24/2017 2:00,14.8082,76.876,,,,
6/24/2017 2:15,14.8057,76.876,,,,
6/24/2017 2:30,14.8033,76.876,,,,
6/24/2017 2:45,14.7985,76.876,,,,
6/24/2017 3:00,14.7936,76.876,,,,
6/24/2017 3:15,14.7936,76.876,,,,
6/24/2017 3:30,14.7905,76.703,,,,
6/24/2017 3:45,14.7857,76.703,,,,
6/24/2017 4:00,14.7882,76.703,,,,
6/24/2017 4:15,14.7905,76.703,,,,
6/24/2017 4:30,14.7905,76.703,,,,
6/24/2017 4:45,14.7905,76.703,,,,
6/24/2017 5:00,14.793,76.703,,,,
6/24/2017 5:15,14.7954,76.703,,,,
6/24/2017 5:30,14.7954,76.703,,,,
6/24/2017 5:45,14.7979,76.703,,,,
6/24/2017 6:00,14.7979,76.703,,,,
6/24/2017 6:15,14.7973,76.528,,,,
6/24/2017 6:30,14.7998,76.528,,,,
6/24/2017 6:45,14.807,76.528,,,,
6/24/2017 7:00,14.8095,76.528,,,,
6/24/2017 7:15,14.812,76.528,,,,
6/24/2017 7:30,14.8144,76.528,,,,
6/24/2017 7:45,14.8169,76.528,,,,
6/24/2017 8:00,14.8175,76.703,,,,
6/24/2017 8:15,14.8297,76.703,,,,
6/24/2017 8:30,14.8272,76.703,,,,
6/24/2017 8:45,14.8278,76.876,,,,
6/24/2017 9:00,14.8307,77.05,,,,
6/24/2017 9:15,14.8307,77.05,,,,
6/24/2017 9:30,14.824,77.225,,,,
6/24/2017 9:45,14.8271,77.4,,,,
6/24/2017 10:00,14.8252,77.574,,,,
6/24/2017 10:15,14.8233,77.749,,,,
6/24/2017 10:30,14.8189,77.923,,,,
6/24/2017 10:45,14.8224,78.274,,,,
6/24/2017 11:00,14.8176,78.274,,,,
6/24/2017 11:15,14.8133,78.449,,,,
6/24/2017 11:30,14.8144,78.8,,,,
6/24/2017 11:45,14.8126,78.975,,,,
6/24/2017 12:00,14.8033,79.151,,,,
6/24/2017 12:15,14.8094,79.502,,,,
6/24/2017 12:30,14.8075,79.678,,,,
6/24/2017 12:45,14.8099,79.678,,,,
6/24/2017 13:00,14.8056,79.853,,,,
6/24/2017 13:15,14.8007,79.853,,,,
6/24/2017 13:30,14.7995,79.502,,,,
6/24/2017 13:45,14.7917,79.326,,,,
6/24/2017 14:00,14.7917,79.326,,,,
6/24/2017 14:15,14.7843,79.326,,,,
6/24/2017 14:30,14.7849,79.502,,,,
6/24/2017 14:45,14.7885,79.853,,,,
6/24/2017 15:00,14.7854,79.678,,,,
6/24/2017 15:15,14.7825,79.502,,,,
6/24/2017 15:30,14.782,79.326,,,,
6/24/2017 15:45,14.7751,79.502,,,,
6/24/2017 16:00,14.777,79.326,,,,
6/24/2017 16:15,14.7753,78.8,,,,
6/24/2017 16:30,14.7747,78.624,,,,
6/24/2017 16:45,14.7743,78.449,,,,
6/24/2017 17:00,14.7737,78.274,,,,
6/24/2017 17:15,14.7756,78.098,,,,
6/24/2017 17:30,14.7756,78.098,,,,
6/24/2017 17:45,14.775,77.923,,,,
6/24/2017 18:00,14.7769,77.749,,,,
6/24/2017 18:15,14.7769,77.749,,,,
6/24/2017 18:30,14.7836,77.574,,,,
6/24/2017 18:45,14.7836,77.574,,,,
6/24/2017 19:00,14.7836,77.574,,,,
6/24/2017 19:15,14.7904,77.4,,,,
6/24/2017 19:30,14.7904,77.4,,,,
6/24/2017 19:45,14.7953,77.4,,,,
6/24/2017 20:00,14.7928,77.4,,,,
6/24/2017 20:15,14.7953,77.4,,,,
6/24/2017 20:30,14.7953,77.4,,,,
6/24/2017 20:45,14.7947,77.225,,,,
6/24/2017 21:00,14.7995,77.225,,,,
6/24/2017 21:15,14.7947,77.225,,,,
6/24/2017 21:30,14.802,77.225,,,,
6/24/2017 21:45,14.802,77.225,,,,
6/24/2017 22:00,14.802,77.225,,,,
6/24/2017 22:15,14.7995,77.225,,,,
6/24/2017 22:30,14.802,77.225,,,,
6/24/2017 22:45,14.802,77.225,,,,
6/24/2017 23:00,14.8044,77.225,,,,
6/24/2017 23:15,14.8044,77.225,,,,
6/24/2017 23:30,14.7995,77.225,,,,
6/24/2017 23:45,14.802,77.225,,,,
6/25/2017 0:00,14.7991,77.05,,,,
6/25/2017 0:15,14.7991,77.05,,,,
6/25/2017 0:30,14.7966,77.05,,,,
6/25/2017 0:45,14.7991,77.05,,,,
6/25/2017 1:00,14.7941,77.05,,,,
6/25/2017 1:15,14.7892,77.05,,,,
6/25/2017 1:30,14.7917,77.05,,,,
6/25/2017 1:45,14.7892,77.05,,,,
6/25/2017 2:00,14.7892,77.05,,,,
6/25/2017 2:15,14.7844,77.05,,,,
6/25/2017 2:30,14.7844,77.05,,,,
6/25/2017 2:45,14.782,77.05,,,,
6/25/2017 3:00,14.774,76.876,,,,
6/25/2017 3:15,14.7814,76.876,,,,
6/25/2017 3:30,14.7789,76.876,,,,
6/25/2017 3:45,14.7789,76.876,,,,
6/25/2017 4:00,14.7759,76.703,,,,
6/25/2017 4:15,14.7808,76.703,,,,
6/25/2017 4:30,14.7783,76.703,,,,
6/25/2017 4:45,14.7833,76.703,,,,
6/25/2017 5:00,14.7778,76.528,,,,
6/25/2017 5:15,14.7827,76.528,,,,
6/25/2017 5:30,14.7827,76.528,,,,
6/25/2017 5:45,14.7827,76.528,,,,
6/25/2017 6:00,14.7851,76.528,,,,
6/25/2017 6:15,14.7851,76.528,,,,
6/25/2017 6:30,14.7876,76.528,,,,
6/25/2017 6:45,14.7901,76.528,,,,
6/25/2017 7:00,14.7901,76.528,,,,
6/25/2017 7:15,14.7901,76.528,,,,
6/25/2017 7:30,14.7901,76.528,,,,
6/25/2017 7:45,14.7901,76.528,,,,
6/25/2017 8:00,14.8004,76.703,,,,
6/25/2017 8:15,14.7954,76.703,,,,
6/25/2017 8:30,14.8028,76.703,,,,
6/25/2017 8:45,14.7979,76.703,,,,
6/25/2017 9:00,14.8033,76.876,,,,
6/25/2017 9:15,14.801,76.876,,,,
6/25/2017 9:30,14.8014,77.05,,,,
6/25/2017 9:45,14.802,77.225,,,,
6/25/2017 10:00,14.7995,77.225,,,,
6/25/2017 10:15,14.8007,77.574,,,,
6/25/2017 10:30,14.8012,77.749,,,,
6/25/2017 10:45,14.7975,78.098,,,,
6/25/2017 11:00,14.7981,78.274,,,,
6/25/2017 11:15,14.7943,78.624,,,,
6/25/2017 11:30,14.793,78.975,,,,
6/25/2017 11:45,14.7867,79.326,,,,
6/25/2017 12:00,14.7904,79.678,,,,
6/25/2017 12:15,14.7879,79.678,,,,
6/25/2017 12:30,14.786,79.853,,,,
6/25/2017 12:45,14.7841,80.029,,,,
6/25/2017 13:00,14.7798,80.206,,,,
6/25/2017 13:15,14.778,80.382,,,,
6/25/2017 13:30,14.7762,80.559,,,,
6/25/2017 13:45,14.7772,80.911,,,,
6/25/2017 14:00,14.7743,80.735,,,,
6/25/2017 14:15,14.7718,80.735,,,,
6/25/2017 14:30,14.7693,80.735,,,,
6/25/2017 14:45,14.7669,80.735,,,,
6/25/2017 15:00,14.7712,80.559,,,,
6/25/2017 15:15,14.7657,80.382,,,,
6/25/2017 15:30,14.7676,80.206,,,,
6/25/2017 15:45,14.7689,79.853,,,,
6/25/2017 16:00,14.7708,79.678,,,,
6/25/2017 16:15,14.7677,79.502,,,,
6/25/2017 16:30,14.7667,79.151,,,,
6/25/2017 16:45,14.7661,78.975,,,,
6/25/2017 17:00,14.7728,78.8,,,,
6/25/2017 17:15,14.7718,78.449,,,,
6/25/2017 17:30,14.7712,78.274,,,,
6/25/2017 17:45,14.7731,78.098,,,,
6/25/2017 18:00,14.7756,78.098,,,,
6/25/2017 18:15,14.775,77.923,,,,
6/25/2017 18:30,14.7719,77.749,,,,
6/25/2017 18:45,14.7769,77.749,,,,
6/25/2017 19:00,14.7811,77.574,,,,
6/25/2017 19:15,14.7811,77.574,,,,
6/25/2017 19:30,14.7836,77.574,,,,
6/25/2017 19:45,14.786,77.574,,,,
6/25/2017 20:00,14.7854,77.4,,,,
6/25/2017 20:15,14.7879,77.4,,,,
6/25/2017 20:30,14.7854,77.4,,,,
6/25/2017 20:45,14.7854,77.4,,,,
6/25/2017 21:00,14.7854,77.4,,,,
6/25/2017 21:15,14.7879,77.4,,,,
6/25/2017 21:30,14.7873,77.225,,,,
6/25/2017 21:45,14.7898,77.225,,,,
6/25/2017 22:00,14.7873,77.225,,,,
6/25/2017 22:15,14.7873,77.225,,,,
6/25/2017 22:30,14.7873,77.225,,,,
6/25/2017 22:45,14.7898,77.225,,,,
6/25/2017 23:00,14.7892,77.05,,,,
6/25/2017 23:15,14.7867,77.05,,,,
6/25/2017 23:30,14.7844,77.05,,,,
6/25/2017 23:45,14.7844,77.05,,,,
6/26/2017 0:00,14.7844,77.05,,,,
6/26/2017 0:15,14.782,77.05,,,,
6/26/2017 0:30,14.7801,77.225,,,,
6/26/2017 0:45,14.7776,77.225,,,,
6/26/2017 1:00,14.7801,77.225,,,,
6/26/2017 1:15,14.782,77.05,,,,
6/26/2017 1:30,14.7795,77.05,,,,
6/26/2017 1:45,14.7795,77.05,,,,
6/26/2017 2:00,14.777,77.05,,,,
6/26/2017 2:15,14.7746,77.05,,,,
6/26/2017 2:30,14.7746,77.05,,,,
6/26/2017 2:45,14.7721,77.05,,,,
6/26/2017 3:00,14.7721,77.05,,,,
6/26/2017 3:15,14.7673,77.05,,,,
6/26/2017 3:30,14.7673,77.05,,,,
6/26/2017 3:45,14.7673,77.05,,,,
6/26/2017 4:00,14.7698,77.05,,,,
6/26/2017 4:15,14.7673,77.05,,,,
6/26/2017 4:30,14.7698,77.05,,,,
6/26/2017 4:45,14.7721,77.05,,,,
6/26/2017 5:00,14.7746,77.05,,,,
6/26/2017 5:15,14.7746,77.05,,,,
6/26/2017 5:30,14.7746,77.05,,,,
6/26/2017 5:45,14.7698,77.05,,,,
6/26/2017 6:00,14.777,77.05,,,,
6/26/2017 6:15,14.7746,77.05,,,,
6/26/2017 6:30,14.777,77.05,,,,
6/26/2017 6:45,14.777,77.05,,,,
6/26/2017 7:00,14.777,77.05,,,,
6/26/2017 7:15,14.7795,77.05,,,,
6/26/2017 7:30,14.7849,77.225,,,,
6/26/2017 7:45,14.7849,77.225,,,,
6/26/2017 8:00,14.7873,77.225,,,,
6/26/2017 8:15,14.7904,77.4,,,,
6/26/2017 8:30,14.7953,77.4,,,,
6/26/2017 8:45,14.7982,77.574,,,,
6/26/2017 9:00,14.7988,77.749,,,,
6/26/2017 9:15,14.7988,77.749,,,,
6/26/2017 9:30,14.7969,77.923,,,,
6/26/2017 9:45,14.7999,78.098,,,,
6/26/2017 10:00,14.8005,78.274,,,,
6/26/2017 10:15,14.8011,78.449,,,,
6/26/2017 10:30,14.8017,78.624,,,,
6/26/2017 10:45,14.8021,78.8,,,,
6/26/2017 11:00,14.8033,79.151,,,,
6/26/2017 11:15,14.8014,79.326,,,,
6/26/2017 11:30,14.7995,79.502,,,,
6/26/2017 11:45,14.7972,79.502,,,,
6/26/2017 12:00,14.7953,79.678,,,,
6/26/2017 12:15,14.7904,79.678,,,,
6/26/2017 12:30,14.7909,79.853,,,,
6/26/2017 12:45,14.7902,80.382,,,,
6/26/2017 13:00,14.784,80.735,,,,
6/26/2017 13:15,14.7821,80.911,,,,
6/26/2017 13:30,14.7767,80.735,,,,
6/26/2017 13:45,14.7748,80.911,,,,
6/26/2017 14:00,14.7675,80.911,,,,
6/26/2017 14:15,14.765,80.911,,,,
6/26/2017 14:30,14.7675,80.911,,,,
6/26/2017 14:45,14.7669,80.735,,,,
6/26/2017 15:00,14.7669,80.735,,,,
6/26/2017 15:15,14.7669,80.735,,,,
6/26/2017 15:30,14.7638,80.559,,,,
6/26/2017 15:45,14.7657,80.382,,,,
6/26/2017 16:00,14.7682,80.382,,,,
6/26/2017 16:15,14.7695,80.029,,,,
6/26/2017 16:30,14.7689,79.853,,,,
6/26/2017 16:45,14.7702,79.502,,,,
6/26/2017 17:00,14.7727,79.502,,,,
6/26/2017 17:15,14.7746,79.326,,,,
6/26/2017 17:30,14.7764,79.151,,,,
6/26/2017 17:45,14.7783,78.975,,,,
6/26/2017 18:00,14.7802,78.8,,,,
6/26/2017 18:15,14.7821,78.624,,,,
6/26/2017 18:30,14.7821,78.624,,,,
6/26/2017 18:45,14.784,78.449,,,,
6/26/2017 19:00,14.784,78.449,,,,
6/26/2017 19:15,14.7859,78.274,,,,
6/26/2017 19:30,14.7907,78.274,,,,
6/26/2017 19:45,14.8005,78.274,,,,
6/26/2017 20:00,14.8347,78.274,,,,
6/26/2017 20:15,14.8182,78.449,,,,
6/26/2017 20:30,14.8133,78.449,,,,
6/26/2017 20:45,14.8078,78.274,,,,
6/26/2017 21:00,14.8146,78.098,,,,
6/26/2017 21:15,14.8091,77.923,,,,
6/26/2017 21:30,14.8091,77.923,,,,
6/26/2017 21:45,14.8091,77.923,,,,
6/26/2017 22:00,14.8086,77.749,,,,
6/26/2017 22:15,14.8062,77.749,,,,
6/26/2017 22:30,14.8062,77.749,,,,
6/26/2017 22:45,14.8037,77.749,,,,
6/26/2017 23:00,14.8012,77.749,,,,
6/26/2017 23:15,14.7988,77.749,,,,
6/26/2017 23:30,14.794,77.749,,,,
6/26/2017 23:45,14.7836,77.574,,,,
6/27/2017 0:00,14.7934,77.574,,,,
6/27/2017 0:15,14.7988,77.749,,,,
6/27/2017 0:30,14.8184,77.749,,,,
6/27/2017 0:45,14.8012,77.749,,,,
6/27/2017 1:00,14.8012,77.749,,,,
6/27/2017 1:15,14.8062,77.749,,,,
6/27/2017 1:30,14.8105,77.574,,,,
6/27/2017 1:45,14.8081,77.574,,,,
6/27/2017 2:00,14.8007,77.574,,,,
6/27/2017 2:15,14.7982,77.574,,,,
6/27/2017 2:30,14.7982,77.574,,,,
6/27/2017 2:45,14.7959,77.574,,,,
6/27/2017 3:00,14.7959,77.574,,,,
6/27/2017 3:15,14.7982,77.574,,,,
6/27/2017 3:30,14.9137,77.749,,,,
6/27/2017 3:45,14.8507,77.923,,,,
6/27/2017 4:00,14.8427,77.749,,,,
6/27/2017 4:15,14.8446,77.574,,,,
6/27/2017 4:30,14.8374,77.574,,,,
6/27/2017 4:45,14.8343,77.4,,,,
6/27/2017 5:00,14.8246,77.4,,,,
6/27/2017 5:15,14.8221,77.4,,,,
6/27/2017 5:30,14.8197,77.4,,,,
6/27/2017 5:45,14.824,77.225,,,,
6/27/2017 6:00,14.824,77.225,,,,
6/27/2017 6:15,14.8191,77.225,,,,
6/27/2017 6:30,14.8191,77.225,,,,
6/27/2017 6:45,14.8118,77.225,,,,
6/27/2017 7:00,14.8166,77.225,,,,
6/27/2017 7:15,14.824,77.225,,,,
6/27/2017 7:30,14.8216,77.225,,,,
6/27/2017 7:45,14.824,77.225,,,,
6/27/2017 8:00,14.8216,77.225,,,,
6/27/2017 8:15,14.8191,77.225,,,,
6/27/2017 8:30,14.8197,77.4,,,,
6/27/2017 8:45,14.8271,77.4,,,,
6/27/2017 9:00,14.8221,77.4,,,,
6/27/2017 9:15,14.8252,77.574,,,,
6/27/2017 9:30,14.8252,77.574,,,,
6/27/2017 9:45,14.8208,77.749,,,,
6/27/2017 10:00,14.8262,77.923,,,,
6/27/2017 10:15,14.8243,78.098,,,,
6/27/2017 10:30,14.8274,78.274,,,,
6/27/2017 10:45,14.823,78.449,,,,
6/27/2017 11:00,14.8236,78.624,,,,
6/27/2017 11:15,14.815,78.975,,,,
6/27/2017 11:30,14.8131,79.151,,,,
6/27/2017 11:45,14.8142,79.502,,,,
6/27/2017 12:00,14.8086,80.029,,,,
6/27/2017 12:15,14.8037,80.029,,,,
6/27/2017 12:30,14.7982,79.853,,,,
6/27/2017 12:45,14.794,80.029,,,,
6/27/2017 13:00,14.7946,80.206,,,,
6/27/2017 13:15,14.7908,80.559,,,,
6/27/2017 13:30,14.7876,81.09,,,,
6/27/2017 13:45,14.7809,80.559,,,,
6/27/2017 14:00,14.7793,80.029,,,,
6/27/2017 14:15,14.7788,79.853,,,,
6/27/2017 14:30,14.7731,80.382,,,,
6/27/2017 14:45,14.7638,80.559,,,,
6/27/2017 15:00,14.7625,80.911,,,,
6/27/2017 15:15,14.7644,80.735,,,,
6/27/2017 15:30,14.7663,80.559,,,,
6/27/2017 15:45,14.7628,80.206,,,,
6/27/2017 16:00,14.767,80.029,,,,
6/27/2017 16:15,14.7635,79.678,,,,
6/27/2017 16:30,14.7683,79.678,,,,
6/27/2017 16:45,14.7677,79.502,,,,
6/27/2017 17:00,14.7721,79.326,,,,
6/27/2017 17:15,14.7715,79.151,,,,
6/27/2017 17:30,14.7709,78.975,,,,
6/27/2017 17:45,14.7728,78.8,,,,
6/27/2017 18:00,14.7728,78.8,,,,
6/27/2017 18:15,14.7796,78.624,,,,
6/27/2017 18:30,14.7718,78.449,,,,
6/27/2017 18:45,14.7718,78.449,,,,
6/27/2017 19:00,14.7737,78.274,,,,
6/27/2017 19:15,14.7737,78.274,,,,
6/27/2017 19:30,14.7737,78.274,,,,
6/27/2017 19:45,14.7756,78.098,,,,
6/27/2017 20:00,14.7756,78.098,,,,
6/27/2017 20:15,14.7706,78.098,,,,
6/27/2017 20:30,14.7731,78.098,,,,
6/27/2017 20:45,14.7725,77.923,,,,
6/27/2017 21:00,14.7725,77.923,,,,
6/27/2017 21:15,14.7798,77.923,,,,
6/27/2017 21:30,14.775,77.923,,,,
6/27/2017 21:45,14.7744,77.749,,,,
6/27/2017 22:00,14.7793,77.749,,,,
6/27/2017 22:15,14.7793,77.749,,,,
6/27/2017 22:30,14.7817,77.749,,,,
6/27/2017 22:45,14.7763,77.574,,,,
6/27/2017 23:00,14.7763,77.574,,,,
6/27/2017 23:15,14.7738,77.574,,,,
6/27/2017 23:30,14.7763,77.574,,,,
6/27/2017 23:45,14.7763,77.574,,,,
6/28/2017 0:00,14.7757,77.4,,,,
6/28/2017 0:15,14.7733,77.4,,,,
6/28/2017 0:30,14.7708,77.4,,,,
6/28/2017 0:45,14.7708,77.4,,,,
6/28/2017 1:00,14.7708,77.4,,,,
6/28/2017 1:15,14.7727,77.225,,,,
6/28/2017 1:30,14.7702,77.225,,,,
6/28/2017 1:45,14.7702,77.225,,,,
6/28/2017 2:00,14.763,77.225,,,,
6/28/2017 2:15,14.763,77.225,,,,
6/28/2017 2:30,14.7605,77.225,,,,
6/28/2017 2:45,14.763,77.225,,,,
6/28/2017 3:00,14.7654,77.225,,,,
6/28/2017 3:15,14.7727,77.225,,,,
6/28/2017 3:30,14.802,77.225,,,,
6/28/2017 3:45,14.9064,77.05,,,,
6/28/2017 4:00,15.2546,76.703,,,,
6/28/2017 4:15,15.1812,76.703,,,,
6/28/2017 4:30,15.089,76.876,,,,
6/28/2017 4:45,15.0329,76.876,,,,
6/28/2017 5:00,14.9914,76.876,,,,
6/28/2017 5:15,14.9669,76.876,,,,
6/28/2017 5:30,14.9547,76.876,,,,
6/28/2017 5:45,14.9499,76.876,,,,
6/28/2017 6:00,14.9474,76.876,,,,
6/28/2017 6:15,14.945,76.876,,,,
6/28/2017 6:30,14.9328,76.876,,,,
6/28/2017 6:45,14.9328,76.876,,,,
6/28/2017 7:00,14.9254,76.876,,,,
6/28/2017 7:15,14.9187,77.05,,,,
6/28/2017 7:30,14.9187,77.05,,,,
6/28/2017 7:45,14.9064,77.05,,,,
6/28/2017 8:00,14.9138,77.05,,,,
6/28/2017 8:15,14.9187,77.05,,,,
6/28/2017 8:30,14.9064,77.05,,,,
6/28/2017 8:45,14.9094,77.225,,,,
6/28/2017 9:00,14.9026,77.4,,,,
6/28/2017 9:15,14.9003,77.4,,,,
6/28/2017 9:30,14.9026,77.4,,,,
6/28/2017 9:45,14.8904,77.4,,,,
6/28/2017 10:00,14.8807,77.4,,,,
6/28/2017 10:15,14.8838,77.574,,,,
6/28/2017 10:30,14.8794,77.749,,,,
6/28/2017 10:45,14.8794,77.749,,,,
6/28/2017 11:00,14.8726,77.923,,,,
6/28/2017 11:15,14.8654,77.923,,,,
6/28/2017 11:30,14.8659,78.098,,,,
6/28/2017 11:45,14.8738,78.274,,,,
6/28/2017 12:00,14.8616,78.274,,,,
6/28/2017 12:15,14.8494,78.274,,,,
6/28/2017 12:30,14.8494,78.274,,,,
6/28/2017 12:45,14.8377,78.449,,,,
6/28/2017 13:00,14.8304,78.449,,,,
6/28/2017 13:15,14.831,78.624,,,,
6/28/2017 13:30,14.8993,78.624,,,,
6/28/2017 13:45,14.8915,78.449,,,,
6/28/2017 14:00,14.8738,78.274,,,,
6/28/2017 14:15,14.8688,78.274,,,,
6/28/2017 14:30,14.8616,78.274,,,,
6/28/2017 14:45,14.8445,78.274,,,,
6/28/2017 15:00,14.8456,78.624,,,,
6/28/2017 15:15,14.8334,78.624,,,,
6/28/2017 15:30,14.8236,78.624,,,,
6/28/2017 15:45,14.8211,78.624,,,,
6/28/2017 16:00,14.8182,78.449,,,,
6/28/2017 16:15,14.8157,78.449,,,,
6/28/2017 16:30,14.8133,78.449,,,,
6/28/2017 16:45,14.8127,78.274,,,,
6/28/2017 17:00,14.8146,78.098,,,,
6/28/2017 17:15,14.814,77.923,,,,
6/28/2017 17:30,14.8189,77.923,,,,
6/28/2017 17:45,14.8214,77.923,,,,
6/28/2017 18:00,14.8189,77.923,,,,
6/28/2017 18:15,14.8159,77.749,,,,
6/28/2017 18:30,14.8159,77.749,,,,
6/28/2017 18:45,14.8208,77.749,,,,
6/28/2017 19:00,14.8233,77.749,,,,
6/28/2017 19:15,14.8324,77.574,,,,
6/28/2017 19:30,14.83,77.574,,,,
6/28/2017 19:45,14.8349,77.574,,,,
6/28/2017 20:00,14.8324,77.574,,,,
6/28/2017 20:15,14.8324,77.574,,,,
6/28/2017 20:30,14.8398,77.574,,,,
6/28/2017 20:45,14.8374,77.574,,,,
6/28/2017 21:00,14.8398,77.574,,,,
6/28/2017 21:15,14.8392,77.4,,,,
6/28/2017 21:30,14.8368,77.4,,,,
6/28/2017 21:45,14.8343,77.4,,,,
6/28/2017 22:00,14.8362,77.225,,,,
6/28/2017 22:15,14.8387,77.225,,,,
6/28/2017 22:30,14.8337,77.225,,,,
6/28/2017 22:45,14.8337,77.225,,,,
6/28/2017 23:00,14.8307,77.05,,,,
6/28/2017 23:15,14.8307,77.05,,,,
6/28/2017 23:30,14.8307,77.05,,,,
6/28/2017 23:45,14.8284,77.05,,,,
6/29/2017 0:00,14.8278,76.876,,,,
6/29/2017 0:15,14.8253,76.876,,,,
6/29/2017 0:30,14.8253,76.876,,,,
6/29/2017 0:45,14.8229,76.876,,,,
6/29/2017 1:00,14.8229,76.876,,,,
6/29/2017 1:15,14.8204,76.876,,,,
6/29/2017 1:30,14.8131,76.876,,,,
6/29/2017 1:45,14.8131,76.876,,,,
6/29/2017 2:00,14.8076,76.703,,,,
6/29/2017 2:15,14.8028,76.703,,,,
6/29/2017 2:30,14.8028,76.703,,,,
6/29/2017 2:45,14.8028,76.703,,,,
6/29/2017 3:00,14.7979,76.703,,,,
6/29/2017 3:15,14.7998,76.528,,,,
6/29/2017 3:30,14.7973,76.528,,,,
6/29/2017 3:45,14.7949,76.528,,,,
6/29/2017 4:00,14.7949,76.528,,,,
6/29/2017 4:15,14.7949,76.528,,,,
6/29/2017 4:30,14.7998,76.528,,,,
6/29/2017 4:45,14.7949,76.528,,,,
6/29/2017 5:00,14.7973,76.528,,,,
6/29/2017 5:15,14.7924,76.528,,,,
6/29/2017 5:30,14.7949,76.528,,,,
6/29/2017 5:45,14.7973,76.528,,,,
6/29/2017 6:00,14.7924,76.528,,,,
6/29/2017 6:15,14.7973,76.528,,,,
6/29/2017 6:30,14.7998,76.528,,,,
6/29/2017 6:45,14.7998,76.528,,,,
6/29/2017 7:00,14.7998,76.528,,,,
6/29/2017 7:15,14.7973,76.528,,,,
6/29/2017 7:30,14.7998,76.528,,,,
6/29/2017 7:45,14.8023,76.528,,,,
6/29/2017 8:00,14.8023,76.528,,,,
6/29/2017 8:15,14.8023,76.528,,,,
6/29/2017 8:30,14.8076,76.703,,,,
6/29/2017 8:45,14.8107,76.876,,,,
6/29/2017 9:00,14.8113,77.05,,,,
6/29/2017 9:15,14.8094,77.225,,,,
6/29/2017 9:30,14.8099,77.4,,,,
6/29/2017 9:45,14.8147,77.4,,,,
6/29/2017 10:00,14.8099,77.4,,,,
6/29/2017 10:15,14.8091,77.923,,,,
6/29/2017 10:30,14.8084,78.449,,,,
6/29/2017 10:45,14.8084,78.449,,,,
6/29/2017 11:00,14.8059,78.449,,,,
6/29/2017 11:15,14.8084,78.449,,,,
6/29/2017 11:30,14.8017,78.624,,,,
6/29/2017 11:45,14.7992,78.624,,,,
6/29/2017 12:00,14.7992,78.624,,,,
6/29/2017 12:15,14.7992,78.624,,,,
6/29/2017 12:30,14.7937,78.449,,,,
6/29/2017 12:45,14.7905,78.975,,,,
6/29/2017 13:00,14.7873,79.502,,,,
6/29/2017 13:15,14.7857,78.975,,,,
6/29/2017 13:30,14.7979,78.975,,,,
6/29/2017 13:45,14.7892,79.326,,,,
6/29/2017 14:00,14.7867,79.326,,,,
6/29/2017 14:15,14.7857,78.975,,,,
6/29/2017 14:30,14.7821,78.624,,,,
6/29/2017 14:45,14.784,78.449,,,,
6/29/2017 15:00,14.8108,78.449,,,,
6/29/2017 15:15,14.8144,78.8,,,,
6/29/2017 15:30,14.8371,78.274,,,,
6/29/2017 15:45,14.9068,77.923,,,,
6/29/2017 16:00,14.9321,77.4,,,,
6/29/2017 16:15,14.9509,77.225,,,,
6/29/2017 16:30,14.9456,77.05,,,,
6/29/2017 16:45,14.9382,77.05,,,,
6/29/2017 17:00,14.9334,77.05,,,,
6/29/2017 17:15,14.9279,76.876,,,,
6/29/2017 17:30,14.9254,76.876,,,,
6/29/2017 17:45,14.9206,76.876,,,,
6/29/2017 18:00,14.9376,76.876,,,,
6/29/2017 18:15,14.9493,76.703,,,,
6/29/2017 18:30,14.9444,76.703,,,,
6/29/2017 18:45,14.9444,76.703,,,,
6/29/2017 19:00,14.9419,76.703,,,,
6/29/2017 19:15,14.9469,76.703,,,,
6/29/2017 19:30,14.9419,76.703,,,,
6/29/2017 19:45,14.9267,76.528,,,,
6/29/2017 20:00,14.9242,76.528,,,,
6/29/2017 20:15,14.9267,76.528,,,,
6/29/2017 20:30,14.9242,76.528,,,,
6/29/2017 20:45,14.9121,76.528,,,,
6/29/2017 21:00,14.9096,76.528,,,,
6/29/2017 21:15,14.9073,76.528,,,,
6/29/2017 21:30,14.9073,76.528,,,,
6/29/2017 21:45,14.8999,76.528,,,,
6/29/2017 22:00,14.8999,76.528,,,,
6/29/2017 22:15,14.8974,76.528,,,,
6/29/2017 22:30,14.8949,76.528,,,,
6/29/2017 22:45,14.8877,76.528,,,,
6/29/2017 23:00,14.8852,76.528,,,,
6/29/2017 23:15,14.8828,76.528,,,,
6/29/2017 23:30,14.8828,76.528,,,,
6/29/2017 23:45,14.8828,76.528,,,,
6/30/2017 0:00,14.878,76.528,,,,
6/30/2017 0:15,14.873,76.528,,,,
6/30/2017 0:30,14.8755,76.528,,,,
6/30/2017 0:45,14.8803,76.528,,,,
6/30/2017 1:00,14.878,76.528,,,,
6/30/2017 1:15,14.8755,76.528,,,,
6/30/2017 1:30,14.8706,76.528,,,,
6/30/2017 1:45,14.8749,76.354,,,,
6/30/2017 2:00,14.8799,76.354,,,,
6/30/2017 2:15,14.9847,76.354,,,,
6/30/2017 2:30,14.9672,76.181,,,,
6/30/2017 2:45,14.9525,76.181,,,,
6/30/2017 3:00,14.9403,76.181,,,,
6/30/2017 3:15,14.9257,76.181,,,,
6/30/2017 3:30,14.911,76.181,,,,
6/30/2017 3:45,14.9061,76.181,,,,
6/30/2017 4:00,14.9031,76.006,,,,
6/30/2017 4:15,14.9031,76.006,,,,
6/30/2017 4:30,14.8983,76.006,,,,
6/30/2017 4:45,14.9105,76.006,,,,
6/30/2017 5:00,14.908,76.006,,,,
6/30/2017 5:15,14.9221,75.832,,,,
6/30/2017 5:30,14.9245,75.832,,,,
6/30/2017 5:45,14.9245,75.832,,,,
6/30/2017 6:00,14.9367,75.832,,,,
6/30/2017 6:15,14.9441,75.832,,,,
6/30/2017 6:30,14.9458,75.659,,,,
6/30/2017 6:45,14.9435,75.659,,,,
6/30/2017 7:00,14.9411,75.659,,,,
6/30/2017 7:15,14.9361,75.659,,,,
6/30/2017 7:30,14.9361,75.659,,,,
6/30/2017 7:45,14.9312,75.659,,,,
6/30/2017 8:00,14.9361,75.659,,,,
6/30/2017 8:15,14.9312,75.659,,,,
6/30/2017 8:30,14.9312,75.659,,,,
6/30/2017 8:45,14.9386,75.659,,,,
6/30/2017 9:00,14.9361,75.659,,,,
6/30/2017 9:15,14.9312,75.659,,,,
6/30/2017 9:30,14.9337,75.659,,,,
6/30/2017 9:45,14.9312,75.659,,,,
6/30/2017 10:00,14.9295,75.832,,,,
6/30/2017 10:15,14.9295,75.832,,,,
6/30/2017 10:30,14.9221,75.832,,,,
6/30/2017 10:45,14.9196,75.832,,,,
6/30/2017 11:00,14.9196,75.832,,,,
6/30/2017 11:15,14.9123,75.832,,,,
6/30/2017 11:30,14.9123,75.832,,,,
6/30/2017 11:45,14.9074,75.832,,,,
6/30/2017 12:00,14.9025,75.832,,,,
6/30/2017 12:15,14.8958,76.006,,,,
6/30/2017 12:30,14.8933,76.006,,,,
6/30/2017 12:45,14.8859,76.006,,,,
6/30/2017 13:00,14.8787,76.006,,,,
6/30/2017 13:15,14.8787,76.006,,,,
6/30/2017 13:30,14.8762,76.006,,,,
6/30/2017 13:45,14.8665,76.006,,,,
6/30/2017 14:00,14.864,76.006,,,,
6/30/2017 14:15,14.8567,76.006,,,,
6/30/2017 14:30,14.8537,75.832,,,,
6/30/2017 14:45,14.8537,75.832,,,,
6/30/2017 15:00,14.8482,75.659,,,,
6/30/2017 15:15,14.8458,75.659,,,,
6/30/2017 15:30,14.8404,75.484,,,,
6/30/2017 15:45,14.8501,75.484,,,,
6/30/2017 16:00,14.8471,75.312,,,,
6/30/2017 16:15,14.8495,75.312,,,,
6/30/2017 16:30,14.8466,75.139,,,,
6/30/2017 16:45,14.8466,75.139,,,,
6/30/2017 17:00,14.8466,75.139,,,,
6/30/2017 17:15,14.8485,74.964,,,,
6/30/2017 17:30,14.8485,74.964,,,,
6/30/2017 17:45,14.8455,74.791,,,,
6/30/2017 18:00,14.8479,74.791,,,,
6/30/2017 18:15,14.8479,74.791,,,,
6/30/2017 18:30,14.8455,74.791,,,,
6/30/2017 18:45,14.8498,74.619,,,,
6/30/2017 19:00,14.8498,74.619,,,,
6/30/2017 19:15,14.8523,74.619,,,,
6/30/2017 19:30,14.8571,74.619,,,,
6/30/2017 19:45,14.8571,74.619,,,,
6/30/2017 20:00,14.862,74.619,,,,
6/30/2017 20:15,14.862,74.619,,,,
6/30/2017 20:30,14.8664,74.446,,,,
6/30/2017 20:45,14.8639,74.446,,,,
6/30/2017 21:00,14.8614,74.446,,,,
6/30/2017 21:15,14.8614,74.446,,,,
6/30/2017 21:30,14.859,74.446,,,,
6/30/2017 21:45,14.8609,74.271,,,,
6/30/2017 22:00,14.8633,74.271,,,,
6/30/2017 22:15,14.8633,74.271,,,,
6/30/2017 22:30,14.8609,74.271,,,,
6/30/2017 22:45,14.8609,74.271,,,,
6/30/2017 23:00,14.8555,74.098,,,,
6/30/2017 23:15,14.8555,74.098,,,,
6/30/2017 23:30,14.858,74.098,,,,
6/30/2017 23:45,14.8555,74.098,,,,
7/1/2017 0:00,14.853,74.098,,,,
7/1/2017 0:15,14.858,74.098,,,,
7/1/2017 0:30,14.8604,74.098,,,,
7/1/2017 0:45,14.8609,74.271,,,,
7/1/2017 1:00,14.853,74.098,,,,
7/1/2017 1:15,14.853,74.098,,,,
7/1/2017 1:30,14.8536,74.271,,,,
7/1/2017 1:45,14.8487,74.271,,,,
7/1/2017 2:00,14.8487,74.271,,,,
7/1/2017 2:15,14.8487,74.271,,,,
7/1/2017 2:30,14.8439,74.271,,,,
7/1/2017 2:45,14.839,74.271,,,,
7/1/2017 3:00,14.8408,74.098,,,,
7/1/2017 3:15,14.8359,74.098,,,,
7/1/2017 3:30,14.8408,74.098,,,,
7/1/2017 3:45,14.8384,74.098,,,,
7/1/2017 4:00,14.8384,74.098,,,,
7/1/2017 4:15,14.833,73.926,,,,
7/1/2017 4:30,14.833,73.926,,,,
7/1/2017 4:45,14.833,73.926,,,,
7/1/2017 5:00,14.8305,73.926,,,,
7/1/2017 5:15,14.8281,73.926,,,,
7/1/2017 5:30,14.8275,73.753,,,,
7/1/2017 5:45,14.8324,73.753,,,,
7/1/2017 6:00,14.8324,73.753,,,,
7/1/2017 6:15,14.8294,73.58,,,,
7/1/2017 6:30,14.8318,73.58,,,,
7/1/2017 6:45,14.8294,73.58,,,,
7/1/2017 7:00,14.8343,73.58,,,,
7/1/2017 7:15,14.8343,73.58,,,,
7/1/2017 7:30,14.8391,73.58,,,,
7/1/2017 7:45,14.8416,73.58,,,,
7/1/2017 8:00,14.8421,73.753,,,,
7/1/2017 8:15,14.8446,73.753,,,,
7/1/2017 8:30,14.8446,73.753,,,,
7/1/2017 8:45,14.8452,73.926,,,,
7/1/2017 9:00,14.8452,73.926,,,,
7/1/2017 9:15,14.8481,74.098,,,,
7/1/2017 9:30,14.8458,74.098,,,,
7/1/2017 9:45,14.8439,74.271,,,,
7/1/2017 10:00,14.8443,74.446,,,,
7/1/2017 10:15,14.8395,74.446,,,,
7/1/2017 10:30,14.8395,74.446,,,,
7/1/2017 10:45,14.8401,74.619,,,,
7/1/2017 11:00,14.8358,74.791,,,,
7/1/2017 11:15,14.8362,74.964,,,,
7/1/2017 11:30,14.8333,74.791,,,,
7/1/2017 11:45,14.8308,74.791,,,,
7/1/2017 12:00,14.8236,74.791,,,,
7/1/2017 12:15,14.8217,74.964,,,,
7/1/2017 12:30,14.8155,75.312,,,,
7/1/2017 12:45,14.8086,75.484,,,,
7/1/2017 13:00,14.8111,75.484,,,,
7/1/2017 13:15,14.8033,75.312,,,,
7/1/2017 13:30,14.8062,75.484,,,,
7/1/2017 13:45,14.7989,75.484,,,,
7/1/2017 14:00,14.7927,75.832,,,,
7/1/2017 14:15,14.7933,76.006,,,,
7/1/2017 14:30,14.787,76.354,,,,
7/1/2017 14:45,14.787,76.354,,,,
7/1/2017 15:00,14.7895,76.354,,,,
7/1/2017 15:15,14.7767,76.181,,,,
7/1/2017 15:30,14.7786,76.006,,,,
7/1/2017 15:45,14.778,75.832,,,,
7/1/2017 16:00,14.7799,75.659,,,,
7/1/2017 16:15,14.7824,75.659,,,,
7/1/2017 16:30,14.7793,75.484,,,,
7/1/2017 16:45,14.7788,75.312,,,,
7/1/2017 17:00,14.7778,74.964,,,,
7/1/2017 17:15,14.7772,74.791,,,,
7/1/2017 17:30,14.7815,74.619,,,,
7/1/2017 17:45,14.7785,74.446,,,,
7/1/2017 18:00,14.7785,74.446,,,,
7/1/2017 18:15,14.7804,74.271,,,,
7/1/2017 18:30,14.7853,74.271,,,,
7/1/2017 18:45,14.7876,74.271,,,,
7/1/2017 19:00,14.7847,74.098,,,,
7/1/2017 19:15,14.7895,74.098,,,,
7/1/2017 19:30,14.7969,74.098,,,,
7/1/2017 19:45,14.7994,74.098,,,,
7/1/2017 20:00,14.8066,74.098,,,,
7/1/2017 20:15,14.8041,74.098,,,,
7/1/2017 20:30,14.8091,74.098,,,,
7/1/2017 20:45,14.8091,74.098,,,,
7/1/2017 21:00,14.8091,74.098,,,,
7/1/2017 21:15,14.8115,74.098,,,,
7/1/2017 21:30,14.8115,74.098,,,,
7/1/2017 21:45,14.814,74.098,,,,
7/1/2017 22:00,14.8115,74.098,,,,
7/1/2017 22:15,14.814,74.098,,,,
7/1/2017 22:30,14.8165,74.098,,,,
7/1/2017 22:45,14.8188,74.098,,,,
7/1/2017 23:00,14.8165,74.098,,,,
7/1/2017 23:15,14.814,74.098,,,,
7/1/2017 23:30,14.814,74.098,,,,
7/1/2017 23:45,14.8115,74.098,,,,
7/2/2017 0:00,14.8091,74.098,,,,
7/2/2017 0:15,14.8066,74.098,,,,
7/2/2017 0:30,14.8115,74.098,,,,
7/2/2017 0:45,14.8085,73.926,,,,
7/2/2017 1:00,14.8085,73.926,,,,
7/2/2017 1:15,14.8041,74.098,,,,
7/2/2017 1:30,14.8041,74.098,,,,
7/2/2017 1:45,14.7994,74.098,,,,
7/2/2017 2:00,14.7994,74.098,,,,
7/2/2017 2:15,14.7994,74.098,,,,
7/2/2017 2:30,14.7969,74.098,,,,
7/2/2017 2:45,14.7994,74.098,,,,
7/2/2017 3:00,14.792,74.098,,,,
7/2/2017 3:15,14.792,74.098,,,,
7/2/2017 3:30,14.792,74.098,,,,
7/2/2017 3:45,14.792,74.098,,,,
7/2/2017 4:00,14.7872,74.098,,,,
7/2/2017 4:15,14.7944,74.098,,,,
7/2/2017 4:30,14.792,74.098,,,,
7/2/2017 4:45,14.7895,74.098,,,,
7/2/2017 5:00,14.7944,74.098,,,,
7/2/2017 5:15,14.7944,74.098,,,,
7/2/2017 5:30,14.7969,74.098,,,,
7/2/2017 5:45,14.7969,74.098,,,,
7/2/2017 6:00,14.7994,74.098,,,,
7/2/2017 6:15,14.7969,74.098,,,,
7/2/2017 6:30,14.7969,74.098,,,,
7/2/2017 6:45,14.7994,74.098,,,,
7/2/2017 7:00,14.8018,74.098,,,,
7/2/2017 7:15,14.8041,74.098,,,,
7/2/2017 7:30,14.8066,74.098,,,,
7/2/2017 7:45,14.8066,74.098,,,,
7/2/2017 8:00,14.8097,74.271,,,,
7/2/2017 8:15,14.8146,74.271,,,,
7/2/2017 8:30,14.8127,74.446,,,,
7/2/2017 8:45,14.8175,74.446,,,,
7/2/2017 9:00,14.8205,74.619,,,,
7/2/2017 9:15,14.8205,74.619,,,,
7/2/2017 9:30,14.8236,74.791,,,,
7/2/2017 9:45,14.8187,74.791,,,,
7/2/2017 10:00,14.8217,74.964,,,,
7/2/2017 10:15,14.8173,75.139,,,,
7/2/2017 10:30,14.8208,75.484,,,,
7/2/2017 10:45,14.8208,75.484,,,,
7/2/2017 11:00,14.8208,75.484,,,,
7/2/2017 11:15,14.8202,75.312,,,,
7/2/2017 11:30,14.816,75.484,,,,
7/2/2017 11:45,14.8142,75.659,,,,
7/2/2017 12:00,14.8123,75.832,,,,
7/2/2017 12:15,14.8098,75.832,,,,
7/2/2017 12:30,14.8079,76.006,,,,
7/2/2017 12:45,14.806,76.181,,,,
7/2/2017 13:00,14.8079,76.006,,,,
7/2/2017 13:15,14.803,76.006,,,,
7/2/2017 13:30,14.8049,75.832,,,,
7/2/2017 13:45,14.8018,75.659,,,,
7/2/2017 14:00,14.797,75.659,,,,
7/2/2017 14:15,14.7872,75.659,,,,
7/2/2017 14:30,14.7849,75.659,,,,
7/2/2017 14:45,14.7805,75.832,,,,
7/2/2017 15:00,14.7786,76.006,,,,
7/2/2017 15:15,14.7762,76.006,,,,
7/2/2017 15:30,14.7786,76.006,,,,
7/2/2017 15:45,14.7786,76.006,,,,
7/2/2017 16:00,14.7737,76.006,,,,
7/2/2017 16:15,14.7786,76.006,,,,
7/2/2017 16:30,14.7805,75.832,,,,
7/2/2017 16:45,14.7805,75.832,,,,
7/2/2017 17:00,14.7799,75.659,,,,
7/2/2017 17:15,14.7824,75.659,,,,
7/2/2017 17:30,14.7818,75.484,,,,
7/2/2017 17:45,14.7818,75.484,,,,
7/2/2017 18:00,14.7837,75.312,,,,
7/2/2017 18:15,14.7837,75.312,,,,
7/2/2017 18:30,14.7862,75.312,,,,
7/2/2017 18:45,14.7959,75.312,,,,
7/2/2017 19:00,14.7983,75.312,,,,
7/2/2017 19:15,14.7983,75.312,,,,
7/2/2017 19:30,14.8056,75.312,,,,
7/2/2017 19:45,14.8056,75.312,,,,
7/2/2017 20:00,14.8081,75.312,,,,
7/2/2017 20:15,14.8081,75.312,,,,
7/2/2017 20:30,14.8081,75.312,,,,
7/2/2017 20:45,14.8105,75.312,,,,
7/2/2017 21:00,14.8155,75.312,,,,
7/2/2017 21:15,14.8179,75.312,,,,
7/2/2017 21:30,14.8252,75.312,,,,
7/2/2017 21:45,14.8258,75.484,,,,
7/2/2017 22:00,14.833,75.484,,,,
7/2/2017 22:15,14.8379,75.484,,,,
7/2/2017 22:30,14.8361,75.659,,,,
7/2/2017 22:45,14.8361,75.659,,,,
7/2/2017 23:00,14.8355,75.484,,,,
7/2/2017 23:15,14.8355,75.484,,,,
7/2/2017 23:30,14.8355,75.484,,,,
7/2/2017 23:45,14.8429,75.484,,,,
7/3/2017 0:00,14.8477,75.484,,,,
7/3/2017 0:15,14.8526,75.484,,,,
7/3/2017 0:30,14.8551,75.484,,,,
7/3/2017 0:45,14.8551,75.484,,,,
7/3/2017 1:00,14.8648,75.484,,,,
7/3/2017 1:15,14.8648,75.484,,,,
7/3/2017 1:30,14.8691,75.312,,,,
7/3/2017 1:45,14.8813,75.312,,,,
7/3/2017 2:00,14.8838,75.312,,,,
7/3/2017 2:15,14.8832,75.139,,,,
7/3/2017 2:30,14.8807,75.139,,,,
7/3/2017 2:45,14.8783,75.139,,,,
7/3/2017 3:00,14.8759,75.139,,,,
7/3/2017 3:15,14.8783,75.139,,,,
7/3/2017 3:30,14.9321,75.139,,,,
7/3/2017 3:45,15.1567,75.139,,,,
7/3/2017 4:00,15.1274,75.139,,,,
7/3/2017 4:15,15.0902,74.964,,,,
7/3/2017 4:30,15.0902,74.964,,,,
7/3/2017 4:45,15.078,74.964,,,,
7/3/2017 5:00,15.0511,74.964,,,,
7/3/2017 5:15,15.0462,74.964,,,,
7/3/2017 5:30,15.034,74.964,,,,
7/3/2017 5:45,15.0291,74.964,,,,
7/3/2017 6:00,15.0346,75.139,,,,
7/3/2017 6:15,15.0371,75.139,,,,
7/3/2017 6:30,15.0443,75.139,,,,
7/3/2017 6:45,15.0371,75.139,,,,
7/3/2017 7:00,15.0247,75.139,,,,
7/3/2017 7:15,15.0253,75.312,,,,
7/3/2017 7:30,15.0181,75.312,,,,
7/3/2017 7:45,15.0156,75.312,,,,
7/3/2017 8:00,15.0107,75.312,,,,
7/3/2017 8:15,15.0113,75.484,,,,
7/3/2017 8:30,15.004,75.484,,,,
7/3/2017 8:45,15.0063,75.484,,,,
7/3/2017 9:00,14.9991,75.484,,,,
7/3/2017 9:15,14.9972,75.659,,,,
7/3/2017 9:30,14.9899,75.659,,,,
7/3/2017 9:45,14.9904,75.832,,,,
7/3/2017 10:00,14.9881,75.832,,,,
7/3/2017 10:15,14.9831,75.832,,,,
7/3/2017 10:30,14.991,76.006,,,,
7/3/2017 10:45,14.9959,76.006,,,,
7/3/2017 11:00,15.0155,76.006,,,,
7/3/2017 11:15,15.0575,76.181,,,,
7/3/2017 11:30,15.0794,76.181,,,,
7/3/2017 11:45,15.3061,76.006,,,,
7/3/2017 12:00,15.2249,75.832,,,,
7/3/2017 12:15,15.1663,75.832,,,,
7/3/2017 12:30,15.1321,75.832,,,,
7/3/2017 12:45,15.1302,76.006,,,,
7/3/2017 13:00,15.1314,76.354,,,,
7/3/2017 13:15,15.1118,76.354,,,,
7/3/2017 13:30,15.0794,76.181,,,,
7/3/2017 13:45,15.06,76.181,,,,
7/3/2017 14:00,15.0551,76.181,,,,
7/3/2017 14:15,15.0526,76.181,,,,
7/3/2017 14:30,15.0482,76.354,,,,
7/3/2017 14:45,15.0361,76.354,,,,
7/3/2017 15:00,15.0288,76.354,,,,
7/3/2017 15:15,15.0269,76.528,,,,
7/3/2017 15:30,15.0098,76.528,,,,
7/3/2017 15:45,15.0024,76.528,,,,
7/3/2017 16:00,14.9933,76.703,,,,
7/3/2017 16:15,14.9927,76.528,,,,
7/3/2017 16:30,14.9834,76.703,,,,
7/3/2017 16:45,14.9811,76.703,,,,
7/3/2017 17:00,14.9811,76.703,,,,
7/3/2017 17:15,14.9811,76.703,,,,
7/3/2017 17:30,14.9786,76.703,,,,
7/3/2017 17:45,14.9762,76.703,,,,
7/3/2017 18:00,14.9712,76.703,,,,
7/3/2017 18:15,14.9762,76.703,,,,
7/3/2017 18:30,14.9737,76.703,,,,
7/3/2017 18:45,14.9688,76.703,,,,
7/3/2017 19:00,14.9688,76.703,,,,
7/3/2017 19:15,14.9737,76.703,,,,
7/3/2017 19:30,14.9737,76.703,,,,
7/3/2017 19:45,14.9834,76.703,,,,
7/3/2017 20:00,14.9688,76.703,,,,
7/3/2017 20:15,14.9712,76.703,,,,
7/3/2017 20:30,14.9688,76.703,,,,
7/3/2017 20:45,14.9664,76.703,,,,
7/3/2017 21:00,14.964,76.703,,,,
7/3/2017 21:15,14.9615,76.703,,,,
7/3/2017 21:30,14.964,76.703,,,,
7/3/2017 21:45,14.959,76.703,,,,
7/3/2017 22:00,14.9566,76.703,,,,
7/3/2017 22:15,14.9566,76.703,,,,
7/3/2017 22:30,14.9518,76.703,,,,
7/3/2017 22:45,14.9541,76.703,,,,
7/3/2017 23:00,14.9499,76.876,,,,
7/3/2017 23:15,14.9499,76.876,,,,
7/3/2017 23:30,14.9499,76.876,,,,
7/3/2017 23:45,14.94,76.876,,,,
7/4/2017 0:00,14.9425,76.876,,,,
7/4/2017 0:15,14.9376,76.876,,,,
7/4/2017 0:30,14.9353,76.876,,,,
7/4/2017 0:45,14.9279,76.876,,,,
7/4/2017 1:00,14.9279,76.876,,,,
7/4/2017 1:15,14.9181,76.876,,,,
7/4/2017 1:30,14.9157,76.876,,,,
7/4/2017 1:45,14.9083,76.876,,,,
7/4/2017 2:00,14.9107,76.876,,,,
7/4/2017 2:15,14.9035,76.876,,,,
7/4/2017 2:30,14.8961,76.876,,,,
7/4/2017 2:45,14.8912,76.876,,,,
7/4/2017 3:00,14.8936,76.876,,,,
7/4/2017 3:15,14.8912,76.876,,,,
7/4/2017 3:30,14.8815,76.876,,,,
7/4/2017 3:45,14.879,76.876,,,,
7/4/2017 4:00,14.8815,76.876,,,,
7/4/2017 4:15,14.879,76.876,,,,
7/4/2017 4:30,14.879,76.876,,,,
7/4/2017 4:45,14.879,76.876,,,,
7/4/2017 5:00,14.879,76.876,,,,
7/4/2017 5:15,14.8815,76.876,,,,
7/4/2017 5:30,14.8815,76.876,,,,
7/4/2017 5:45,14.887,77.05,,,,
7/4/2017 6:00,14.887,77.05,,,,
7/4/2017 6:15,14.8894,77.05,,,,
7/4/2017 6:30,14.8894,77.05,,,,
7/4/2017 6:45,14.887,77.05,,,,
7/4/2017 7:00,14.887,77.05,,,,
7/4/2017 7:15,14.8917,77.05,,,,
7/4/2017 7:30,14.8917,77.05,,,,
7/4/2017 7:45,14.8967,77.05,,,,
7/4/2017 8:00,14.8894,77.05,,,,
7/4/2017 8:15,14.8894,77.05,,,,
7/4/2017 8:30,14.8923,77.225,,,,
7/4/2017 8:45,14.8923,77.225,,,,
7/4/2017 9:00,14.8899,77.225,,,,
7/4/2017 9:15,14.8851,77.225,,,,
7/4/2017 9:30,14.8875,77.225,,,,
7/4/2017 9:45,14.8904,77.4,,,,
7/4/2017 10:00,14.888,77.4,,,,
7/4/2017 10:15,14.8861,77.574,,,,
7/4/2017 10:30,14.8838,77.574,,,,
7/4/2017 10:45,14.8819,77.749,,,,
7/4/2017 11:00,14.8781,78.098,,,,
7/4/2017 11:15,14.8688,78.274,,,,
7/4/2017 11:30,14.8694,78.449,,,,
7/4/2017 11:45,14.8651,78.624,,,,
7/4/2017 12:00,14.8627,78.624,,,,
7/4/2017 12:15,14.8597,78.449,,,,
7/4/2017 12:30,14.8578,78.624,,,,
7/4/2017 12:45,14.8578,78.624,,,,
7/4/2017 13:00,14.8535,78.8,,,,
7/4/2017 13:15,14.8462,78.8,,,,
7/4/2017 13:30,14.8394,78.975,,,,
7/4/2017 13:45,14.8375,79.151,,,,
7/4/2017 14:00,14.835,79.151,,,,
7/4/2017 14:15,14.832,78.975,,,,
7/4/2017 14:30,14.8291,78.8,,,,
7/4/2017 14:45,14.8266,78.8,,,,
7/4/2017 15:00,14.8266,78.8,,,,
7/4/2017 15:15,14.8247,78.975,,,,
7/4/2017 15:30,14.8247,78.975,,,,
7/4/2017 15:45,14.8217,78.8,,,,
7/4/2017 16:00,14.8217,78.8,,,,
7/4/2017 16:15,14.8217,78.8,,,,
7/4/2017 16:30,14.8211,78.624,,,,
7/4/2017 16:45,14.823,78.449,,,,
7/4/2017 17:00,14.8279,78.449,,,,
7/4/2017 17:15,14.8274,78.274,,,,
7/4/2017 17:30,14.8323,78.274,,,,
7/4/2017 17:45,14.8342,78.098,,,,
7/4/2017 18:00,14.8317,78.098,,,,
7/4/2017 18:15,14.8361,77.923,,,,
7/4/2017 18:30,14.8384,77.923,,,,
7/4/2017 18:45,14.8355,77.749,,,,
7/4/2017 19:00,14.8379,77.749,,,,
7/4/2017 19:15,14.8379,77.749,,,,
7/4/2017 19:30,14.8398,77.574,,,,
7/4/2017 19:45,14.8421,77.574,,,,
7/4/2017 20:00,14.8446,77.574,,,,
7/4/2017 20:15,14.8495,77.574,,,,
7/4/2017 20:30,14.8495,77.574,,,,
7/4/2017 20:45,14.852,77.574,,,,
7/4/2017 21:00,14.8539,77.4,,,,
7/4/2017 21:15,14.8514,77.4,,,,
7/4/2017 21:30,14.849,77.4,,,,
7/4/2017 21:45,14.8514,77.4,,,,
7/4/2017 22:00,14.849,77.4,,,,
7/4/2017 22:15,14.8484,77.225,,,,
7/4/2017 22:30,14.8484,77.225,,,,
7/4/2017 22:45,14.8459,77.225,,,,
7/4/2017 23:00,14.8435,77.225,,,,
7/4/2017 23:15,14.8435,77.225,,,,
7/4/2017 23:30,14.8411,77.225,,,,
7/4/2017 23:45,14.8381,77.05,,,,
7/5/2017 0:00,14.8356,77.05,,,,
7/5/2017 0:15,14.8406,77.05,,,,
7/5/2017 0:30,14.8356,77.05,,,,
7/5/2017 0:45,14.8406,77.05,,,,
7/5/2017 1:00,14.8381,77.05,,,,
7/5/2017 1:15,14.8381,77.05,,,,
7/5/2017 1:30,14.8356,77.05,,,,
7/5/2017 1:45,14.8332,77.05,,,,
7/5/2017 2:00,14.8284,77.05,,,,
7/5/2017 2:15,14.8278,76.876,,,,
7/5/2017 2:30,14.8253,76.876,,,,
7/5/2017 2:45,14.8179,76.876,,,,
7/5/2017 3:00,14.8131,76.876,,,,
7/5/2017 3:15,14.8131,76.876,,,,
7/5/2017 3:30,14.8107,76.876,,,,
7/5/2017 3:45,14.8082,76.876,,,,
7/5/2017 4:00,14.8082,76.876,,,,
7/5/2017 4:15,14.8107,76.876,,,,
7/5/2017 4:30,14.8057,76.876,,,,
7/5/2017 4:45,14.8082,76.876,,,,
7/5/2017 5:00,14.8131,76.876,,,,
7/5/2017 5:15,14.8131,76.876,,,,
7/5/2017 5:30,14.8131,76.876,,,,
7/5/2017 5:45,14.8156,76.876,,,,
7/5/2017 6:00,14.8198,76.703,,,,
7/5/2017 6:15,14.8175,76.703,,,,
7/5/2017 6:30,14.8223,76.703,,,,
7/5/2017 6:45,14.8223,76.703,,,,
7/5/2017 7:00,14.8272,76.703,,,,
7/5/2017 7:15,14.8247,76.703,,,,
7/5/2017 7:30,14.8272,76.703,,,,
7/5/2017 7:45,14.8272,76.703,,,,
7/5/2017 8:00,14.835,76.876,,,,
7/5/2017 8:15,14.835,76.876,,,,
7/5/2017 8:30,14.8356,77.05,,,,
7/5/2017 8:45,14.8356,77.05,,,,
7/5/2017 9:00,14.8381,77.05,,,,
7/5/2017 9:15,14.8381,77.05,,,,
7/5/2017 9:30,14.8435,77.225,,,,
7/5/2017 9:45,14.8417,77.4,,,,
7/5/2017 10:00,14.8374,77.574,,,,
7/5/2017 10:15,14.8403,77.749,,,,
7/5/2017 10:30,14.8379,77.749,,,,
7/5/2017 10:45,14.839,78.098,,,,
7/5/2017 11:00,14.8371,78.274,,,,
7/5/2017 11:15,14.6687,78.274,,,,
7/5/2017 11:16,,,,Logged,,
7/5/2017 11:16,,,Logged,,,
7/5/2017 11:16,,,,Logged,,
7/5/2017 11:16,,,,,Logged,Logged
