,Date,Total_flow_CFS,Base_flow_CFS,Runoff_CFS,Month
0,2016-03-28,3.984053999241653,,,3
1,2016-03-29,7.050917947615518,,,3
2,2016-03-30,12.942051236569116,,,3
3,2016-03-31,1.8119457271443842,1.8119457271443842,0.0,3
4,2016-04-01,4.551321098604915,1.7936765242512234,2.7576445743536917,4
5,2016-04-02,33.669191607628726,1.7754073213580626,31.893784286270662,4
6,2016-04-03,2.453810457984861,1.757138118464902,0.696672339519959,4
7,2016-04-04,1.7205997126785804,1.7388689155717412,0.0,4
8,2016-04-05,2.555849879693899,1.7205997126785804,0.8352501670153185,4
9,2016-04-06,5.273707010224465,1.691231096833405,3.5824759133910598,4
10,2016-04-07,1.6529838445239937,1.6618624809882299,0.0,4
11,2016-04-08,1.573756633452704,1.6324938651430545,0.0,4
12,2016-04-09,21.484402223848374,1.6031252492978794,19.881276974550495,4
13,2016-04-10,54.856710268773824,1.573756633452704,53.28295363532112,4
14,2016-04-11,20.87018528112785,1.6696619417285528,19.200523339399297,4
15,2016-04-12,18.321601972971578,1.7655672500044015,16.556034722967176,4
16,2016-04-13,29.182294487573124,1.8614725582802505,27.320821929292872,4
17,2016-04-14,47.47976764805098,1.9573778665560992,45.52238978149488,4
18,2016-04-15,38.9491323310574,2.053283174831948,36.89584915622545,4
19,2016-04-16,11.902790786408302,2.149188483107797,9.753602303300504,4
20,2016-04-17,6.575422615915251,2.2450937913836455,4.330328824531605,4
21,2016-04-18,7.008672879802321,2.3409990996594945,4.667673780142826,4
22,2016-04-19,10.855805766082376,2.436904407935343,8.418901358147034,4
23,2016-04-20,4.60888499736132,2.532809716211192,2.0760752811501284,4
24,2016-04-21,2.532809716211192,2.5760168016934446,0.0,4
25,2016-04-22,12.113505925350104,2.619223887175697,9.494282038174408,4
26,2016-04-23,26.95426348198221,2.6624309726579494,24.29183250932426,4
27,2016-04-24,5.335421310564915,2.705638058140202,2.6297832524247133,4
28,2016-04-25,3.281489645868152,2.7488451436224546,0.5326445022456974,4
29,2016-04-26,10.870105993942891,2.792052229104707,8.078053764838184,4
30,2016-04-27,4.726155030813254,2.83525931458696,1.8908957162262938,4
31,2016-04-28,2.964880571033717,2.878466400069212,0.08641417096450521,4
32,2016-04-29,39.49575112061772,2.9216734855514646,36.57407763506625,4
33,2016-04-30,89.48373105812388,2.964880571033717,86.51885048709016,4
34,2016-05-01,48.4683645065506,2.877326468556227,45.59103803799437,5
35,2016-05-02,19.73223014172513,2.7897723660787372,16.942457775646393,5
36,2016-05-03,9.56303401830741,2.7022182636012473,6.860815754706163,5
37,2016-05-04,7.922435917443709,2.6146641611237573,5.307771756319951,5
38,2016-05-05,5.670794232999927,2.527110058646268,3.143684174353659,5
39,2016-05-06,3.552007293666342,2.439555956168778,1.1124513374975642,5
40,2016-05-07,3.304791836746601,2.352001853691288,0.9527899830553133,5
41,2016-05-08,2.3967494997387417,2.264447751213798,0.1323017485249438,5
42,2016-05-09,1.91375660569975,2.176893648736308,0.0,5
43,2016-05-10,2.219079256561765,2.089339546258818,0.12973971030294695,5
44,2016-05-11,39.42973051994687,2.001785443781328,37.42794507616554,5
45,2016-05-12,7.04510776748504,1.9142313413038383,5.130876426181201,5
46,2016-05-13,3.483250656686931,1.8266772388263484,1.6565734178605827,5
47,2016-05-14,2.3917076191453255,1.7391231363488586,0.6525844827964669,5
48,2016-05-15,2.0459410365439643,1.6515690338713687,0.39437200267259565,5
49,2016-05-16,1.6515690338713687,1.6261541523201786,0.025414881551190094,5
50,2016-05-17,1.5959052644285638,1.6007392707689885,0.0,5
51,2016-05-18,1.524494626115418,1.5753243892177982,0.0,5
52,2016-05-19,1.607934715834736,1.549909507666608,0.05802520816812784,5
53,2016-05-20,1.9216494499709165,1.524494626115418,0.3971548238554985,5
54,2016-05-21,11.570473285642219,1.5205653515662685,10.04990793407595,5
55,2016-05-22,2.3583702338076473,1.516636077017119,0.8417341567905283,5
56,2016-05-23,1.5048482533696708,1.5127068024679697,0.0,5
57,2016-05-24,1.5305748941008053,1.5087775279188202,0.021797366181985023,5
58,2016-05-25,1.5339148571645196,1.5048482533696708,0.029066603794848822,5
59,2016-05-26,1.690875275178512,1.511661196834222,0.17921407834429015,5
60,2016-05-27,1.7894811126949743,1.518474140298773,0.2710069723962014,5
61,2016-05-28,2.2309639158234296,1.5252870837633241,0.7056768320601055,5
62,2016-05-29,2.52532140500202,1.532100027227875,0.9932213777741448,5
63,2016-05-30,2.8165303021355794,1.5389129706924263,1.2776173314431531,5
64,2016-05-31,3.1231677661927226,1.5457259141569772,1.5774418520357454,5
65,2016-06-01,3.4668445624880335,1.5525388576215284,1.914305704866505,6
66,2016-06-02,3.5950913413974432,1.5593518010860794,2.035739540311364,6
67,2016-06-03,3.7304496525147623,1.5661647445506306,2.1642849079641318,6
68,2016-06-04,4.217688897111406,1.5729776880151818,2.644711209096225,6
69,2016-06-05,4.385159762446565,1.5797906314797328,2.8053691309668327,6
70,2016-06-06,4.777001927812434,1.586603574944284,3.1903983528681503,6
71,2016-06-07,5.049001075566665,1.593416518408835,3.4555845571578305,6
72,2016-06-08,3.412834684286255,1.600229461873386,1.8126052224128688,6
73,2016-06-09,3.9602156118137484,1.607042405337937,2.3531732064758115,6
74,2016-06-10,3.108934988832427,1.6138553488024883,1.4950796400299389,6
75,2016-06-11,5.397048006499182,1.6206682922670392,3.776379714232143,6
76,2016-06-12,2.42727432633415,1.6274812357315904,0.7997930906025597,6
77,2016-06-13,2.3393116135335488,1.6342941791961416,0.7050174343374072,6
78,2016-06-14,2.8077036856237045,1.6411071226606926,1.166596562963012,6
79,2016-06-15,2.3942332175269585,1.6479200661252438,0.7463131514017147,6
80,2016-06-16,3.697490419908252,1.6547330095897947,2.0427574103184574,6
81,2016-06-17,1.675171839983448,1.661545953054346,0.01362588692910216,6
82,2016-06-18,2.5264697906727567,1.668358896518897,0.8581108941538598,6
83,2016-06-19,3.36832900817272,1.675171839983448,1.6931571681892719,6
84,2016-06-20,4.136835048629853,1.854037180516468,2.2827978681133847,6
85,2016-06-21,4.281128377248514,2.032902521049488,2.248225856199026,6
86,2016-06-22,4.73656733657471,2.211767861582508,2.5247994749922023,6
87,2016-06-23,4.825513743852337,2.390633202115528,2.434880541736809,6
88,2016-06-24,5.090256966468017,2.5694985426485477,2.520758423819469,6
89,2016-06-25,4.615431843464481,2.7483638831815678,1.8670679602829137,6
90,2016-06-26,4.471921612107112,2.927229223714588,1.5446923883925239,6
91,2016-06-27,4.362181819441565,3.1060945642476074,1.2560872551939575,6
92,2016-06-28,3.4638252453136475,3.284959904780628,0.1788653405330196,6
93,2016-06-29,4.7929119127849455,3.4638252453136475,1.329086667471298,6
94,2016-06-30,5.458116907023816,3.4278077090585155,2.0303091979653,6
95,2016-07-01,5.1290050990804055,3.3917901728033835,1.737214926277022,7
96,2016-07-02,5.295948955291927,3.3557726365482514,1.940176318743676,7
97,2016-07-03,5.284135175639328,3.3197551002931194,1.9643800753462086,7
98,2016-07-04,5.6649815696887895,3.2837375640379873,2.381244005650802,7
99,2016-07-05,5.501257840952694,3.2477200277828553,2.2535378131698387,7
100,2016-07-06,6.156209147209548,3.2117024915277232,2.944506655681825,7
101,2016-07-07,5.937824257323429,3.175684955272591,2.762139302050838,7
102,2016-07-08,4.808328770455687,3.139667419017459,1.668661351438228,7
103,2016-07-09,4.913326944747163,3.103649882762327,1.8096770619848357,7
104,2016-07-10,4.876449945486646,3.067632346507195,1.8088175989794513,7
105,2016-07-11,3.561082315933831,3.031614810252063,0.5294675056817679,7
106,2016-07-12,2.923562201486667,2.995597273996931,0.0,7
107,2016-07-13,3.8396605554072156,2.959579737741799,0.8800808176654167,7
108,2016-07-14,4.194782889407299,2.923562201486667,1.271220687920632,7
109,2016-07-15,4.409217217365117,2.879912904834712,1.5293043125304049,7
110,2016-07-16,4.623787027314619,2.8362636081827572,1.7875234191318619,7
111,2016-07-17,4.67474886780179,2.792614311530803,1.8821345562709868,7
112,2016-07-18,8.808459556753382,2.748965014878848,6.059494541874534,7
113,2016-07-19,16.63784219462434,2.705315718226893,13.932526476397447,7
114,2016-07-20,2.705315718226893,2.7010796510370545,0.00423606718983871,7
115,2016-07-21,2.0356007574566064,2.6968435838472153,0.0,7
116,2016-07-22,3.2408439670398006,2.6926075166573766,0.548236450382424,7
117,2016-07-23,2.6841353822776988,2.6883714494675375,0.0,7
118,2016-07-24,3.973860578798966,2.6841353822776988,1.289725196521267,7
119,2016-07-25,4.553693683935858,2.6979046676305964,1.8557890163052617,7
120,2016-07-26,4.79799189815122,2.7116739529834937,2.086317945167726,7
121,2016-07-27,5.083641120455394,2.725443238336391,2.3581978821190033,7
122,2016-07-28,5.200281514951247,2.7392125236892886,2.4610689912619588,7
123,2016-07-29,5.652629118283481,2.7529818090421863,2.8996473092412947,7
124,2016-07-30,5.8911462843585545,2.7667510943950835,3.124395189963471,7
125,2016-07-31,6.128483363029919,2.7805203797479807,3.3479629832819384,7
126,2016-08-01,6.288161198233052,2.7942896651008784,3.4938715331321735,8
127,2016-08-02,5.81046328756208,2.808058950453776,3.0024043371083042,8
128,2016-08-03,6.021865584126246,2.8218282358066733,3.2000373483195728,8
129,2016-08-04,6.833698392453402,2.8355975211595705,3.9981008712938317,8
130,2016-08-05,4.279287177559872,2.849366806512468,1.4299203710474035,8
131,2016-08-06,6.026817520416383,2.863136091865366,3.1636814285510173,8
132,2016-08-07,6.6800962460687865,2.876905377218263,3.8031908688505234,8
133,2016-08-08,6.826710035706182,2.8906746625711603,3.936035373135022,8
134,2016-08-09,6.547533041960171,2.904443947924058,3.643089094036113,8
135,2016-08-10,6.9882565866607385,2.9182132332769557,4.070043353383783,8
136,2016-08-11,7.084685673057839,2.931982518629853,4.152703154427986,8
137,2016-08-12,7.295685954948989,2.94575180398275,4.349934150966239,8
138,2016-08-13,2.959521089335648,2.959521089335648,0.0,8
139,2016-08-14,4.463001445947891,2.8688970783978562,1.594104367550035,8
140,2016-08-15,3.061458972942033,2.778273067460065,0.2831859054819681,8
141,2016-08-16,4.329040785180118,2.6876490565222735,1.6413917286578448,8
142,2016-08-17,5.821075730382222,2.5970250455844823,3.2240506847977395,8
143,2016-08-18,6.657585165508623,2.5064010346466907,4.151184130861932,8
144,2016-08-19,7.233006662196364,2.415777023708899,4.817229638487465,8
145,2016-08-20,4.2554138996172295,2.325153012771108,1.9302608868461215,8
146,2016-08-21,1.8658427497672194,2.234529001833317,0.0,8
147,2016-08-22,4.187168501411705,2.143904990895525,2.0432635105161796,8
148,2016-08-23,10.377019664995107,2.0532809799577336,8.323738685037373,8
149,2016-08-24,5.56631605058934,1.9626569690199425,3.603659081569398,8
150,2016-08-25,1.7144033699537953,1.8720329580821509,0.0,8
151,2016-08-26,1.6001609252687767,1.7814089471443595,0.0,8
152,2016-08-27,1.9368226225030158,1.6907849362065681,0.24603768629644773,8
153,2016-08-28,2.015195534123708,1.6001609252687767,0.4150346088549315,8
154,2016-08-29,1.728245319724363,1.6046277160208458,0.12361760370351726,8
155,2016-08-30,1.6814608345283626,1.6090945067729148,0.07236632775544782,8
156,2016-08-31,1.622494879029122,1.613561297524984,0.008933581504138033,8
157,2016-09-01,1.6312574519542316,1.618028088277053,0.01322936367717853,9
158,2016-09-02,1.7810252103571698,1.622494879029122,0.15853033132804772,9
159,2016-09-03,4.3543235529952655,1.6150552199188462,2.7392683330764194,9
160,2016-09-04,14.41511811872668,1.6076155608085705,12.80750255791811,9
161,2016-09-05,3.262357115452911,1.6001759016982946,1.6621812137546164,9
162,2016-09-06,1.585296583477743,1.592736242588019,0.0,9
163,2016-09-07,1.6633170141905096,1.585296583477743,0.07802043071276654,9
164,2016-09-08,1.80838288011406,1.6827209091390563,0.12566197097500376,9
165,2016-09-09,1.6371297530559494,1.7801452348003695,0.0,9
166,2016-09-10,2.1367648063354068,1.8775695604616827,0.2591952458737241,9
167,2016-09-11,2.9310308467982265,1.9749938861229959,0.9560369606752306,9
168,2016-09-12,3.410025612860087,2.072418211784309,1.3376074010757781,9
169,2016-09-13,3.9892253554318247,2.1698425374456223,1.8193828179862024,9
170,2016-09-14,4.279866070539719,2.2672668631069355,2.0125992074327836,9
171,2016-09-15,4.3961268624344845,2.3646911887682487,2.031435673666236,9
172,2016-09-16,4.655644955652929,2.462115514429562,2.193529441223367,9
173,2016-09-17,2.7782751633945826,2.559539840090875,0.21873532330370749,9
174,2016-09-18,4.649282200358931,2.6569641657521883,1.9923180346067424,9
175,2016-09-19,5.347380595247807,2.754388491413502,2.592992103834305,9
176,2016-09-20,3.0466614683974416,2.851812817074815,0.1948486513226264,9
177,2016-09-21,4.894788520444826,2.9492371427361284,1.9455513777086977,9
178,2016-09-22,5.7327050582810015,3.0466614683974416,2.68604358988356,9
179,2016-09-23,6.009916126747796,3.1135933467792736,2.8963227799685223,9
180,2016-09-24,4.085794167666024,3.1805252251611056,0.9052689425049185,9
181,2016-09-25,4.486909011697372,3.2474571035429376,1.2394519081544342,9
182,2016-09-26,5.533018025582758,3.314388981924769,2.218629043657989,9
183,2016-09-27,4.789530550195706,3.381320860306601,1.4082096898891048,9
184,2016-09-28,4.705837297784391,3.448252738688433,1.2575845590959576,9
185,2016-09-29,5.8542900920070196,3.515184617070265,2.3391054749367544,9
186,2016-09-30,6.295007571483831,3.582116495452097,2.7128910760317337,9
187,2016-10-01,7.276845154114763,3.6490483738339288,3.6277967802808346,10
188,2016-10-02,7.569404754598518,3.7159802522157612,3.853424502382757,10
189,2016-10-03,7.854347341742338,3.782912130597593,4.071435211144745,10
190,2016-10-04,8.54400680813823,3.849844008979425,4.694162799158805,10
191,2016-10-05,8.913080369297496,3.916775887361257,4.99630448193624,10
192,2016-10-06,8.93288224950154,3.983707765743089,4.949174483758451,10
193,2016-10-07,9.590562988121828,4.050639644124921,5.539923343996907,10
194,2016-10-08,9.649141914155342,4.117571522506752,5.531570391648589,10
195,2016-10-09,4.4433633334798435,4.184503400888585,0.2588599325912586,10
196,2016-10-10,8.115530729000149,4.251435279270416,3.8640954497297324,10
197,2016-10-11,4.3852990360340804,4.318367157652249,0.06693187838183157,10
198,2016-10-12,7.2213848446572255,4.3852990360340804,2.836085808623145,10
199,2016-10-13,8.025571824411688,4.278702496163221,3.7468693282484677,10
200,2016-10-14,6.682212344270152,4.172105956292362,2.51010638797779,10
201,2016-10-15,8.752843914804952,4.065509416421502,4.68733449838345,10
202,2016-10-16,9.536083107007398,3.958912876550643,5.577170230456755,10
203,2016-10-17,8.498887880126638,3.8523163366797837,4.646571543446854,10
204,2016-10-18,7.821711116750752,3.7457197968089244,4.075991319941828,10
205,2016-10-19,7.957041867757593,3.639123256938065,4.317918610819528,10
206,2016-10-20,9.593520282715488,3.5325267170672054,6.060993565648283,10
207,2016-10-21,9.890817480874372,3.425930177196346,6.464887303678026,10
208,2016-10-22,9.882922560827843,3.319333637325487,6.563588923502357,10
209,2016-10-23,6.903713613082813,3.2127370974546277,3.690976515628185,10
210,2016-10-24,8.352497989835834,3.1061405575837684,5.246357432252066,10
211,2016-10-25,8.053176805071548,2.9995440177129087,5.053632787358639,10
212,2016-10-26,9.60885857357509,2.89294747784205,6.7159110957330395,10
213,2016-10-27,5.09366419989453,2.78635093797119,2.3073132619233396,10
214,2016-10-28,4.546937422961934,2.679754398100331,1.8671830248616028,10
215,2016-10-29,3.973718230302851,2.5731578582294716,1.4005603720733792,10
216,2016-10-30,6.256520777022622,2.466561318358612,3.7899594586640104,10
217,2016-10-31,3.318380485650785,2.3599647784877527,0.9584157071630321,10
218,2016-11-01,2.2533682386168934,2.2533682386168934,0.0,11
219,2016-11-02,5.049883331248583,2.208138339344119,2.8417449919044637,11
220,2016-11-03,6.364532843056835,2.162908440071344,4.201624402985491,11
221,2016-11-04,5.805276252805237,2.1176785407985697,3.6875977120066676,11
222,2016-11-05,7.169690864884503,2.0724486415257948,5.097242223358708,11
223,2016-11-06,8.98040537756309,2.0272187422530203,6.953186635310069,11
224,2016-11-07,45.81915189907561,1.9819888429802457,43.83716305609536,11
225,2016-11-08,3.5912843944738144,1.936758943707471,1.6545254507663434,11
226,2016-11-09,1.8010692458891473,1.8915290444346966,0.0,11
227,2016-11-10,24.423194538896386,1.846299145161922,22.576895393734464,11
228,2016-11-11,8.51699535654224,1.8010692458891473,6.715926110653093,11
229,2016-11-12,1.9964928905887638,1.7810634392136366,0.21542945137512715,11
230,2016-11-13,1.514697114918128,1.761057632538126,0.0,11
231,2016-11-14,1.7010402125115938,1.741051825862615,0.0,11
232,2016-11-15,1.9533120108951523,1.7210460191871044,0.23226599170804785,11
233,2016-11-16,2.461239908817906,1.7010402125115938,0.7601996963063125,11
234,2016-11-17,2.750220362073284,1.8911117109764033,0.8591086510968806,11
235,2016-11-18,3.208680672219373,2.0811832094412126,1.1274974627781602,11
236,2016-11-19,3.35121544182756,2.271254707906022,1.079960733921538,11
237,2016-11-20,4.01776574246196,2.4613262063708317,1.5564395360911285,11
238,2016-11-21,4.329943624738531,2.651397704835641,1.67854591990289,11
239,2016-11-22,4.554115110343416,2.8414692033004503,1.7126459070429654,11
240,2016-11-23,3.6135249743012814,3.03154070176526,0.5819842725360216,11
241,2016-11-24,4.229828295402919,3.2216122002300693,1.00821609517285,11
242,2016-11-25,3.6017551971596884,3.411683698694879,0.19007149846480953,11
243,2016-11-26,3.9225989203949636,3.6017551971596884,0.3208437232352752,11
244,2016-11-27,5.187919632298843,3.509839043416723,1.6780805888821195,11
245,2016-11-28,5.731211107530583,3.4179228896737572,2.3132882178568255,11
246,2016-11-29,6.19905414333192,3.326006735930792,2.873047407401128,11
247,2016-11-30,6.608495440492538,3.2340905821878265,3.3744048583047115,11
248,2016-12-01,6.715782181467914,3.142174428444861,3.5736077530230532,12
249,2016-12-02,6.943622584661941,3.0502582747018954,3.8933643099600452,12
250,2016-12-03,5.799698360987516,2.95834212095893,2.8413562400285857,12
251,2016-12-04,7.157292819984055,2.8664259672159647,4.29086685276809,12
252,2016-12-05,3.9878205798480244,2.7745098134729993,1.213310766375025,12
253,2016-12-06,5.583772916751535,2.6825936597300335,2.9011792570215014,12
254,2016-12-07,6.491364603950717,2.590677505987068,3.9006870979636488,12
255,2016-12-08,5.411863993657558,2.4987613522441023,2.913102641413456,12
256,2016-12-09,5.990314769266128,2.406845198501137,3.583469570764991,12
257,2016-12-10,3.0564909862534826,2.3149290447581716,0.741561941495311,12
258,2016-12-11,4.6101464477734595,2.2230128910152063,2.3871335567582532,12
259,2016-12-12,3.6009952032730626,2.131096737272241,1.4698984660008216,12
260,2016-12-13,5.021507512168906,2.039180583529275,2.982326928639631,12
261,2016-12-14,6.046344918925116,1.9472644297863098,4.099080489138807,12
262,2016-12-15,6.012653472186671,1.8553482760433442,4.157305196143327,12
263,2016-12-16,1.7634321223003788,1.7634321223003788,0.0,12
264,2016-12-17,9.175549335897195,1.743097878481666,7.432451457415529,12
265,2016-12-18,6.486023580396648,1.7227636346629533,4.7632599457336955,12
266,2016-12-19,3.0027726209245866,1.7024293908442405,1.3003432300803461,12
267,2016-12-20,3.3352943547970475,1.6820951470255279,1.6531992077715196,12
268,2016-12-21,7.707063490337475,1.661760903206815,6.04530258713066,12
269,2016-12-22,15.862029592024918,1.6414266593881022,14.220602932636815,12
270,2016-12-23,14.048517634645684,1.6210924155693895,12.427425219076294,12
271,2016-12-24,3.0646437570879996,1.6007581717506767,1.463885585337323,12
272,2016-12-25,1.714438944834569,1.580423927931964,0.13401501690260487,12
273,2016-12-26,1.5600896841132512,1.5600896841132512,0.0,12
274,2016-12-27,1.7823708384450065,1.5571191111055165,0.22525172733949006,12
275,2016-12-28,3.811959451620025,1.5541485380977818,2.257810913522243,12
276,2016-12-29,1.5766936268348195,1.5511779650900468,0.02551566174477271,12
277,2016-12-30,21.27521125235916,1.548207392082312,19.72700386027685,12
278,2016-12-31,2.729582719587559,1.5452368190745773,1.1843459005129817,12
279,2017-01-01,1.5452368190745773,1.5638807378123898,0.0,1
280,2017-01-02,1.596710536135307,1.582524656550202,0.014185879585104866,1
281,2017-01-03,1.82142776670699,1.6011685752880145,0.22025919141897554,1
282,2017-01-04,1.9730496184805528,1.619812494025827,0.3532371244547259,1
283,2017-01-05,2.181907052825043,1.6384564127636392,0.5434506400614036,1
284,2017-01-06,2.18408148495428,1.6571003315014516,0.5269811534528281,1
285,2017-01-07,2.1875339488672707,1.675744250239264,0.5117896986280066,1
286,2017-01-08,3.010632969266997,1.6943881689770763,1.3162448002899207,1
287,2017-01-09,2.8150974574625147,1.7130320877148888,1.102065369747626,1
288,2017-01-10,3.644994778680209,1.7316760064527013,1.9133187722275076,1
289,2017-01-11,3.8988596311679533,1.7503199251905137,2.1485397059774396,1
290,2017-01-12,4.2936324618775314,1.768963843928326,2.5246686179492057,1
291,2017-01-13,4.635750994633349,1.7876077626661384,2.84814323196721,1
292,2017-01-14,4.348909266384861,1.8062516814039506,2.54265758498091,1
293,2017-01-15,4.251931125806468,1.824895600141763,2.427035525664705,1
294,2017-01-16,4.044212587357847,1.8435395188795756,2.200673068478271,1
295,2017-01-17,3.8949241684197773,1.862183437617388,2.0327407308023893,1
296,2017-01-18,5.318309266262194,1.8808273563552005,3.4374819099069933,1
297,2017-01-19,5.619047454291373,1.8994712750930127,3.71957617919836,1
298,2017-01-20,4.636717896999162,1.9181151938308252,2.7186027031683366,1
299,2017-01-21,3.908071164042389,1.9367591125686374,1.9713120514737517,1
300,2017-01-22,3.0458351741954743,1.9554030313064499,1.0904321428890245,1
301,2017-01-23,3.739634060594996,1.9740469500442623,1.7655871105507335,1
302,2017-01-24,4.9853114703005525,1.9926908687820748,2.9926206015184778,1
303,2017-01-25,4.320013728872772,2.0113347875198873,2.308678941352885,1
304,2017-01-26,3.190027870011022,2.0299787062576993,1.1600491637533228,1
305,2017-01-27,3.8690777827958116,2.0486226249955117,1.8204551578002999,1
306,2017-01-28,5.479913787396566,2.067266543733324,3.4126472436632422,1
307,2017-01-29,4.356847846201932,2.0859104624711367,2.270937383730795,1
308,2017-01-30,2.516733908964624,2.104554381208949,0.4121795277556748,1
309,2017-01-31,4.542088879052258,2.1231982999467616,2.4188905791054967,1
310,2017-02-01,1.7183262237719203,2.141842218684574,0.0,2
311,2017-02-02,2.213467462556201,2.160486137422386,0.05298132513381493,2
312,2017-02-03,3.2514884040558782,2.1791300561601985,1.0723583478956797,2
313,2017-02-04,2.7897282344395875,2.197773974898011,0.5919542595415765,2
314,2017-02-05,2.197773974898011,2.138152937709156,0.05962103718885503,2
315,2017-02-06,10.613337343557635,2.0785319005203013,8.534805443037333,2
316,2017-02-07,2.330375461690725,2.0189108633314463,0.31146459835927853,2
317,2017-02-08,52.1099912418513,1.9592898261425913,50.1507014157087,2
318,2017-02-09,7.1237270907533805,1.8996687889537365,5.224058301799644,2
319,2017-02-10,12.809785979293432,1.8400477517648817,10.96973822752855,2
320,2017-02-11,5.604478949910934,1.7804267145760266,3.8240522353349076,2
321,2017-02-12,2.0959582028292694,1.7208056773871718,0.37515252544209754,2
322,2017-02-13,1.601563603009462,1.661184640198317,0.0,2
323,2017-02-14,2.335280822766736,1.601563603009462,0.7337172197572741,2
324,2017-02-15,14.541906356342945,1.5943151565915703,12.947591199751376,2
325,2017-02-16,21.246894658961583,1.5870667101736788,19.659827948787903,2
326,2017-02-17,6.281885765071533,1.5798182637557872,4.702067501315746,2
327,2017-02-18,24.478683222867136,1.5725698173378957,22.90611340552924,2
328,2017-02-19,23.552233599133242,1.565321370920004,21.98691222821324,2
329,2017-02-20,8.062918745888794,1.5580729245021123,6.504845821386682,2
330,2017-02-21,4.513769201780335,1.5508244780842209,2.962944723696114,2
331,2017-02-22,3.6630436689259556,1.5435760316663292,2.1194676372596266,2
332,2017-02-23,3.627614551305091,1.5363275852484377,2.091286966056653,2
333,2017-02-24,5.215399866306084,1.529079138830546,3.6863207274755383,2
334,2017-02-25,2.681860252979199,1.5218306924126543,1.1600295605665445,2
335,2017-02-26,1.6856472123187964,1.5145822459947629,0.17106496632403356,2
336,2017-02-27,1.5412363303801186,1.5073337995768712,0.033902530803247455,2
337,2017-02-28,1.6038383982983773,1.5000853531589797,0.10375304513939754,2
338,2017-03-01,1.492836906741088,1.492836906741088,0.0,3
339,2017-03-02,1.5327520691285694,1.5239888542013313,0.008763214927238083,3
340,2017-03-03,2.9461905345994914,1.5551408016615746,1.3910497329379168,3
341,2017-03-04,1.6485966440423043,1.5862927491218177,0.0623038949204866,3
342,2017-03-05,1.9962857131707081,1.617444696582061,0.3788410165886471,3
343,2017-03-06,2.186063761863225,1.6485966440423043,0.5374671178209205,3
344,2017-03-07,2.141511143255978,1.6933953169688725,0.44811582628710567,3
345,2017-03-08,2.1448963349203285,1.7381939898954404,0.4067023450248881,3
346,2017-03-09,2.0665531065947107,1.7829926628220085,0.2835604437727022,3
347,2017-03-10,2.093097755475987,1.8277913357485764,0.2653064197274104,3
348,2017-03-11,2.489571554312897,1.8725900086751446,0.6169815456377525,3
349,2017-03-12,4.605681940410748,1.9173886816017127,2.6882932588090354,3
350,2017-03-13,1.6621638346875054,1.9621873545282806,0.0,3
351,2017-03-14,2.096583373307985,2.0069860274548486,0.08959734585313628,3
352,2017-03-15,2.618041995848932,2.051784700381417,0.5662572954675151,3
353,2017-03-16,2.9751360336716095,2.096583373307985,0.8785526603636247,3
354,2017-03-17,2.1809440992752633,2.0754265964479446,0.10551750282731875,3
355,2017-03-18,2.4266910166903544,2.0542698195879048,0.3724211971024496,3
356,2017-03-19,3.233490510215744,2.0331130427278645,1.2003774674878795,3
357,2017-03-20,2.410549229501716,2.0119562658678243,0.39859296363389163,3
358,2017-03-21,3.3827244489386206,1.9907994890077843,1.3919249599308363,3
359,2017-03-22,2.723227055923762,1.969642712147744,0.7535843437760181,3
360,2017-03-23,3.158813409192202,1.948485935287704,1.2103274739044982,3
361,2017-03-24,3.2083446608350634,1.9273291584276637,1.2810155024073997,3
362,2017-03-25,4.299078248713025,1.9061723815676237,2.3929058671454015,3
363,2017-03-26,4.574610824626708,1.8850156047075837,2.6895952199191244,3
364,2017-03-27,4.580590509170234,1.8638588278475434,2.7167316813226905,3
365,2017-03-28,4.324356320100783,1.8427020509875032,2.48165426911328,3
366,2017-03-29,4.804188353285743,1.8215452741274631,2.9826430791582794,3
367,2017-03-30,3.746923848209726,1.8003884972674231,1.9465353509423027,3
368,2017-03-31,3.1887029093763077,1.7792317204073829,1.4094711889689249,3
369,2017-04-01,4.286235106726608,1.7580749435473428,2.5281601631792645,4
370,2017-04-02,4.536085621490389,1.7369181666873026,2.7991674548030865,4
371,2017-04-03,5.380201173598415,1.7157613898272626,3.6644397837711526,4
372,2017-04-04,5.054057878530801,1.6946046129672223,3.359453265563579,4
373,2017-04-05,4.295276681337172,1.6734478361071823,2.62182884522999,4
374,2017-04-06,1.6734478361071823,1.7037597489292617,0.0,4
375,2017-04-07,2.4156651028845,1.7340716617513414,0.6815934411331588,4
376,2017-04-08,2.549105946461324,1.7643835745734209,0.7847223718879031,4
377,2017-04-09,2.144611568961813,1.7946954873955003,0.3499160815663127,4
378,2017-04-10,2.340047852171449,1.8250074002175798,0.5150404519538694,4
379,2017-04-11,2.375412210424745,1.8553193130396595,0.5200928973850856,4
380,2017-04-12,1.8828757025706206,1.885631225861739,0.0,4
381,2017-04-13,2.500331057121459,1.9159431386838184,0.5843879184376408,4
382,2017-04-14,3.4825058142683476,1.946255051505898,1.5362507627624495,4
383,2017-04-15,4.207308270061734,1.9765669643279775,2.2307413057337566,4
384,2017-04-16,4.6416930189665715,2.006878877150057,2.6348141418165145,4
385,2017-04-17,5.250851784039643,2.0371907899721364,3.2136609940675065,4
386,2017-04-18,5.6537989845905114,2.067502702794216,3.5862962817962956,4
387,2017-04-19,6.005063179463202,2.097814615616296,3.9072485638469066,4
388,2017-04-20,6.543985827192372,2.1281265284383752,4.415859298753997,4
389,2017-04-21,6.06176839835697,2.1584384412604547,3.9033299570965156,4
390,2017-04-22,6.704676967545571,2.188750354082534,4.515926613463037,4
391,2017-04-23,6.629978614629911,2.2190622669046136,4.410916347725298,4
392,2017-04-24,6.287922425548668,2.249374179726693,4.038548245821975,4
393,2017-04-25,5.661804900904687,2.279686092548773,3.382118808355914,4
394,2017-04-26,6.312831247258809,2.3099980053708524,4.002833241887957,4
395,2017-04-27,6.633696016006564,2.340309918192932,4.293386097813632,4
396,2017-04-28,7.455910917279261,2.3706218310150113,5.0852890862642495,4
397,2017-04-29,6.702629188771653,2.400933743837091,4.301695444934563,4
398,2017-04-30,6.002789501734798,2.4312456566591703,3.5715438450756274,4
399,2017-05-01,2.887706401976429,2.4615575694812497,0.42614883249517943,5
400,2017-05-02,3.5056349984302684,2.491869482303329,1.0137655161269392,5
401,2017-05-03,4.781798370745161,2.522181395125409,2.259616975619752,5
402,2017-05-04,2.582805220769568,2.5524933079474885,0.030311912822079456,5
403,2017-05-05,3.4675050144487725,2.582805220769568,0.8846997936792045,5
404,2017-05-06,5.038515455336704,2.5785425830220747,2.459972872314629,5
405,2017-05-07,2.308376259682335,2.574279945274581,0.0,5
406,2017-05-08,2.561492032032101,2.570017307527088,0.0,5
407,2017-05-09,6.269982010149153,2.565754669779594,3.704227340369559,5
408,2017-05-10,64.81649241390976,2.561492032032101,62.25500038187766,5
409,2017-05-11,70.61864373214424,2.5085485272429824,68.11009520490126,5
410,2017-05-12,7.565368753363626,2.455605022453864,5.109763730909762,5
411,2017-05-13,8.262932253788252,2.4026615176647454,5.860270736123507,5
412,2017-05-14,7.193640623314672,2.349718012875627,4.843922610439045,5
413,2017-05-15,21.420671342041167,2.296774508086509,19.12389683395466,5
414,2017-05-16,38.93962438425437,2.24383100329739,36.695793380956985,5
415,2017-05-17,5.581158603961176,2.190887498508272,3.3902711054529036,5
416,2017-05-18,2.488340501649238,2.1379439937191536,0.3503965079300846,5
417,2017-05-19,2.0320569841409166,2.085000488930035,0.0,5
418,2017-05-20,14.37208226438265,2.0320569841409166,12.340025280241733,5
419,2017-05-21,5.425173109890287,1.9817212536071318,3.443451856283155,5
420,2017-05-22,4.946016400804683,1.931385523073347,3.014630877731336,5
421,2017-05-23,7.936155866320491,1.8810497925395624,6.055106073780928,5
422,2017-05-24,2.3433844148842033,1.8307140620057776,0.5126703528784258,5
423,2017-05-25,2.0830861460865657,1.7803783314719928,0.30270781461457297,5
424,2017-05-26,2.3872789554985943,1.730042600938208,0.6572363545603863,5
425,2017-05-27,1.536668837612908,1.6797068704044231,0.0,5
426,2017-05-28,1.528699678803069,1.6293711398706385,0.0,5
427,2017-05-29,1.6419799710862415,1.5790354093368537,0.06294456174938778,5
428,2017-05-30,1.8374318247357246,1.528699678803069,0.30873214593265574,5
429,2017-05-31,2.144342319743184,1.5419040526667112,0.6024382670764727,5
430,2017-06-01,2.1655789196401867,1.5551084265303534,0.6104704931098333,6
431,2017-06-02,2.58504808102834,1.5683128003939957,1.0167352806343444,6
432,2017-06-03,2.849794095254217,1.581517174257638,1.2682769209965792,6
433,2017-06-04,3.2850546678571106,1.5947215481212802,1.6903331197358304,6
434,2017-06-05,3.3517744757548478,1.6079259219849225,1.7438485537699253,6
435,2017-06-06,3.2416928169012134,1.6211302958485647,1.6205625210526486,6
436,2017-06-07,3.0229397759682306,1.6343346697122072,1.3886051062560234,6
437,2017-06-08,3.70419562788987,1.6475390435758495,2.0566565843140205,6
438,2017-06-09,3.9989219820921384,1.6607434174394917,2.3381785646526465,6
439,2017-06-10,4.195417627349516,1.673947791303134,2.521469836046382,6
440,2017-06-11,4.167941357551633,1.6871521651667762,2.480789192384856,6
441,2017-06-12,3.030300938695444,1.7003565390304185,1.3299443996650255,6
442,2017-06-13,7.614459549239721,1.7135609128940608,5.90089863634566,6
443,2017-06-14,1.726765286757703,1.726765286757703,0.0,6
444,2017-06-15,1.8153008964109516,1.7078702028948487,0.1074306935161029,6
445,2017-06-16,1.9636956556750467,1.6889751190319944,0.2747205366430523,6
446,2017-06-17,2.4723546346020546,1.6700800351691403,0.8022745994329143,6
447,2017-06-18,2.5569497348204484,1.651184951306286,0.9057647835141625,6
448,2017-06-19,2.506441369357642,1.6322898674434316,0.8741515019142103,6
449,2017-06-20,2.0827031103590596,1.6133947835805773,0.46930832677848233,6
450,2017-06-21,4.206239122605461,1.594499699717723,2.611739422887738,6
451,2017-06-22,6.999276612929497,1.5756046158548689,5.423671997074629,6
452,2017-06-23,2.772284302985324,1.5567095319920146,1.2155747709933094,6
453,2017-06-24,1.5378144481291602,1.5378144481291602,0.0,6
454,2017-06-25,1.6736499773966194,1.537278713530068,0.1363712638665513,6
455,2017-06-26,1.9863783605802867,1.536742978930976,0.44963538164931083,6
456,2017-06-27,2.077707552195618,1.5362072443318837,0.5415003078637342,6
457,2017-06-28,4.567398395744975,1.5356715097327918,3.0317268860121835,6
458,2017-06-29,2.147657824588792,1.5351357751336996,0.6125220494550925,6
459,2017-06-30,3.2459907162784685,1.5346000405346074,1.711390675743861,6
460,2017-07-01,1.5918298988833925,1.5340643059355152,0.05776559294787731,7
461,2017-07-02,1.9465577677349892,1.533528571336423,0.41302919639856617,7
462,2017-07-03,21.940492473663717,1.5329928367373309,20.407499636926385,7
463,2017-07-04,4.423571043540956,1.5324571021382387,2.891113941402717,7
464,2017-07-05,1.8556573303787944,1.5319213675391465,0.3237359628396479,7
465,2017-07-06,1.5282309522480633,1.5313856329400546,0.0,7
466,2017-07-07,5.86813342740468,1.5308498983409624,4.3372835290637175,7
467,2017-07-08,1.694049091679898,1.5303141637418702,0.1637349279380278,7
468,2017-07-09,1.529778429142778,1.529778429142778,0.0,7
469,2017-07-10,1.6385746280356397,1.53549084183362,0.10308378620201974,7
470,2017-07-11,1.854801795132696,1.5412032545244616,0.31359854060823444,7
471,2017-07-12,2.9879443275545454,1.5469156672153035,1.441028660339242,7
472,2017-07-13,1.558340492596987,1.5526280799061452,0.005712412690841884,7
473,2017-07-14,6.914186078099471,1.558340492596987,5.355845585502484,7
474,2017-07-15,7.298724464636597,1.5480970740329816,5.750627390603615,7
475,2017-07-16,1.8898869417455701,1.5378536554689763,0.3520332862765938,7
476,2017-07-17,1.5071233997769602,1.5276102369049709,0.0,7
477,2017-07-18,1.5633025988565847,1.5173668183409657,0.045935780515619085,7
478,2017-07-19,1.5723100116470563,1.5071233997769602,0.06518661187009611,7
479,2017-07-20,1.5782607119054342,1.5204804638217864,0.05778024808364779,7
480,2017-07-21,1.8695045107527717,1.5338375278666123,0.33566698288615937,7
481,2017-07-22,2.1863902477892605,1.5471945919114385,0.639195655877822,7
482,2017-07-23,2.593395284838052,1.5605516559562647,1.0328436288817873,7
483,2017-07-24,2.289378640463904,1.5739087200010908,0.715469920462813,7
484,2017-07-25,2.2863622875460314,1.5872657840459168,0.6990965035001147,7
485,2017-07-26,2.2860406620115854,1.600622848090743,0.6854178139208424,7
486,2017-07-27,5.605329776093438,1.6139799121355691,3.9913498639578684,7
487,2017-07-28,1.9187867030633854,1.6273369761803953,0.2914497268829901,7
488,2017-07-29,2.3819377233466508,1.6406940402252213,0.7412436831214295,7
489,2017-07-30,2.4336531376019663,1.6540511042700474,0.7796020333319189,7
490,2017-07-31,3.1989989807220396,1.6674081683148736,1.531590812407166,7
491,2017-08-01,1.707479360449352,1.6807652323596995,0.026714128089652345,8
492,2017-08-02,2.336046952989322,1.6941222964045257,0.6419246565847965,8
493,2017-08-03,1.7944465826876281,1.707479360449352,0.08696722223827624,8
494,2017-08-04,2.58276200528138,1.7228079298804435,0.8599540754009365,8
495,2017-08-05,5.122847602122138,1.7381364993115354,3.384711102810603,8
496,2017-08-06,2.767547019665934,1.753465068742627,1.0140819509233072,8
497,2017-08-07,1.7841222076048104,1.7687936381737188,0.015328569431091621,8
498,2017-08-08,2.2608203159157925,1.7841222076048104,0.476698108310982,8
499,2017-08-09,2.6567826075150647,1.7484486366816991,0.9083339708333655,8
500,2017-08-10,2.352607088589611,1.7127750657585878,0.6398320228310233,8
501,2017-08-11,6.343888403771356,1.6771014948354765,4.6667869089358796,8
502,2017-08-12,1.605754352989254,1.6414279239123652,0.0,8
503,2017-08-13,1.8350952087136374,1.605754352989254,0.22934085572438345,8
504,2017-08-14,5.493746143610777,1.598050397573833,3.895695746036944,8
505,2017-08-15,5.292099674737574,1.590346442158412,3.701753232579162,8
506,2017-08-16,7.434255203958414,1.5826424867429911,5.851612717215422,8
507,2017-08-17,1.8375595214323337,1.5749385313275701,0.2626209901047636,8
508,2017-08-18,1.567234575912149,1.567234575912149,0.0,8
509,2017-08-19,1.7609716546908107,1.5582166988152393,0.20275495587557146,8
510,2017-08-20,40.983918421916634,1.5491988217183295,39.43471960019831,8
511,2017-08-21,3.096045321369641,1.5401809446214199,1.555864376748221,8
512,2017-08-22,1.6555884321210697,1.53116306752451,0.12442536459655962,8
513,2017-08-23,1.5221451904276002,1.5221451904276002,0.0,8
514,2017-08-24,1.6047628225227373,1.5569880968381096,0.047774725684627706,8
515,2017-08-25,1.8733845465681678,1.5918310032486187,0.28155354331954907,8
516,2017-08-26,2.175888825377332,1.626673909659128,0.5492149157182038,8
517,2017-08-27,2.0639549756371105,1.6615168160696374,0.4024381595674731,8
518,2017-08-28,2.208034950313062,1.6963597224801465,0.5116752278329155,8
519,2017-08-29,2.3076871585026826,1.731202628890656,0.5764845296120267,8
520,2017-08-30,2.574559445607004,1.7660455353011653,0.8085139103058387,8
521,2017-08-31,2.7254943912596237,1.8008884417116744,0.9246059495479493,8
522,2017-09-01,2.8233685932024044,1.8357313481221837,0.9876372450802207,9
523,2017-09-02,1.9468818148495675,1.870574254532693,0.07630756031687436,9
524,2017-09-03,1.870574254532693,1.8578524343815503,0.01272182015114276,9
525,2017-09-04,1.8444532938751539,1.8451306142304076,0.0,9
526,2017-09-05,2.44714431603761,1.8324087940792648,0.6147355219583452,9
527,2017-09-06,2.4517275522631894,1.819686973928122,0.6320405783350673,9
528,2017-09-07,2.4902652199121453,1.8069651537769793,0.683300066135166,9
529,2017-09-08,2.4186741826937688,1.7942433336258365,0.6244308490679322,9
530,2017-09-09,2.774159329283461,1.781521513474694,0.992637815808767,9
531,2017-09-10,3.3440675045739,1.7687996933235512,1.5752678112503486,9
532,2017-09-11,3.7054697744974563,1.7560778731724085,1.9493919013250478,9
533,2017-09-12,4.228550507304246,1.7433560530212657,2.48519445428298,9
534,2017-09-13,4.646747244412854,1.730634232870123,2.916113011542731,9
535,2017-09-14,4.740080864818111,1.7179124127189802,3.022168452099131,9
536,2017-09-15,4.646581559830176,1.7051905925678374,2.941390967262339,9
537,2017-09-16,4.7416183870120205,1.6924687724166947,3.0491496145953256,9
538,2017-09-17,4.15278984167676,1.679746952265552,2.4730428894112078,9
539,2017-09-18,2.135630844627234,1.6670251321144092,0.4686057125128247,9
540,2017-09-19,6.224413894214372,1.6543033119632664,4.570110582251106,9
541,2017-09-20,1.7880331385937671,1.6415814918121236,0.14645164678164346,9
542,2017-09-21,2.362015697225016,1.628859671660981,0.733156025564035,9
543,2017-09-22,2.0913410978708646,1.6161378515098384,0.4752032463610263,9
544,2017-09-23,22.87518453233118,1.6034160313586956,21.271768500972485,9
545,2017-09-24,6.889958079294049,1.5906942112075528,5.299263868086496,9
546,2017-09-25,2.971073353027493,1.57797239105641,1.393100961971083,9
547,2017-09-26,1.5525287507541246,1.5652505709052673,0.0,9
548,2017-09-27,1.5536276050682414,1.5525287507541246,0.001098854314116826,9
549,2017-09-28,1.6811565012901681,1.5614965306415562,0.11965997064861189,9
550,2017-09-29,1.8025984812032187,1.5704643105289882,0.2321341706742306,9
551,2017-09-30,1.885689666497512,1.5794320904164199,0.30625757608109216,9
552,2017-10-01,2.272003289316971,1.5883998703038518,0.6836034190131193,10
553,2017-10-02,2.0870700524957044,1.5973676501912835,0.48970240230442097,10
554,2017-10-03,1.9104746374657666,1.6063354300787152,0.30413920738705147,10
555,2017-10-04,1.6448660291651935,1.615303209966147,0.029562819199046464,10
556,2017-10-05,2.083454608833369,1.6242709898535788,0.45918361897979043,10
557,2017-10-06,3.094740568488647,1.6332387697410107,1.4615017987476364,10
558,2017-10-07,1.7626962321451982,1.6422065496284424,0.12048968251675585,10
559,2017-10-08,1.6422065496284424,1.6269597418089345,0.015246807819507824,10
560,2017-10-09,3.8349519763622015,1.6117129339894267,2.223239042372775,10
561,2017-10-10,1.5659725105309033,1.596466126169919,0.0,10
562,2017-10-11,4.675073601191057,1.581219318350411,3.0938542828406463,10
563,2017-10-12,42.40168459604864,1.5659725105309033,40.835712085517734,10
564,2017-10-13,19.6319291912925,1.5624027086352115,18.069526482657288,10
565,2017-10-14,3.6082384960983105,1.5588329067395195,2.0494055893587912,10
566,2017-10-15,2.2377641999479283,1.5552631048438277,0.6825010951041006,10
567,2017-10-16,33.14104319850662,1.5516933029481357,31.589349895558488,10
568,2017-10-17,7.23929710056025,1.548123501052444,5.691173599507806,10
569,2017-10-18,26.698353575663642,1.5445536991567521,25.15379987650689,10
570,2017-10-19,18.361746519634266,1.54098389726106,16.820762622373206,10
571,2017-10-20,7.898858333223188,1.5374140953653683,6.36144423785782,10
572,2017-10-21,11.952860156884615,1.5338442934696763,10.419015863414938,10
573,2017-10-22,4.754717965811959,1.5302744915739845,3.224443474237974,10
574,2017-10-23,4.549793492646978,1.5267046896782928,3.023088802968685,10
575,2017-10-24,2.446406727337507,1.5231348877826008,0.9232718395549064,10
576,2017-10-25,1.720921712991445,1.519565085886909,0.20135662710453595,10
577,2017-10-26,1.639389665492217,1.515995283991217,0.12339438150100013,10
578,2017-10-27,1.5124254820955252,1.5124254820955252,0.0,10
579,2017-10-28,1.51685137795487,1.5266083697472381,0.0,10
580,2017-10-29,7.788920600374621,1.540791257398951,6.24812934297567,10
581,2017-10-30,9.868672242499985,1.5549741450506638,8.31369809744932,10
582,2017-10-31,3.167296695250006,1.5691570327023767,1.5981396625476292,10
583,2017-11-01,2.3028932485232505,1.5833399203540897,0.7195533281691608,11
584,2017-11-02,1.5833399203540897,1.5850480167666303,0.0,11
585,2017-11-03,1.5040033339256065,1.5867561131791712,0.0,11
586,2017-11-04,1.5918804024167934,1.5884642095917119,0.003416192825081543,11
587,2017-11-05,1.7246519855968212,1.5901723060042527,0.13447967959256846,11
588,2017-11-06,1.6880467365451342,1.5918804024167934,0.09616633412834075,11
589,2017-11-07,1.663097330505514,1.6041101688031387,0.05898716170237517,11
590,2017-11-08,1.7208676324065901,1.616339935189484,0.10452769721710609,11
591,2017-11-09,1.9732169038122576,1.6285697015758291,0.3446472022364284,11
592,2017-11-10,2.372697829594474,1.6407994679621745,0.7318983616322996,11
593,2017-11-11,3.804315839504324,1.6530292343485198,2.1512866051558044,11
594,2017-11-12,3.290054163270861,1.665259000734865,1.6247951625359958,11
595,2017-11-13,1.6547378994800097,1.6774887671212104,0.0,11
596,2017-11-14,1.7141780662802462,1.6897185335075555,0.02445953277269064,11
597,2017-11-15,1.8036492142814589,1.7019482998939008,0.10170091438755802,11
598,2017-11-16,2.194092254976423,1.7141780662802462,0.47991418869617686,11
599,2017-11-17,2.2595424636617496,1.7215758898123543,0.5379665738493953,11
600,2017-11-18,2.631576051597226,1.7289737133444627,0.9026023382527633,11
601,2017-11-19,1.7511671839407874,1.7363715368765709,0.014795647064216544,11
602,2017-11-20,2.2138161983632227,1.7437693604086792,0.4700468379545435,11
603,2017-11-21,2.1302294704645464,1.7511671839407874,0.37906228652375895,11
604,2017-11-22,2.1754443400102272,1.741985353255698,0.4334589867545293,11
605,2017-11-23,23.03898923735104,1.7328035225706082,21.30618571478043,11
606,2017-11-24,31.0759645665813,1.7236216918855187,29.35234287469578,11
607,2017-11-25,13.72691488261417,1.714439861200429,12.01247502141374,11
608,2017-11-26,8.682641547206705,1.7052580305153395,6.977383516691366,11
609,2017-11-27,2.8360025021305266,1.6960761998302498,1.1399263023002768,11
610,2017-11-28,3.0835168224436167,1.6868943691451603,1.3966224532984564,11
611,2017-11-29,28.063784723634654,1.6777125384600706,26.386072185174584,11
612,2017-11-30,4.118079728485818,1.6685307077749811,2.449549020710837,11
613,2017-12-01,2.3657388287771752,1.6593488770898914,0.7063899516872838,12
614,2017-12-02,2.2047118667908703,1.650167046404802,0.5545448203860683,12
615,2017-12-03,2.438048816016063,1.6409852157197122,0.7970636002963507,12
616,2017-12-04,1.8517307426735894,1.6318033850346227,0.21992735763896665,12
617,2017-12-05,2.1124437980676602,1.622621554349533,0.4898222437181272,12
618,2017-12-06,1.6134397236644435,1.6134397236644435,0.0,12
619,2017-12-07,14.052205230067624,1.6161151410819716,12.436090088985653,12
620,2017-12-08,4.194693330487818,1.6187905584994997,2.575902771988318,12
621,2017-12-09,2.285371899540479,1.621465975917028,0.663905923623451,12
622,2017-12-10,20.810888343547926,1.624141393334556,19.18674695021337,12
623,2017-12-11,4.635762838925002,1.6268168107520842,3.008946028172918,12
624,2017-12-12,2.583145337126933,1.6294922281696123,0.9536531089573208,12
625,2017-12-13,1.9339655378880363,1.6321676455871403,0.30179789230089593,12
626,2017-12-14,4.636584701757933,1.6348430630046686,3.001741638753264,12
627,2017-12-15,1.6401938978397248,1.6375184804221967,0.002675417417528081,12
628,2017-12-16,2.2851495880754897,1.6401938978397248,0.6449556902357649,12
629,2017-12-17,2.1146075532537822,1.6305047141800517,0.48410283907373053,12
630,2017-12-18,6.913805473427139,1.6208155305203784,5.292989942906761,12
631,2017-12-19,7.103941183692241,1.6111263468607053,5.492814836831536,12
632,2017-12-20,4.416911307553363,1.601437163201032,2.815474144352331,12
633,2017-12-21,2.019872109623207,1.591747979541359,0.4281241300818479,12
634,2017-12-22,1.591747979541359,1.5751300292220793,0.016617950319279595,12
635,2017-12-23,1.5094988299396308,1.5585120789027997,0.0,12
636,2017-12-24,1.5086582279449607,1.54189412858352,0.0,12
637,2017-12-25,1.604545259741104,1.5252761782642403,0.07926908147686373,12
638,2017-12-26,1.6725362979183644,1.5086582279449607,0.1638780699734037,12
639,2017-12-27,1.927443863453803,1.50804398073352,0.41939988272028295,12
640,2017-12-28,1.8074533882093144,1.5074297335220792,0.30002365468723524,12
641,2017-12-29,4.750464781771277,1.5068154863106387,3.2436492954606386,12
642,2017-12-30,3.2029340045295696,1.506201239099198,1.6967327654303717,12
643,2017-12-31,1.684640120562944,1.5055869918877571,0.17905312867518686,12
644,2018-01-01,1.716802999041688,1.5049727446763166,0.2118302543653714,1
645,2018-01-02,1.9453809546840666,1.5043584974648758,0.44102245721919076,1
646,2018-01-03,2.1445423561051795,1.503744250253435,0.6407981058517445,1
647,2018-01-04,2.1983516512639727,1.5031300030419943,0.6952216482219784,1
648,2018-01-05,14.197288938106997,1.5025157558305535,12.694773182276442,1
649,2018-01-06,57.75288446227597,1.501901508619113,56.25098295365686,1
650,2018-01-07,5.210001806953451,1.5012872614076722,3.708714545545779,1
651,2018-01-08,2.5030606586640003,1.5006730141962314,1.0023876444677688,1
652,2018-01-09,8.03589666431497,1.500058766984791,6.535837897330179,1
653,2018-01-10,28.57401498097637,1.4994445197733501,27.074570461203017,1
654,2018-01-11,4.465079655401761,1.4988302725619094,2.9662493828398513,1
655,2018-01-12,2.1868850787621725,1.4982160253504686,0.6886690534117039,1
656,2018-01-13,1.715715652472529,1.4976017781390278,0.21811387433350116,1
657,2018-01-14,1.5333241483143798,1.4969875309275873,0.0363366173867925,1
658,2018-01-15,1.4963732837161465,1.4963732837161465,0.0,1
659,2018-01-16,1.5392176331259724,1.5176652055558455,0.021552427570126875,1
660,2018-01-17,1.6330940160526102,1.5389571273955442,0.09413688865706593,1
661,2018-01-18,1.6800294348248732,1.5602490492352432,0.11978038558963,1
662,2018-01-19,2.3032003131086354,1.581540971074942,0.7216593420336934,1
663,2018-01-20,1.8151049049133088,1.602832892914641,0.21227201199866785,1
664,2018-01-21,4.0519863406546275,1.6241248147543397,2.427861525900288,1
665,2018-01-22,24.44090455406919,1.6454167365940386,22.79548781747515,1
666,2018-01-23,3.236108920393324,1.6667086584337376,1.5694002619595864,1
667,2018-01-24,3.476314371692002,1.6880005802734364,1.7883137914185656,1
668,2018-01-25,1.7092925021131353,1.7092925021131353,0.0,1
669,2018-01-26,2.913518747775439,1.6823850355000778,1.2311337122753614,1
670,2018-01-27,5.007915484760752,1.65547756888702,3.352437915873732,1
671,2018-01-28,5.514863595080087,1.6285701022739625,3.886293492806124,1
672,2018-01-29,3.608771901358697,1.6016626356609047,2.0071092656977925,1
673,2018-01-30,2.4164001751345308,1.5747551690478472,0.8416450060866836,1
674,2018-01-31,1.5747551690478472,1.5654103678970543,0.009344801150792836,1
675,2018-02-01,1.494827033517851,1.5560655667462617,0.0,2
676,2018-02-02,1.5291316300750613,1.546720765595469,0.0,2
677,2018-02-03,2.1797605693771565,1.5373759644446763,0.6423846049324802,2
678,2018-02-04,1.5280311632938834,1.5280311632938834,0.0,2
679,2018-02-05,1.5918251620122978,1.5289415508853146,0.06288361112698326,2
680,2018-02-06,29.777209157114036,1.5298519384767455,28.24735721863729,2
681,2018-02-07,105.49857708407612,1.5307623260681766,103.96781475800795,2
682,2018-02-08,92.63890029191771,1.5316727136596078,91.1072275782581,2
683,2018-02-09,77.16858498741169,1.532583101251039,75.63600188616066,2
684,2018-02-10,16.120992225224114,1.5334934888424698,14.587498736381644,2
685,2018-02-11,6.257601881372329,1.534403876433901,4.723198004938428,2
686,2018-02-12,3.378495126940978,1.535314264025332,1.843180862915646,2
687,2018-02-13,2.277967890734771,1.536224651616763,0.7417432391180081,2
688,2018-02-14,1.7269699739926816,1.5371350392081942,0.18983493478448743,2
689,2018-02-15,1.5371350392081942,1.5362426963654772,0.0008923428427169977,2
690,2018-02-16,1.6245931598183943,1.5353503535227602,0.08924280629563408,2
691,2018-02-17,2.051815517853517,1.5344580106800432,0.5173575071734737,2
692,2018-02-18,1.5326733249946092,1.5335656678373262,0.0,2
693,2018-02-19,1.670393447426672,1.5326733249946092,0.13772012243206277,2
694,2018-02-20,1.8212858072664697,1.550118125253678,0.27116768201279173,2
695,2018-02-21,1.9688887992463922,1.5675629255127468,0.40132587373364537,2
696,2018-02-22,2.1511860288113267,1.5850077257718154,0.5661783030395113,2
697,2018-02-23,38.78972333684966,1.6024525260308842,37.187270810818774,2
698,2018-02-24,3.1776193394814816,1.619897326289953,1.5577220131915286,2
699,2018-02-25,1.619897326289953,1.5982626256672838,0.021634700622669145,2
700,2018-02-26,1.8068642257316283,1.5766279250446147,0.23023630068701362,2
701,2018-02-27,2.0954357020781074,1.5549932244219458,0.5404424776561616,2
702,2018-02-28,1.9504432593309111,1.5333585237992766,0.4170847355316345,2
703,2018-03-01,1.7692546630124812,1.5117238231766075,0.25753083983587377,3
704,2018-03-02,1.5117238231766075,1.5177367763653407,0.0,3
705,2018-03-03,1.600587333658618,1.5237497295540736,0.07683760410454443,3
706,2018-03-04,1.586419562016473,1.5297626827428068,0.05665687927366614,3
707,2018-03-05,3.0690207250634987,1.5357756359315398,1.533245089131959,3
708,2018-03-06,1.541788589120273,1.541788589120273,0.0,3
709,2018-03-07,6.373558611924538,1.5373055258695145,4.836253086055024,3
710,2018-03-08,1.7047630264011469,1.532822462618756,0.17194056378239075,3
711,2018-03-09,1.519373272866481,1.528339399367998,0.0,3
712,2018-03-10,1.6756352697536168,1.5238563361172395,0.1517789336363773,3
713,2018-03-11,1.8661364626790204,1.519373272866481,0.3467631898125394,3
714,2018-03-12,2.048410536900046,1.532964032988869,0.5154465039111769,3
715,2018-03-13,2.153056952852945,1.5465547931112567,0.6065021597416882,3
716,2018-03-14,2.4277976845958635,1.5601455532336446,0.867652131362219,3
717,2018-03-15,2.407310893693804,1.5737363133560325,0.8335745803377717,3
718,2018-03-16,2.685692621303814,1.5873270734784204,1.0983655478253938,3
719,2018-03-17,3.178703773764791,1.600917833600808,1.5777859401639829,3
720,2018-03-18,5.545702378506951,1.614508593723196,3.931193784783755,3
721,2018-03-19,3.919561691582754,1.628099353845584,2.29146233773717,3
722,2018-03-20,3.543500949349408,1.6416901139679716,1.9018108353814362,3
723,2018-03-21,1.6552808740903595,1.6552808740903595,0.0,3
724,2018-03-22,1.9866471393032632,1.664006313496905,0.3226408258063582,3
725,2018-03-23,2.3501589574995876,1.6727317529034507,0.6774272045961369,3
726,2018-03-24,3.7435216346888325,1.6814571923099961,2.062064442378836,3
727,2018-03-25,1.6989080711230873,1.6901826317165418,0.008725439406545465,3
728,2018-03-26,2.250843161718114,1.6989080711230873,0.5519350905950269,3
729,2018-03-27,2.387757541422008,1.6977269248466977,0.6900306165753101,3
730,2018-03-28,2.10832885831914,1.6965457785703082,0.41178307974883177,3
731,2018-03-29,2.2993622993405505,1.6953646322939186,0.6039976670466318,3
732,2018-03-30,2.9859118360053256,1.694183486017529,1.2917283499877965,3
733,2018-03-31,3.458184285927364,1.6930023397411396,1.7651819461862246,3
734,2018-04-01,3.7653960301795664,1.69182119346475,2.0735748367148163,4
735,2018-04-02,4.006538487284837,1.6906400471883605,2.315898440096477,4
736,2018-04-03,3.155413941195974,1.689458900911971,1.465955040284003,4
737,2018-04-04,6.628958773220975,1.6882777546355814,4.940681018585394,4
738,2018-04-05,1.6870966083591918,1.6870966083591918,0.0,4
739,2018-04-06,2.0757654271108317,1.6938471634785088,0.38191826363232284,4
740,2018-04-07,5.429666925313387,1.7005977185978258,3.729069206715561,4
741,2018-04-08,15.879654352656994,1.707348273717143,14.172306078939851,4
742,2018-04-09,5.87201300777364,1.71409882883646,4.1579141789371805,4
743,2018-04-10,2.664970783784097,1.720849383955777,0.94412139982832,4
744,2018-04-11,1.720849383955777,1.7005418572541333,0.020307526701643708,4
745,2018-04-12,1.5355979679490168,1.6802343305524894,0.0,4
746,2018-04-13,1.7040136252538816,1.6599268038508457,0.04408682140303588,4
747,2018-04-14,36.175796011642625,1.6396192771492017,34.536176734493424,4
748,2018-04-15,13.565187566839082,1.619311750447558,11.945875816391524,4
749,2018-04-16,40.63657470961874,1.5990042237459143,39.03757048587283,4
750,2018-04-17,48.61746150626929,1.5786966970442704,47.038764809225015,4
751,2018-04-18,6.432141420701866,1.5583891703426267,4.873752250359239,4
752,2018-04-19,2.837818488285949,1.5380816436409828,1.2997368446449662,4
753,2018-04-20,1.7775580203669568,1.517774116939339,0.2597839034276177,4
754,2018-04-21,1.517774116939339,1.533984114158917,0.0,4
755,2018-04-22,1.5182187895376535,1.550194111378495,0.0,4
756,2018-04-23,1.5988241030372288,1.5664041085980729,0.032419994439155886,4
757,2018-04-24,1.6861106761578295,1.5826141058176508,0.10349657034017867,4
758,2018-04-25,1.8308509022444226,1.5988241030372288,0.23202679920719382,4
759,2018-04-26,2.0466199390386275,1.6014109855288192,0.44520895350980827,4
760,2018-04-27,3.2794211594397336,1.6039978680204097,1.675423291419324,4
761,2018-04-28,1.6117585154951812,1.6065847505120003,0.005173764983180895,4
762,2018-04-29,2.0058681050915563,1.6091716330035908,0.39669647208796555,4
763,2018-04-30,2.3007054993985423,1.6117585154951812,0.6889469839033611,4
764,2018-05-01,2.5647849939223017,1.605768962384216,0.9590160315380858,5
765,2018-05-02,2.1300426497467515,1.5997794092732507,0.5302632404735008,5
766,2018-05-03,2.812793870689963,1.5937898561622854,1.2190040145276775,5
767,2018-05-04,3.8287985495852785,1.5878003030513201,2.2409982465339584,5
768,2018-05-05,32.777200534898526,1.5818107499403546,31.19538978495817,5
769,2018-05-06,13.770743249637269,1.5758211968293894,12.194922052807879,5
770,2018-05-07,1.6806044175519368,1.569831643718424,0.1107727738335127,5
771,2018-05-08,3.3277012005843103,1.5638420906074588,1.7638591099768515,5
772,2018-05-09,32.40933192486519,1.5578525374964936,30.8514793873687,5
773,2018-05-10,7.24602480931046,1.5518629843855283,5.694161824924931,5
774,2018-05-11,1.5518629843855283,1.5770119288427438,0.0,5
775,2018-05-12,1.924911192082826,1.6021608732999593,0.32275031878286664,5
776,2018-05-13,2.342092982174398,1.6273098177571748,0.7147831644172231,5
777,2018-05-14,2.6799153083933938,1.65245876221439,1.0274565461790037,5
778,2018-05-15,2.966775691767234,1.6776077066716055,1.2891679850956284,5
779,2018-05-16,2.931963167715583,1.702756651128821,1.2292065165867618,5
780,2018-05-17,3.5363127082424244,1.7279055955860365,1.8084071126563879,5
781,2018-05-18,3.766440456854721,1.753054540043252,2.013385916811469,5
782,2018-05-19,3.854860937824615,1.7782034845004675,2.076657453324147,5
783,2018-05-20,3.976259558512647,1.803352428957683,2.172907129554964,5
784,2018-05-21,3.835426188319703,1.8285013734148983,2.0069248149048047,5
785,2018-05-22,4.192522973276985,1.8536503178721138,2.338872655404871,5
786,2018-05-23,4.204637799089376,1.8787992623293293,2.3258385367600467,5
787,2018-05-24,4.00805341155863,1.9039482067865448,2.104105204772085,5
788,2018-05-25,4.603441087024369,1.9290971512437602,2.674343935780609,5
789,2018-05-26,6.454712024152183,1.9542460957009755,4.500465928451208,5
790,2018-05-27,3.5981332881042474,1.979395040158191,1.6187382479460564,5
791,2018-05-28,4.4092179830025335,2.0045439846154065,2.404673998387127,5
792,2018-05-29,7.648755049857489,2.029692929072622,5.619062120784867,5
793,2018-05-30,2.0548418735298375,2.0548418735298375,0.0,5
794,2018-05-31,2.6766954370856855,2.1161700215925814,0.5605254154931041,5
795,2018-06-01,2.5678206757091493,2.1774981696553257,0.39032250605382357,6
796,2018-06-02,3.66967987542096,2.2388263177180696,1.4308535577028905,6
797,2018-06-03,4.309589408101879,2.3001544657808135,2.009434942321066,6
798,2018-06-04,4.601848720628748,2.3614826138435574,2.2403661067851908,6
799,2018-06-05,4.658147132065518,2.4228107619063017,2.2353363701592164,6
800,2018-06-06,4.907362253400318,2.4841389099690456,2.423223343431272,6
801,2018-06-07,4.819878512308536,2.5454670580317895,2.2744114542767466,6
802,2018-06-08,4.669671838085776,2.6067952060945334,2.0628766319912426,6
803,2018-06-09,5.378091205775521,2.6681233541572777,2.709967851618243,6
804,2018-06-10,5.780118627704985,2.7294515022200216,3.050667125484963,6
805,2018-06-11,6.01283625785541,2.790779650282766,3.222056607572644,6
806,2018-06-12,6.27483684035967,2.85210779834551,3.4227290420141605,6
807,2018-06-13,5.875423425794691,2.9134359464082538,2.961987479386437,6
808,2018-06-14,6.104496399903575,2.9747640944709977,3.1297323054325776,6
809,2018-06-15,6.304332136906224,3.0360922425337415,3.268239894372482,6
810,2018-06-16,5.707610729147572,3.097420390596486,2.6101903385510865,6
811,2018-06-17,4.337281647910003,3.1587485386592298,1.1785331092507731,6
812,2018-06-18,6.1909023577608,3.220076686721974,2.970825671038826,6
813,2018-06-19,6.721638225506308,3.281404834784718,3.4402333907215903,6
814,2018-06-20,6.35772539917946,3.342732982847462,3.0149924163319977,6
815,2018-06-21,7.023806879974011,3.404061130910206,3.6197457490638056,6
816,2018-06-22,3.588045575098438,3.4653892789729497,0.12265629612548823,6
817,2018-06-23,5.944351380017787,3.526717427035694,2.417633952982093,6
818,2018-06-24,6.422133541036665,3.588045575098438,2.834087965938227,6
819,2018-06-25,6.553412789462775,3.478481936297503,3.074930853165272,6
820,2018-06-26,6.9419999000984545,3.3689182974965686,3.573081602601886,6
821,2018-06-27,7.584348835187762,3.2593546586956337,4.324994176492128,6
822,2018-06-28,4.705680058909024,3.1497910198946992,1.5558890390143252,6
823,2018-06-29,4.4274174655264,3.0402273810937643,1.3871900844326355,6
824,2018-06-30,6.62864168943205,2.93066374229283,3.6979779471392202,6
825,2018-07-01,6.7638021270910995,2.821100103491895,3.9427020235992045,7
826,2018-07-02,6.1629816275278815,2.71153646469096,3.4514451628369214,7
827,2018-07-03,4.647236718975473,2.6019728258900257,2.0452638930854476,7
828,2018-07-04,4.829225603845285,2.492409187089091,2.336816416756194,7
829,2018-07-05,38.43105385913117,2.3828455482881563,36.04820831084301,7
830,2018-07-06,14.660056489047257,2.2732819094872214,12.386774579560036,7
831,2018-07-07,2.1282744590367724,2.163718270686287,0.0,7
832,2018-07-08,1.9445909930844174,2.054154631885352,0.0,7
833,2018-07-09,2.5127074915885577,1.9445909930844174,0.5681164985041403,7
834,2018-07-10,2.8399691286095394,1.9915241313476606,0.8484449972618788,7
835,2018-07-11,2.8034626675723358,2.038457269610904,0.7650053979614317,7
836,2018-07-12,2.827893781122672,2.085390407874147,0.7425033732485247,7
837,2018-07-13,3.127809438135477,2.1323235461373904,0.9954858919980865,7
838,2018-07-14,3.2503231942199853,2.1792566844006336,1.0710665098193517,7
839,2018-07-15,3.1112819108696668,2.2261898226638768,0.88509208820579,7
840,2018-07-16,2.9501766871621893,2.27312296092712,0.6770537262350693,7
841,2018-07-17,3.8157520361878055,2.320056099190363,1.4956959369974423,7
842,2018-07-18,4.39262197098963,2.3669892374536063,2.025632733536024,7
843,2018-07-19,4.682526843705793,2.41392237571685,2.2686044679889434,7
844,2018-07-20,4.656044743064003,2.4608555139800927,2.19518922908391,7
845,2018-07-21,4.560786291852558,2.5077886522433364,2.052997639609222,7
846,2018-07-22,12.955686107398376,2.5547217905065795,10.400964316891796,7
847,2018-07-23,2.648588067033066,2.6016549287698227,0.04693313826324319,7
848,2018-07-24,4.2649007219397514,2.648588067033066,1.6163126549066855,7
849,2018-07-25,4.936310304146134,2.6160996998652575,2.3202106042808763,7
850,2018-07-26,5.711460312201923,2.5836113326974495,3.1278489795044733,7
851,2018-07-27,4.89242348521805,2.5511229655296415,2.3413005196884082,7
852,2018-07-28,6.166713269609884,2.518634598361833,3.6480786712480513,7
853,2018-07-29,6.488366466809042,2.4861462311940246,4.002220235615018,7
854,2018-07-30,6.347001280643168,2.4536578640262166,3.8933434166169514,7
855,2018-07-31,6.313404822307718,2.4211694968584085,3.8922353254493096,7
856,2018-08-01,6.853200062789059,2.3886811296906,4.464518933098459,8
857,2018-08-02,7.159433608969614,2.3561927625227916,4.803240846446823,8
858,2018-08-03,6.203833606806784,2.3237043953549836,3.8801292114518002,8
859,2018-08-04,7.142567675404328,2.2912160281871756,4.851351647217152,8
860,2018-08-05,7.690389083582951,2.258727661019367,5.431661422563584,8
861,2018-08-06,8.083827424270128,2.2262392938515587,5.857588130418569,8
862,2018-08-07,8.534047929327098,2.1937509266837507,6.340297002643347,8
863,2018-08-08,8.822279404499866,2.1612625595159427,6.661016844983924,8
864,2018-08-09,8.78382332866402,2.1287741923481343,6.655049136315887,8
865,2018-08-10,7.881658231566874,2.096285825180326,5.785372406386548,8
866,2018-08-11,7.958861854044493,2.063797458012518,5.895064396031975,8
867,2018-08-12,5.524142254635673,2.03130909084471,3.492833163790963,8
868,2018-08-13,5.257440339877654,1.9988207236769013,3.2586196162007526,8
869,2018-08-14,5.345335418411816,1.966332356509093,3.379003061902723,8
870,2018-08-15,4.289661986658102,1.9338439893412849,2.3558179973168167,8
871,2018-08-16,6.837427581895678,1.9013556221734766,4.936071959722201,8
872,2018-08-17,1.8363788878378602,1.8688672550056684,0.0,8
873,2018-08-18,32.57642997885858,1.8363788878378602,30.740051091020717,8
874,2018-08-19,2.018218173141765,1.9099773849273596,0.10824078821440541,8
875,2018-08-20,2.3983864665755275,1.9835758820168592,0.41481058455866826,8
876,2018-08-21,3.389906068062339,2.0571743791063586,1.3327316889559806,8
877,2018-08-22,4.286421304966341,2.130772876195858,2.155648428770483,8
878,2018-08-23,4.674349697988103,2.2043713732853574,2.469978324702746,8
879,2018-08-24,5.04660026724507,2.277969870374857,2.768630396870213,8
880,2018-08-25,5.46108527135958,2.351568367464356,3.1095169038952237,8
881,2018-08-26,5.707919511171897,2.425166864553856,3.2827526466180412,8
882,2018-08-27,4.016248591632499,2.4987653616433554,1.5174832299891432,8
883,2018-08-28,5.538516822723102,2.572363858732855,2.966152963990247,8
884,2018-08-29,5.91199762806896,2.645962355822354,3.2660352722466057,8
885,2018-08-30,4.920569280212213,2.7195608529118536,2.2010084273003594,8
886,2018-08-31,5.561307638433854,2.7931593500013534,2.7681482884325,8
887,2018-09-01,4.476052573111273,2.8667578470908524,1.609294726020421,9
888,2018-09-02,6.077385456227608,2.940356344180352,3.137029112047256,9
889,2018-09-03,2.940356344180352,2.8792188406155077,0.061137503564844486,9
890,2018-09-04,3.7924514496345445,2.8180813370506628,0.9743701125838817,9
891,2018-09-05,5.420990979489259,2.7569438334858183,2.664047146003441,9
892,2018-09-06,6.7227654654173685,2.6958063299209734,4.026959135496395,9
893,2018-09-07,7.501301589960409,2.634668826356129,4.86663276360428,9
894,2018-09-08,8.102772855054601,2.5735313227912844,5.529241532263317,9
895,2018-09-09,8.398742848444746,2.5123938192264395,5.886349029218307,9
896,2018-09-10,8.204416294608462,2.451256315661595,5.753159978946867,9
897,2018-09-11,8.388372222085895,2.39011881209675,5.998253409989145,9
898,2018-09-12,7.278388353297363,2.3289813085319055,4.949407044765457,9
899,2018-09-13,15.99407329654706,2.267843804967061,13.726229491579998,9
900,2018-09-14,3.29731263640941,2.206706301402216,1.0906063350071937,9
901,2018-09-15,5.150608145772403,2.1455687978373716,3.0050393479350315,9
902,2018-09-16,5.868027243776729,2.0844312942725267,3.7835959495042024,9
903,2018-09-17,4.2988887977207,2.0232937907076822,2.2755950070130178,9
904,2018-09-18,2.12411942365097,1.9621562871428375,0.16196313650813265,9
905,2018-09-19,13.197101975796263,1.9010187835779928,11.296083192218271,9
906,2018-09-20,9.474113322119306,1.839881280013148,7.6342320421061585,9
907,2018-09-21,1.717606272883459,1.7787437764483036,0.0,9
908,2018-09-22,2.4810240016442258,1.717606272883459,0.7634177287607669,9
909,2018-09-23,3.144533867729557,1.744690245217007,1.3998436225125501,9
910,2018-09-24,3.713258080191282,1.7717742175505549,1.941483862640727,9
911,2018-09-25,4.214445935699548,1.798858189884103,2.4155877458154444,9
912,2018-09-26,3.994271831702631,1.8259421622176508,2.1683296694849803,9
913,2018-09-27,4.789572112842657,1.853026134551199,2.936545978291458,9
914,2018-09-28,5.213202919505879,1.880110106884747,3.3330928126211323,9
915,2018-09-29,5.57198482399899,1.9071940792182949,3.6647907447806958,9
916,2018-09-30,4.22848239972235,1.934278051551843,2.2942043481705072,9
917,2018-10-01,2.274590948341753,1.9613620238853908,0.3132289244563622,10
918,2018-10-02,3.1122025946928513,1.988445996218939,1.1237565984739124,10
919,2018-10-03,1.988445996218939,1.9726108348804072,0.01583516133853169,10
920,2018-10-04,3.27265744903807,1.9567756735418755,1.3158817754961945,10
921,2018-10-05,4.05768652719559,1.940940512203344,2.1167460149922457,10
922,2018-10-06,4.733286256548717,1.9251053508648124,2.808180905683905,10
923,2018-10-07,5.206162876633087,1.9092701895262807,3.2968926871068063,10
924,2018-10-08,4.956230499604551,1.893435028187749,3.062795471416802,10
925,2018-10-09,1.980581078215724,1.8775998668492173,0.10298121136650673,10
926,2018-10-10,11.763809465204037,1.8617647055106858,9.902044759693352,10
927,2018-10-11,6.060264565031273,1.8459295441721542,4.214335020859119,10
928,2018-10-12,1.8300943828336225,1.8300943828336225,0.0,10
929,2018-10-13,2.503992700817081,1.860688263243849,0.643304437573232,10
930,2018-10-14,3.12388426354884,1.8912821436540754,1.2326021198947645,10
931,2018-10-15,3.6854756609159383,1.9218760240643018,1.7635996368516365,10
932,2018-10-16,4.0329987383191614,1.9524699044745284,2.080528833844633,10
933,2018-10-17,4.07252599922877,1.983063784884755,2.0894622143440147,10
934,2018-10-18,4.475980675019687,2.013657665294981,2.462323009724706,10
935,2018-10-19,4.152665560893315,2.0442515457052077,2.108414015188107,10
936,2018-10-20,,2.0748454261154343,,10
937,2018-10-21,,2.105439306525661,,10
938,2018-10-22,,2.1360331869358875,,10
939,2018-10-23,,2.1666270673461137,,10
940,2018-10-24,,2.1972209477563402,,10
941,2018-10-25,,2.227814828166567,,10
942,2018-10-26,,2.258408708576793,,10
943,2018-10-27,,2.2890025889870196,,10
944,2018-10-28,,2.319596469397246,,10
945,2018-10-29,,2.3501903498074728,,10
946,2018-10-30,,2.3807842302176994,,10
947,2018-10-31,,2.4113781106279255,,10
948,2018-11-01,,2.441971991038152,,11
949,2018-11-02,,2.4725658714483787,,11
950,2018-11-03,,2.503159751858605,,11
951,2018-11-04,,2.5337536322688314,,11
952,2018-11-05,,2.564347512679058,,11
953,2018-11-06,,2.5949413930892846,,11
954,2018-11-07,,2.625535273499511,,11
955,2018-11-08,,2.6561291539097374,,11
956,2018-11-09,,2.686723034319964,,11
957,2018-11-10,,2.7173169147301905,,11
958,2018-11-11,,2.7479107951404167,,11
959,2018-11-12,,2.7785046755506433,,11
960,2018-11-13,,2.80909855596087,,11
961,2018-11-14,,2.8396924363710965,,11
962,2018-11-15,,2.870286316781323,,11
963,2018-11-16,,2.900880197191549,,11
964,2018-11-17,,2.931474077601776,,11
965,2018-11-18,,2.9620679580120024,,11
966,2018-11-19,,2.9926618384222285,,11
967,2018-11-20,,3.023255718832455,,11
968,2018-11-21,,3.0538495992426817,,11
969,2018-11-22,,3.0844434796529083,,11
970,2018-11-23,,3.115037360063135,,11
971,2018-11-24,,3.145631240473361,,11
972,2018-11-25,,3.1762251208835877,,11
973,2018-11-26,,3.2068190012938143,,11
974,2018-11-27,,3.2374128817040404,,11
975,2018-11-28,,3.268006762114267,,11
976,2018-11-29,,3.2986006425244936,,11
977,2018-11-30,,3.32919452293472,,11
978,2018-12-01,,3.3597884033449468,,12
979,2018-12-02,,3.390382283755173,,12
980,2018-12-03,,3.4209761641653995,,12
981,2018-12-04,,3.451570044575626,,12
982,2018-12-05,,3.4821639249858523,,12
983,2018-12-06,,3.512757805396079,,12
984,2018-12-07,,3.5433516858063054,,12
985,2018-12-08,,3.573945566216532,,12
986,2018-12-09,,3.6045394466267586,,12
987,2018-12-10,,3.6351333270369848,,12
988,2018-12-11,,3.6657272074472114,,12
989,2018-12-12,,3.696321087857438,,12
990,2018-12-13,,3.726914968267664,,12
991,2018-12-14,,3.7575088486778907,,12
992,2018-12-15,,3.7881027290881173,,12
993,2018-12-16,,3.818696609498344,,12
994,2018-12-17,,3.8492904899085705,,12
995,2018-12-18,,3.8798843703187966,,12
996,2018-12-19,,3.910478250729023,,12
997,2018-12-20,,3.94107213113925,,12
998,2018-12-21,,3.971666011549476,,12
999,2018-12-22,,4.002259891959703,,12
1000,2018-12-23,,4.032853772369929,,12
1001,2018-12-24,,4.063447652780155,,12
1002,2018-12-25,,4.094041533190382,,12
1003,2018-12-26,,4.1246354136006085,,12
1004,2018-12-27,,4.1552292940108355,,12
1005,2018-12-28,,4.185823174421062,,12
1006,2018-12-29,,4.216417054831288,,12
1007,2018-12-30,,4.247010935241514,,12
1008,2018-12-31,,4.277604815651741,,12
1009,2019-01-01,,4.308198696061968,,1
1010,2019-01-02,,4.338792576472194,,1
1011,2019-01-03,,4.36938645688242,,1
1012,2019-01-04,,4.3999803372926465,,1
1013,2019-01-05,,4.4305742177028735,,1
1014,2019-01-06,,4.4611680981131,,1
1015,2019-01-07,,4.491761978523327,,1
1016,2019-01-08,,4.522355858933553,,1
1017,2019-01-09,,4.552949739343779,,1
1018,2019-01-10,,4.583543619754006,,1
1019,2019-01-11,,4.614137500164232,,1
1020,2019-01-12,,4.644731380574459,,1
1021,2019-01-13,,4.675325260984685,,1
1022,2019-01-14,,4.7059191413949115,,1
1023,2019-01-15,,4.736513021805138,,1
1024,2019-01-16,,4.767106902215365,,1
1025,2019-01-17,,4.797700782625592,,1
1026,2019-01-18,,4.828294663035818,,1
1027,2019-01-19,,4.858888543446044,,1
1028,2019-01-20,,4.88948242385627,,1
1029,2019-01-21,,4.920076304266497,,1
1030,2019-01-22,,4.950670184676723,,1
1031,2019-01-23,,4.98126406508695,,1
1032,2019-01-24,,5.011857945497177,,1
1033,2019-01-25,,5.042451825907403,,1
1034,2019-01-26,,5.07304570631763,,1
1035,2019-01-27,,5.103639586727856,,1
1036,2019-01-28,,5.134233467138083,,1
1037,2019-01-29,,5.164827347548309,,1
1038,2019-01-30,,5.195421227958535,,1
1039,2019-01-31,,5.226015108368761,,1
1040,2019-02-01,,5.256608988778988,,2
1041,2019-02-02,,5.2872028691892154,,2
1042,2019-02-03,,5.317796749599442,,2
1043,2019-02-04,,5.348390630009668,,2
1044,2019-02-05,,5.378984510419894,,2
1045,2019-02-06,,5.409578390830121,,2
1046,2019-02-07,,5.440172271240347,,2
1047,2019-02-08,,5.470766151650574,,2
1048,2019-02-09,,5.5013600320608,,2
1049,2019-02-10,,5.531953912471026,,2
1050,2019-02-11,,5.5625477928812535,,2
1051,2019-02-12,,5.59314167329148,,2
1052,2019-02-13,,5.623735553701707,,2
1053,2019-02-14,,5.654329434111933,,2
1054,2019-02-15,,5.684923314522159,,2
1055,2019-02-16,,5.715517194932385,,2
1056,2019-02-17,,5.746111075342612,,2
1057,2019-02-18,,5.776704955752839,,2
1058,2019-02-19,,5.807298836163065,,2
1059,2019-02-20,,5.8378927165732915,,2
1060,2019-02-21,,5.8684865969835185,,2
1061,2019-02-22,,5.899080477393745,,2
1062,2019-02-23,,5.929674357803971,,2
1063,2019-02-24,,5.960268238214198,,2
1064,2019-02-25,,5.990862118624424,,2
1065,2019-02-26,,6.02145599903465,,2
1066,2019-02-27,,6.052049879444877,,2
1067,2019-02-28,,6.082643759855103,,2
1068,2019-03-01,,6.1132376402653295,,3
1069,2019-03-02,,6.1438315206755565,,3
1070,2019-03-03,,6.174425401085783,,3
1071,2019-03-04,,6.20501928149601,,3
1072,2019-03-05,,6.235613161906236,,3
1073,2019-03-06,,6.266207042316462,,3
1074,2019-03-07,,6.296800922726689,,3
1075,2019-03-08,,6.327394803136915,,3
1076,2019-03-09,,6.357988683547142,,3
1077,2019-03-10,,6.388582563957368,,3
1078,2019-03-11,,6.4191764443675945,,3
1079,2019-03-12,,6.4497703247778215,,3
1080,2019-03-13,,6.480364205188048,,3
1081,2019-03-14,,6.510958085598274,,3
1082,2019-03-15,,6.541551966008501,,3
1083,2019-03-16,,6.572145846418727,,3
1084,2019-03-17,,6.602739726828953,,3
1085,2019-03-18,,6.63333360723918,,3
1086,2019-03-19,,6.663927487649406,,3
1087,2019-03-20,,6.694521368059633,,3
1088,2019-03-21,,6.7251152484698595,,3
1089,2019-03-22,,6.755709128880086,,3
1090,2019-03-23,,6.786303009290313,,3
1091,2019-03-24,,6.816896889700539,,3
1092,2019-03-25,,6.847490770110766,,3
1093,2019-03-26,,6.878084650520992,,3
1094,2019-03-27,,6.908678530931218,,3
1095,2019-03-28,,6.939272411341445,,3
1096,2019-03-29,,6.969866291751671,,3
1097,2019-03-30,,7.0004601721618975,,3
1098,2019-03-31,,7.031054052572125,,3
1099,2019-04-01,,7.061647932982351,,4
1100,2019-04-02,,7.092241813392577,,4
1101,2019-04-03,,7.122835693802804,,4
1102,2019-04-04,,7.15342957421303,,4
1103,2019-04-05,,7.184023454623257,,4
1104,2019-04-06,,7.214617335033483,,4
1105,2019-04-07,,7.245211215443709,,4
1106,2019-04-08,,7.275805095853936,,4
1107,2019-04-09,,7.306398976264163,,4
1108,2019-04-10,,7.33699285667439,,4
1109,2019-04-11,,7.367586737084616,,4
1110,2019-04-12,,7.398180617494842,,4
1111,2019-04-13,,7.428774497905069,,4
1112,2019-04-14,,7.459368378315295,,4
1113,2019-04-15,,7.489962258725521,,4
1114,2019-04-16,,7.520556139135748,,4
1115,2019-04-17,,7.551150019545974,,4
1116,2019-04-18,,7.581743899956201,,4
1117,2019-04-19,,7.612337780366428,,4
1118,2019-04-20,,7.642931660776654,,4
1119,2019-04-21,,7.673525541186881,,4
1120,2019-04-22,,7.704119421597107,,4
1121,2019-04-23,,7.734713302007333,,4
1122,2019-04-24,,7.76530718241756,,4
1123,2019-04-25,,7.795901062827786,,4
1124,2019-04-26,,7.826494943238013,,4
1125,2019-04-27,,7.8570888236482395,,4
1126,2019-04-28,,7.887682704058466,,4
1127,2019-04-29,,7.918276584468693,,4
1128,2019-04-30,,7.948870464878919,,4
1129,2019-05-01,,7.979464345289145,,5
1130,2019-05-02,,8.010058225699371,,5
1131,2019-05-03,,8.040652106109597,,5
1132,2019-05-04,,8.071245986519823,,5
1133,2019-05-05,,8.101839866930051,,5
1134,2019-05-06,,8.132433747340277,,5
1135,2019-05-07,,8.163027627750505,,5
1136,2019-05-08,,8.193621508160732,,5
1137,2019-05-09,,8.224215388570958,,5
1138,2019-05-10,,8.254809268981184,,5
1139,2019-05-11,,8.28540314939141,,5
1140,2019-05-12,,8.315997029801636,,5
1141,2019-05-13,,8.346590910211862,,5
1142,2019-05-14,,8.377184790622088,,5
1143,2019-05-15,,8.407778671032316,,5
1144,2019-05-16,,8.438372551442543,,5
1145,2019-05-17,,8.468966431852769,,5
1146,2019-05-18,,8.499560312262997,,5
1147,2019-05-19,,8.530154192673223,,5
1148,2019-05-20,,8.560748073083449,,5
1149,2019-05-21,,8.591341953493675,,5
1150,2019-05-22,,8.621935833903901,,5
1151,2019-05-23,,8.652529714314127,,5
1152,2019-05-24,,8.683123594724353,,5
1153,2019-05-25,,8.71371747513458,,5
1154,2019-05-26,,8.744311355544808,,5
1155,2019-05-27,,8.774905235955034,,5
1156,2019-05-28,,8.805499116365262,,5
1157,2019-05-29,,8.836092996775488,,5
1158,2019-05-30,,8.866686877185714,,5
1159,2019-05-31,,8.89728075759594,,5
1160,2019-06-01,,8.927874638006166,,6
1161,2019-06-02,,8.958468518416392,,6
1162,2019-06-03,,8.989062398826619,,6
1163,2019-06-04,,9.019656279236845,,6
1164,2019-06-05,,9.05025015964707,,6
1165,2019-06-06,,9.080844040057299,,6
1166,2019-06-07,,9.111437920467525,,6
1167,2019-06-08,,9.142031800877753,,6
1168,2019-06-09,,9.172625681287979,,6
1169,2019-06-10,,9.203219561698205,,6
1170,2019-06-11,,9.233813442108431,,6
1171,2019-06-12,,9.264407322518657,,6
1172,2019-06-13,,9.295001202928884,,6
1173,2019-06-14,,9.32559508333911,,6
1174,2019-06-15,,9.356188963749336,,6
1175,2019-06-16,,9.386782844159564,,6
1176,2019-06-17,,9.41737672456979,,6
1177,2019-06-18,,9.447970604980016,,6
1178,2019-06-19,,9.478564485390244,,6
1179,2019-06-20,,9.50915836580047,,6
1180,2019-06-21,,9.539752246210696,,6
1181,2019-06-22,,9.570346126620922,,6
1182,2019-06-23,,9.600940007031149,,6
1183,2019-06-24,,9.631533887441375,,6
1184,2019-06-25,,9.6621277678516,,6
1185,2019-06-26,,9.692721648261827,,6
1186,2019-06-27,,9.723315528672055,,6
1187,2019-06-28,,9.753909409082281,,6
1188,2019-06-29,,9.784503289492509,,6
1189,2019-06-30,,9.815097169902735,,6
1190,2019-07-01,,9.845691050312961,,7
1191,2019-07-02,,9.876284930723187,,7
1192,2019-07-03,,9.906878811133414,,7
1193,2019-07-04,,9.93747269154364,,7
1194,2019-07-05,,9.968066571953866,,7
1195,2019-07-06,,9.998660452364092,,7
1196,2019-07-07,,10.029254332774318,,7
1197,2019-07-08,,10.059848213184544,,7
1198,2019-07-09,,10.090442093594774,,7
1199,2019-07-10,,10.121035974005,,7
1200,2019-07-11,,10.151629854415226,,7
1201,2019-07-12,,10.182223734825453,,7
1202,2019-07-13,,10.212817615235679,,7
1203,2019-07-14,,10.243411495645905,,7
1204,2019-07-15,,10.274005376056131,,7
1205,2019-07-16,,10.304599256466357,,7
1206,2019-07-17,,10.335193136876583,,7
1207,2019-07-18,,10.36578701728681,,7
1208,2019-07-19,,10.396380897697036,,7
1209,2019-07-20,,10.426974778107265,,7
1210,2019-07-21,,10.457568658517491,,7
1211,2019-07-22,,10.488162538927718,,7
1212,2019-07-23,,10.518756419337944,,7
1213,2019-07-24,,10.54935029974817,,7
1214,2019-07-25,,10.579944180158396,,7
1215,2019-07-26,,10.610538060568622,,7
1216,2019-07-27,,10.641131940978848,,7
1217,2019-07-28,,10.671725821389074,,7
1218,2019-07-29,,10.7023197017993,,7
1219,2019-07-30,,10.73291358220953,,7
1220,2019-07-31,,10.763507462619756,,7
1221,2019-08-01,,10.794101343029983,,8
1222,2019-08-02,,10.824695223440209,,8
1223,2019-08-03,,10.855289103850435,,8
1224,2019-08-04,,10.885882984260661,,8
1225,2019-08-05,,10.916476864670887,,8
1226,2019-08-06,,10.947070745081113,,8
1227,2019-08-07,,10.97766462549134,,8
1228,2019-08-08,,11.008258505901566,,8
1229,2019-08-09,,11.038852386311792,,8
1230,2019-08-10,,11.069446266722021,,8
1231,2019-08-11,,11.100040147132248,,8
1232,2019-08-12,,11.130634027542474,,8
1233,2019-08-13,,11.1612279079527,,8
1234,2019-08-14,,11.191821788362926,,8
1235,2019-08-15,,11.222415668773152,,8
1236,2019-08-16,,11.253009549183378,,8
1237,2019-08-17,,11.283603429593605,,8
1238,2019-08-18,,11.31419731000383,,8
1239,2019-08-19,,11.344791190414057,,8
1240,2019-08-20,,11.375385070824283,,8
1241,2019-08-21,,11.405978951234513,,8
1242,2019-08-22,,11.436572831644739,,8
1243,2019-08-23,,11.467166712054965,,8
1244,2019-08-24,,11.497760592465191,,8
1245,2019-08-25,,11.528354472875417,,8
1246,2019-08-26,,11.558948353285643,,8
1247,2019-08-27,,11.58954223369587,,8
1248,2019-08-28,,11.620136114106096,,8
1249,2019-08-29,,11.650729994516322,,8
1250,2019-08-30,,11.681323874926548,,8
1251,2019-08-31,,11.711917755336778,,8
1252,2019-09-01,,11.742511635747004,,9
1253,2019-09-02,,11.77310551615723,,9
1254,2019-09-03,,11.803699396567456,,9
1255,2019-09-04,,11.834293276977682,,9
1256,2019-09-05,,11.864887157387908,,9
1257,2019-09-06,,11.895481037798135,,9
1258,2019-09-07,,11.92607491820836,,9
1259,2019-09-08,,11.956668798618587,,9
1260,2019-09-09,,11.987262679028813,,9
1261,2019-09-10,,12.01785655943904,,9
1262,2019-09-11,,12.048450439849269,,9
1263,2019-09-12,,12.079044320259495,,9
1264,2019-09-13,,12.109638200669721,,9
1265,2019-09-14,,12.140232081079947,,9
1266,2019-09-15,,12.170825961490173,,9
1267,2019-09-16,,12.2014198419004,,9
1268,2019-09-17,,12.232013722310626,,9
1269,2019-09-18,,12.262607602720852,,9
1270,2019-09-19,,12.293201483131078,,9
1271,2019-09-20,,12.323795363541304,,9
1272,2019-09-21,,12.35438924395153,,9
1273,2019-09-22,,12.38498312436176,,9
1274,2019-09-23,,12.415577004771986,,9
1275,2019-09-24,,12.446170885182212,,9
1276,2019-09-25,,12.476764765592439,,9
1277,2019-09-26,,12.507358646002665,,9
1278,2019-09-27,,12.53795252641289,,9
1279,2019-09-28,,12.568546406823117,,9
1280,2019-09-29,,12.599140287233343,,9
1281,2019-09-30,,12.62973416764357,,9
1282,2019-10-01,,12.660328048053795,,10
1283,2019-10-02,,12.690921928464025,,10
1284,2019-10-03,,12.721515808874251,,10
1285,2019-10-04,,12.752109689284477,,10
1286,2019-10-05,,12.782703569694704,,10
1287,2019-10-06,,12.81329745010493,,10
1288,2019-10-07,,12.843891330515156,,10
1289,2019-10-08,,12.874485210925382,,10
1290,2019-10-09,,12.905079091335608,,10
1291,2019-10-10,,12.935672971745834,,10
1292,2019-10-11,,12.96626685215606,,10
1293,2019-10-12,,12.996860732566287,,10
1294,2019-10-13,,13.027454612976516,,10
1295,2019-10-14,,13.058048493386742,,10
1296,2019-10-15,,13.088642373796969,,10
1297,2019-10-16,,13.119236254207195,,10
1298,2019-10-17,,13.149830134617421,,10
1299,2019-10-18,,13.180424015027647,,10
1300,2019-10-19,,13.211017895437873,,10
1301,2019-10-20,,13.2416117758481,,10
1302,2019-10-21,,13.272205656258325,,10
1303,2019-10-22,,13.302799536668552,,10
1304,2019-10-23,,13.333393417078778,,10
1305,2019-10-24,,13.363987297489007,,10
1306,2019-10-25,,13.394581177899234,,10
1307,2019-10-26,,13.42517505830946,,10
1308,2019-10-27,,13.455768938719686,,10
1309,2019-10-28,,13.486362819129912,,10
1310,2019-10-29,,13.516956699540138,,10
1311,2019-10-30,,13.547550579950364,,10
1312,2019-10-31,,13.57814446036059,,10
1313,2019-11-01,,13.608738340770817,,11
1314,2019-11-02,,13.639332221181043,,11
1315,2019-11-03,,13.669926101591273,,11
1316,2019-11-04,,13.700519982001499,,11
1317,2019-11-05,,13.731113862411725,,11
1318,2019-11-06,,13.761707742821951,,11
1319,2019-11-07,,13.792301623232177,,11
1320,2019-11-08,,13.822895503642403,,11
1321,2019-11-09,,13.85348938405263,,11
1322,2019-11-10,,13.884083264462856,,11
1323,2019-11-11,,13.914677144873082,,11
1324,2019-11-12,15.61473927714343,13.945271025283308,1.6694682518601223,11
1325,2019-11-13,15.922147709496464,13.975864905693534,1.94628280380293,11
1326,2019-11-14,16.530350217452202,14.006458786103764,2.5238914313484386,11
1327,2019-11-15,17.21608507050207,14.03705266651399,3.1790324039880815,11
1328,2019-11-16,17.79156834833992,14.067646546924216,3.7239218014157025,11
1329,2019-11-17,18.41851298773714,14.098240427334442,4.3202725604026995,11
1330,2019-11-18,17.64478697651774,14.128834307744668,3.515952668773071,11
1331,2019-11-19,19.353056710761543,14.159428188154894,5.193628522606648,11
1332,2019-11-20,19.14382487047815,14.19002206856512,4.953802801913028,11
1333,2019-11-21,19.58705197980631,14.220615948975347,5.366436030830965,11
1334,2019-11-22,14.220615948975347,13.963223490644475,0.2573924583308713,11
1335,2019-11-23,13.440775271742002,13.705831032313602,0.0,11
1336,2019-11-24,20.19288651818569,13.448438573982731,6.74444794420296,11
1337,2019-11-25,21.14344560220968,13.191046115651858,7.952399486557823,11
1338,2019-11-26,15.749204111709872,12.933653657320987,2.8155504543888856,11
1339,2019-11-27,20.513755115639526,12.676261198990115,7.837493916649411,11
1340,2019-11-28,21.523320870434766,12.418868740659242,9.104452129775524,11
1341,2019-11-29,21.695224728148933,12.16147628232837,9.533748445820562,11
1342,2019-11-30,11.646691365666626,11.904083823997498,0.0,11
1343,2019-12-01,16.37455905592722,11.646691365666626,4.727867690260595,12
1344,2019-12-02,20.063482932806764,11.359672381653986,8.703810551152777,12
1345,2019-12-03,21.661904485063165,11.072653397641345,10.58925108742182,12
1346,2019-12-04,22.411549858168513,10.785634413628705,11.625915444539809,12
1347,2019-12-05,19.147502652426173,10.498615429616063,8.64888722281011,12
1348,2019-12-06,19.44314431606253,10.211596445603423,9.231547870459107,12
1349,2019-12-07,18.84210126567796,9.924577461590783,8.917523804087178,12
1350,2019-12-08,16.655246552321774,9.63755847757814,7.017688074743633,12
1351,2019-12-09,12.840187892822692,9.3505394935655,3.4896483992571916,12
1352,2019-12-10,8.776501525540219,9.063520509552859,0.0,12
1353,2019-12-11,14.617736922028007,8.776501525540219,5.841235396487788,12
1354,2019-12-12,13.940328595129237,8.779635736299676,5.160692858829561,12
1355,2019-12-13,16.47451468489558,8.782769947059135,7.691744737836446,12
1356,2019-12-14,18.732147441924194,8.785904157818592,9.946243284105602,12
1357,2019-12-15,17.454257321439606,8.789038368578051,8.665218952861554,12
1358,2019-12-16,13.63522693351378,8.792172579337509,4.843054354176271,12
1359,2019-12-17,8.792172579337509,8.373267941065555,0.4189046382719539,12
1360,2019-12-18,3.281568274348824,7.954363302793601,0.0,12
1361,2019-12-19,9.121854747966706,7.535458664521647,1.5863960834450594,12
1362,2019-12-20,12.150209762859005,7.116554026249694,5.033655736609311,12
1363,2019-12-21,14.468747482318578,6.69764938797774,7.7710980943408385,12
1364,2019-12-22,16.577812734479703,6.278744749705786,10.299067984773917,12
1365,2019-12-23,15.224316788585767,5.859840111433833,9.364476677151934,12
1366,2019-12-24,27.97583995898974,5.440935473161879,22.534904485827862,12
1367,2019-12-25,4.570875647791166,5.022030834889925,0.0,12
1368,2019-12-26,9.41158719425399,4.603126196617971,4.808460997636018,12
1369,2019-12-27,16.5037791572696,4.184221558346017,12.319557598923584,12
1370,2019-12-28,4.347274184991536,3.7653169200740635,0.5819572649174729,12
1371,2019-12-29,2.5086030052582027,3.3464122818021096,0.0,12
1372,2019-12-30,3.7568004136323134,2.9275076435301566,0.8292927701021569,12
1373,2019-12-31,9.464972743190309,2.5086030052582027,6.956369737932106,12
1374,2020-01-01,3.225160242995146,2.5234909033115374,0.7016693396836087,1
1375,2020-01-02,5.638845949261171,2.5383788013648725,3.1004671478962984,1
1376,2020-01-03,7.751513409496597,2.553266699418207,5.19824671007839,1
1377,2020-01-04,9.811098167010833,2.568154597471542,7.242943569539291,1
1378,2020-01-05,11.150889339732837,2.583042495524877,8.56784684420796,1
1379,2020-01-06,12.169147146117064,2.5979303935782116,9.571216752538852,1
1380,2020-01-07,12.837300819783776,2.6128182916315463,10.22448252815223,1
1381,2020-01-08,13.422165503137355,2.6277061896848815,10.794459313452474,1
1382,2020-01-09,13.90124081839298,2.642594087738216,11.258646730654764,1
1383,2020-01-10,14.300924565437468,2.6574819857915513,11.643442579645917,1
1384,2020-01-11,13.154050658409695,2.672369883844886,10.481680774564808,1
1385,2020-01-12,9.946902086159165,2.6872577818982206,7.259644304260944,1
1386,2020-01-13,4.093577539882406,2.7021456799515557,1.3914318599308504,1
1387,2020-01-14,5.991094383365898,2.7170335780048904,3.274060805361007,1
1388,2020-01-15,8.6038800895359,2.731921476058225,5.871958613477675,1
1389,2020-01-16,22.34897695795162,2.7468093741115602,19.60216758384006,1
1390,2020-01-17,5.384060777400743,2.761697272164895,2.622363505235848,1
1391,2020-01-18,5.362193859976727,2.7765851702182296,2.585608689758497,1
1392,2020-01-19,2.8063609663248994,2.7914730682715647,0.01488789805333468,1
1393,2020-01-20,5.791682603944203,2.8063609663248994,2.9853216376193035,1
1394,2020-01-21,5.872703239871252,2.790954658229731,3.0817485816415213,1
1395,2020-01-22,2.7363808223414328,2.7755483501345624,0.0,1
1396,2020-01-23,6.227222571341935,2.760142042039394,3.467080529302541,1
1397,2020-01-24,5.073344080798142,2.7447357339442253,2.3286083468539167,1
1398,2020-01-25,2.729329425849057,2.729329425849057,0.0,1
1399,2020-01-26,3.3929250865530594,2.6597219684939892,0.7332031180590701,1
1400,2020-01-27,5.548087281132953,2.590114511138922,2.957972769994031,1
1401,2020-01-28,6.7549102549751145,2.5205070537838545,4.23440320119126,1
1402,2020-01-29,5.82473281960664,2.4508995964287874,3.373833223177853,1
1403,2020-01-30,7.60424953759097,2.38129213907372,5.22295739851725,1
1404,2020-01-31,8.782314574802077,2.3116846817186527,6.470629893083425,1
1405,2020-02-01,10.737232213957416,2.242077224363585,8.49515498959383,2
1406,2020-02-02,11.723872119376747,2.1724697670085176,9.551402352368228,2
1407,2020-02-03,12.348663773229893,2.1028623096534504,10.245801463576441,2
1408,2020-02-04,13.122823570752168,2.0332548522983833,11.089568718453783,2
1409,2020-02-05,10.171676219857837,1.9636473949433157,8.208028824914521,2
1410,2020-02-06,8.895024090537465,1.8940399375882482,7.000984152949217,2
1411,2020-02-07,36.7856095401751,1.824432480233181,34.96117705994192,2
1412,2020-02-08,1.6852175655230461,1.7548250228781135,0.0,2
1413,2020-02-09,2.0752345122904705,1.6852175655230461,0.3900169467674244,2
1414,2020-02-10,3.0905576048834966,1.6785189556790976,1.412038649204399,2
1415,2020-02-11,8.960881961077188,1.671820345835149,7.289061615242039,2
1416,2020-02-12,2.0570159687113163,1.6651217359912005,0.3918942327201158,2
1417,2020-02-13,2.1874601986687794,1.6584231261472517,0.5290370725215277,2
1418,2020-02-14,2.776418915471279,1.6517245163033032,1.1246943991679756,2
1419,2020-02-15,2.8422160215090653,1.6450259064593546,1.1971901150497106,2
1420,2020-02-16,16.460649905864695,1.638327296615406,14.822322609249289,2
1421,2020-02-17,29.920884976178694,1.6316286867714576,28.289256289407238,2
1422,2020-02-18,7.007257397663484,1.624930076927509,5.382327320735976,2
1423,2020-02-19,17.767225342051393,1.6182314670835605,16.148993874967832,2
1424,2020-02-20,27.292583233497425,1.611532857239612,25.68105037625781,2
1425,2020-02-21,3.346288011032323,1.6048342473956632,1.7414537636366598,2
1426,2020-02-22,21.46693621355515,1.5981356375517146,19.868800576003437,2
1427,2020-02-23,3.7188079124793774,1.591437027707766,2.1273708847716115,2
1428,2020-02-24,1.5847384178638175,1.5847384178638175,0.0,2
1429,2020-02-25,1.8012017123273911,1.8112038930979129,0.0,2
1430,2020-02-26,1.915385635701434,2.037669368332008,0.0,2
1431,2020-02-27,2.467594260032146,2.2641348435661035,0.2034594164660426,2
1432,2020-02-28,3.2409182422544327,2.490600318800199,0.7503179234542339,2
1433,2020-02-29,4.101788644117015,2.717065794034294,1.3847228500827207,2
1434,2020-03-01,4.932263299723105,2.943531269268389,1.9887320304547158,3
1435,2020-03-02,5.421590219558827,3.169996744502485,2.2515934750563424,3
1436,2020-03-03,6.263416695502871,3.3964622197365797,2.866954475766291,3
1437,2020-03-04,6.429302427596852,3.622927694970675,2.806374732626177,3
1438,2020-03-05,4.296576706769573,3.8493931702047703,0.44718353656480225,3
1439,2020-03-06,2.8783807881821653,4.075858645438865,0.0,3
1440,2020-03-07,4.866423513077916,4.302324120672961,0.5640993924049553,3
1441,2020-03-08,6.454921929155634,4.528789595907057,1.9261323332485771,3
1442,2020-03-09,7.107495975978938,4.755255071141152,2.352240904837786,3
1443,2020-03-10,7.929323985247155,4.9817205463752465,2.9476034388719086,3
1444,2020-03-11,8.553521621501721,5.208186021609342,3.345335599892379,3
1445,2020-03-12,8.532274263616669,5.434651496843438,3.097622766773231,3
1446,2020-03-13,9.116256141982594,5.661116972077533,3.4551391699050615,3
1447,2020-03-14,9.74167598356884,5.887582447311628,3.8540935362572117,3
1448,2020-03-15,10.332064970639923,6.114047922545723,4.2180170480942,3
1449,2020-03-16,10.630470181227793,6.340513397779819,4.289956783447973,3
1450,2020-03-17,9.843949395541848,6.566978873013914,3.276970522527934,3
1451,2020-03-18,11.15957240045694,6.793444348248009,4.36612805220893,3
1452,2020-03-19,11.219709260298897,7.019909823482104,4.199799436816793,3
1453,2020-03-20,11.518284231408982,7.246375298716201,4.2719089326927815,3
1454,2020-03-21,12.004765526216085,7.472840773950296,4.531924752265789,3
1455,2020-03-22,11.886301976880814,7.69930624918439,4.186995727696424,3
1456,2020-03-23,12.132528731587097,7.925771724418485,4.206757007168612,3
1457,2020-03-24,10.090788925140515,8.152237199652582,1.9385517254879332,3
1458,2020-03-25,12.025887984002294,8.378702674886677,3.647185309115617,3
1459,2020-03-26,8.378702674886677,8.500780809624633,0.0,3
1460,2020-03-27,5.183352835734033,8.62285894436259,0.0,3
1461,2020-03-28,8.98909334857646,8.744937079100547,0.24415626947591385,3
1462,2020-03-29,11.25420706430177,8.867015213838505,2.3871918504632657,3
1463,2020-03-30,11.519618197627718,8.98909334857646,2.5305248490512575,3
1464,2020-03-31,12.89666974544332,8.315432569856371,4.581237175586949,3
1465,2020-04-01,13.044379513038882,7.64177179113628,5.402607721902601,4
1466,2020-04-02,12.488409341024305,6.968111012416191,5.5202983286081135,4
1467,2020-04-03,12.381132542402845,6.2944502336961,6.086682308706745,4
1468,2020-04-04,14.031396125304108,5.620789454976011,8.410606670328097,4
1469,2020-04-05,13.869165476559749,4.947128676255921,8.922036800303829,4
1470,2020-04-06,10.59432441283487,4.273467897535831,6.32085651529904,4
1471,2020-04-07,4.093826308754412,3.5998071188157406,0.49401918993867167,4
1472,2020-04-08,6.4292653430670335,2.9261463400956504,3.503119002971383,4
1473,2020-04-09,2.2524855613755603,2.2524855613755603,0.0,4
1474,2020-04-10,2.334248489966995,2.3160233227393068,0.0182251672276883,4
1475,2020-04-11,2.5801791947330504,2.3795610841030532,0.20061811062999713,4
1476,2020-04-12,4.312088198473356,2.4430988454667992,1.8689893530065569,4
1477,2020-04-13,7.430021700132671,2.5066366068305457,4.923385093302125,4
1478,2020-04-14,3.7648251686089202,2.570174368194292,1.1946508004146281,4
1479,2020-04-15,5.089770152100939,2.6337121295580386,2.4560580225429,4
1480,2020-04-16,7.433881929868403,2.697249890921785,4.7366320389466186,4
1481,2020-04-17,8.778117934720646,2.760787652285531,6.017330282435115,4
1482,2020-04-18,7.444355763328793,2.8243254136492775,4.620030349679515,4
1483,2020-04-19,2.887863175013024,2.887863175013024,0.0,4
1484,2020-04-20,3.62951415779673,2.846866980820474,0.7826471769762557,4
1485,2020-04-21,5.377094077094536,2.8058707866279238,2.571223290466612,4
1486,2020-04-22,6.8121999818902,2.7648745924353735,4.0473253894548264,4
1487,2020-04-23,8.380429901789169,2.7238783982428236,5.656551503546345,4
1488,2020-04-24,9.30517196172823,2.6828822040502738,6.622289757677955,4
1489,2020-04-25,9.282255035638784,2.6418860098577235,6.640369025781061,4
1490,2020-04-26,9.507336623994684,2.600889815665173,6.906446808329511,4
1491,2020-04-27,5.991205940662973,2.5598936214726233,3.43131231919035,4
1492,2020-04-28,8.12192081633991,2.5188974272800735,5.603023389059837,4
1493,2020-04-29,8.579032161021516,2.477901233087523,6.101130927933992,4
1494,2020-04-30,2.477901233087523,2.477901233087523,0.0,4
1495,2020-05-01,5.6070199091551745,2.477901233087523,3.1291186760676513,5
1496,2020-05-02,4.121294479426169,2.477901233087523,1.6433932463386456,5
1497,2020-05-03,6.593486765853502,2.477901233087523,4.115585532765978,5
1498,2020-05-04,7.976264588173786,2.477901233087523,5.498363355086262,5
1499,2020-05-05,8.9921147532007,2.477901233087523,6.514213520113177,5
1500,2020-05-06,9.722737438579635,2.477901233087523,7.244836205492112,5
1501,2020-05-07,9.791227888241275,2.477901233087523,7.313326655153752,5
1502,2020-05-08,10.555310725965233,2.477901233087523,8.07740949287771,5
1503,2020-05-09,8.046901351617826,2.477901233087523,5.569000118530303,5
1504,2020-05-10,10.987996601445014,2.477901233087523,8.51009536835749,5
1505,2020-05-11,11.152581178940768,2.477901233087523,8.674679945853244,5
1506,2020-05-12,12.165860911724005,2.477901233087523,9.687959678636481,5
1507,2020-05-13,12.324648240090282,2.477901233087523,9.846747007002758,5
1508,2020-05-14,12.535484244283886,2.477901233087523,10.057583011196362,5
