DateTime,SRD_wpm2,HMD_pct,TMP_F,RNF_in,WND_deg,WNS_mph
2015-07-21 10:00:00,0,47.5,73.2,0.0,128,0
2015-07-21 10:15:00,235,61.2,73.3,0.01,122,0
2015-07-21 10:30:00,165,59.0,75.7,0.01,122,0
2015-07-21 10:45:00,7,47.7,77.8,0.0,122,0
2015-07-21 11:00:00,8,42.2,76.4,0.0,122,0
2015-07-21 11:15:00,82,73.5,74.7,0.01,122,0
2015-07-21 11:30:00,343,67.2,78.4,0.01,177,3
2015-07-21 11:45:00,335,68.2,79.7,0.0,230,2
2015-07-21 12:00:00,421,67.2,79.9,0.0,238,2
2015-07-21 12:15:00,536,66.6,80.2,0.0,213,1
2015-07-21 12:30:00,508,64.8,81.3,0.0,216,1
2015-07-21 12:45:00,482,67.1,80.5,0.0,200,3
2015-07-21 13:00:00,794,66.4,81.4,0.0,221,2
2015-07-21 13:15:00,758,63.1,83.0,0.0,252,3
2015-07-21 13:30:00,661,63.0,82.6,0.0,245,2
2015-07-21 13:45:00,538,64.1,82.2,0.0,193,2
2015-07-21 14:00:00,488,66.7,80.9,0.0,172,2
2015-07-21 14:15:00,486,66.6,80.3,0.0,196,3
2015-07-21 14:30:00,401,67.9,79.9,0.0,190,3
2015-07-21 14:45:00,373,68.2,80.1,0.0,252,3
2015-07-21 15:00:00,600,65.4,81.0,0.0,207,3
2015-07-21 15:15:00,412,67.2,80.6,0.0,196,3
2015-07-21 15:30:00,449,67.3,79.7,0.0,207,4
2015-07-21 15:45:00,332,71.0,79.4,0.0,199,4
2015-07-21 16:00:00,257,69.7,79.3,0.0,175,2
2015-07-21 16:15:00,275,70.1,79.6,0.0,235,2
2015-07-21 16:30:00,154,71.2,79.3,0.0,201,2
2015-07-21 16:45:00,131,73.0,78.8,0.0,203,2
2015-07-21 17:00:00,114,71.9,78.6,0.0,206,2
2015-07-21 17:15:00,91,72.9,78.3,0.0,187,3
2015-07-21 17:30:00,65,73.4,78.2,0.0,214,3
2015-07-21 17:45:00,42,73.7,78.1,0.0,197,2
2015-07-21 18:00:00,16,73.6,78.1,0.0,187,3
2015-07-21 18:15:00,3,74.9,77.8,0.0,221,2
2015-07-21 18:30:00,0,78.4,77.2,0.0,241,2
2015-07-21 18:45:00,0,76.3,77.2,0.0,190,1
2015-07-21 19:00:00,0,76.6,77.4,0.0,211,1
2015-07-21 19:15:00,0,75.9,77.5,0.0,201,2
2015-07-21 19:30:00,0,76.4,77.4,0.0,170,3
2015-07-21 19:45:00,0,75.3,77.4,0.0,242,2
2015-07-21 20:00:00,0,76.4,77.6,0.0,199,1
2015-07-21 20:15:00,0,77.7,77.3,0.0,240,2
2015-07-21 20:30:00,0,81.8,76.6,0.0,238,1
2015-07-21 20:45:00,0,87.5,75.2,0.02,254,1
2015-07-21 21:00:00,0,87.8,74.8,0.0,237,1
2015-07-21 21:15:00,0,85.4,75.3,0.0,268,2
2015-07-21 21:30:00,0,81.5,76.4,0.0,199,3
2015-07-21 21:45:00,0,81.2,76.7,0.0,217,3
2015-07-21 22:00:00,0,81.7,76.8,0.0,234,2
2015-07-21 22:15:00,0,87.0,75.7,0.01,240,1
2015-07-21 22:30:00,0,91.2,74.6,0.01,218,1
2015-07-21 22:45:00,0,94.4,74.2,0.05,221,0
2015-07-21 23:00:00,0,93.5,74.4,0.01,242,1
2015-07-21 23:15:00,0,90.2,75.0,0.0,216,2
2015-07-21 23:30:00,0,91.0,75.0,0.0,251,1
2015-07-21 23:45:00,0,89.1,75.6,0.0,255,1
2015-07-22 00:00:00,0,89.7,75.4,0.0,204,1
2015-07-22 00:15:00,0,89.0,75.7,0.0,272,2
2015-07-22 00:30:00,0,88.4,75.9,0.0,265,1
2015-07-22 00:45:00,0,86.5,76.0,0.0,237,2
2015-07-22 01:00:00,0,85.3,76.1,0.0,204,2
2015-07-22 01:15:00,0,85.7,76.5,0.0,210,2
2015-07-22 01:30:00,0,84.3,76.4,0.0,207,1
2015-07-22 01:45:00,0,84.2,76.3,0.0,266,1
2015-07-22 02:00:00,0,83.3,76.5,0.0,273,1
2015-07-22 02:15:00,0,85.1,76.4,0.0,265,2
2015-07-22 02:30:00,0,86.9,75.9,0.01,228,1
2015-07-22 02:45:00,0,86.8,75.6,0.0,261,2
2015-07-22 03:00:00,0,86.6,76.1,0.0,247,2
2015-07-22 03:15:00,0,89.3,75.4,0.01,295,3
2015-07-22 03:30:00,0,88.0,75.2,0.0,225,2
2015-07-22 03:45:00,0,87.2,75.2,0.0,242,1
2015-07-22 04:00:00,0,83.9,75.8,0.0,204,2
2015-07-22 04:15:00,0,80.3,76.6,0.0,216,2
2015-07-22 04:30:00,0,82.4,76.6,0.0,206,1
2015-07-22 04:45:00,0,83.1,76.0,0.0,307,3
2015-07-22 05:00:00,0,87.1,75.0,0.01,232,1
2015-07-22 05:15:00,0,88.4,74.6,0.0,242,1
2015-07-22 05:30:00,0,91.9,74.6,0.03,265,2
2015-07-22 05:45:00,0,94.7,73.8,0.05,224,2
2015-07-22 06:00:00,0,93.5,73.8,0.01,223,1
2015-07-22 06:15:00,0,91.5,74.2,0.0,266,2
2015-07-22 06:30:00,0,87.9,74.7,0.0,175,3
2015-07-22 06:45:00,0,91.7,74.7,0.05,186,2
2015-07-22 07:00:00,1,93.3,73.8,0.0,290,2
2015-07-22 07:15:00,4,89.8,74.3,0.0,225,2
2015-07-22 07:30:00,11,88.7,74.8,0.01,200,2
2015-07-22 07:45:00,17,94.1,73.9,0.09,220,3
2015-07-22 08:00:00,27,94.9,73.3,0.02,144,1
2015-07-22 08:15:00,42,93.8,73.7,0.0,208,2
2015-07-22 08:30:00,42,90.9,74.4,0.0,227,2
2015-07-22 08:45:00,71,91.6,73.9,0.04,244,4
2015-07-22 09:00:00,76,92.6,73.9,0.01,227,3
2015-07-22 09:15:00,148,87.3,74.9,0.0,251,3
2015-07-22 09:30:00,154,84.7,75.5,0.0,200,2
2015-07-22 09:45:00,164,86.4,75.6,0.03,207,3
2015-07-22 10:00:00,236,86.8,75.5,0.0,244,2
2015-07-22 10:15:00,205,84.0,75.8,0.0,173,3
2015-07-22 10:30:00,312,82.4,76.3,0.0,211,2
2015-07-22 10:45:00,423,79.2,77.3,0.0,207,4
2015-07-22 11:00:00,241,82.9,76.6,0.0,180,3
2015-07-22 11:15:00,261,82.2,76.3,0.0,213,3
2015-07-22 11:30:00,393,79.1,77.1,0.0,223,4
2015-07-22 11:45:00,488,73.5,78.3,0.0,197,6
2015-07-22 12:00:00,458,75.1,78.1,0.0,213,4
2015-07-22 12:15:00,502,73.2,78.7,0.0,201,4
2015-07-22 12:30:00,365,75.8,78.5,0.0,165,3
2015-07-22 12:45:00,499,78.0,77.5,0.0,179,5
2015-07-22 13:00:00,398,76.9,77.7,0.0,206,4
2015-07-22 13:15:00,412,76.4,77.8,0.0,187,3
2015-07-22 13:30:00,624,71.5,79.3,0.0,217,5
2015-07-22 13:45:00,589,71.3,79.6,0.0,221,3
2015-07-22 14:00:00,317,74.3,78.1,0.0,179,4
2015-07-22 14:15:00,252,74.4,77.8,0.0,218,2
2015-07-22 14:30:00,301,73.9,77.5,0.0,206,3
2015-07-22 14:45:00,347,72.6,78.2,0.0,200,2
2015-07-22 15:00:00,326,73.9,78.5,0.0,197,3
2015-07-22 15:15:00,247,80.2,77.8,0.0,218,2
2015-07-22 15:30:00,251,85.2,75.3,0.01,228,3
2015-07-22 15:45:00,248,83.9,75.3,0.0,258,2
2015-07-22 16:00:00,142,83.8,75.5,0.0,210,2
2015-07-22 16:15:00,123,80.3,76.0,0.0,237,4
2015-07-22 16:30:00,116,80.7,75.8,0.0,249,3
2015-07-22 16:45:00,83,78.1,76.2,0.0,230,3
2015-07-22 17:00:00,53,77.2,76.5,0.0,213,2
2015-07-22 17:15:00,27,77.9,76.3,0.0,251,2
2015-07-22 17:30:00,29,79.6,76.2,0.0,259,4
2015-07-22 17:45:00,24,80.3,75.5,0.0,179,2
2015-07-22 18:00:00,9,78.9,75.9,0.0,166,2
2015-07-22 18:15:00,1,83.5,75.5,0.0,237,4
2015-07-22 18:30:00,0,81.9,75.0,0.0,203,2
2015-07-22 18:45:00,0,81.6,75.1,0.0,216,3
2015-07-22 19:00:00,0,82.2,75.2,0.0,192,2
2015-07-22 19:15:00,0,84.9,75.3,0.02,245,4
2015-07-22 19:30:00,0,86.9,74.3,0.0,249,4
2015-07-22 19:45:00,0,83.9,74.5,0.0,268,3
2015-07-22 20:00:00,0,80.7,75.3,0.0,211,3
2015-07-22 20:15:00,0,82.1,75.3,0.0,211,3
2015-07-22 20:30:00,0,82.7,74.7,0.0,201,2
2015-07-22 20:45:00,0,81.3,75.1,0.0,248,3
2015-07-22 21:00:00,0,78.5,75.7,0.0,203,3
2015-07-22 21:15:00,0,78.3,76.0,0.0,224,3
2015-07-22 21:30:00,0,81.7,75.5,0.0,180,3
2015-07-22 21:45:00,0,80.3,75.4,0.0,213,1
2015-07-22 22:00:00,0,77.2,75.4,0.0,297,3
2015-07-22 22:15:00,0,78.4,75.4,0.0,280,3
2015-07-22 22:30:00,0,77.1,75.7,0.0,206,2
2015-07-22 22:45:00,0,76.4,75.9,0.0,261,4
2015-07-22 23:00:00,0,78.1,75.8,0.0,203,2
2015-07-22 23:15:00,0,77.0,75.8,0.0,241,2
2015-07-22 23:30:00,0,76.5,76.0,0.0,216,2
2015-07-22 23:45:00,0,76.9,75.9,0.0,268,3
2015-07-23 00:00:00,0,73.7,76.0,0.0,234,2
2015-07-23 00:15:00,0,74.3,75.9,0.0,273,3
2015-07-23 00:30:00,0,75.9,75.7,0.0,302,2
2015-07-23 00:45:00,0,81.7,74.4,0.0,224,1
2015-07-23 01:00:00,0,82.6,74.0,0.0,148,1
2015-07-23 01:15:00,0,81.1,74.6,0.0,238,3
2015-07-23 01:30:00,0,79.6,74.7,0.0,290,1
2015-07-23 01:45:00,0,77.3,75.2,0.0,245,2
2015-07-23 02:00:00,0,77.2,75.3,0.0,234,3
2015-07-23 02:15:00,0,76.5,75.3,0.0,228,2
2015-07-23 02:30:00,0,75.2,75.3,0.0,254,2
2015-07-23 02:45:00,0,75.5,75.1,0.0,242,2
2015-07-23 03:00:00,0,76.4,74.8,0.0,237,2
2015-07-23 03:15:00,0,78.1,75.0,0.0,241,3
2015-07-23 03:30:00,0,81.7,74.3,0.0,237,3
2015-07-23 03:45:00,0,82.0,74.5,0.0,225,5
2015-07-23 04:00:00,0,85.8,74.0,0.0,234,3
2015-07-23 04:15:00,0,84.3,73.8,0.0,179,2
2015-07-23 04:30:00,0,82.3,74.5,0.0,208,3
2015-07-23 04:45:00,0,83.4,74.0,0.0,255,3
2015-07-23 05:00:00,0,83.0,74.0,0.0,244,3
2015-07-23 05:15:00,0,79.8,74.4,0.0,186,4
2015-07-23 05:30:00,0,79.6,74.6,0.0,240,3
2015-07-23 05:45:00,0,80.1,74.6,0.0,196,4
2015-07-23 06:00:00,0,80.4,74.6,0.0,169,4
2015-07-23 06:15:00,0,78.5,74.4,0.0,259,4
2015-07-23 06:30:00,0,77.0,74.6,0.0,220,5
2015-07-23 06:45:00,0,79.0,74.6,0.0,210,3
2015-07-23 07:00:00,4,78.0,74.7,0.0,193,3
2015-07-23 07:15:00,10,77.3,75.0,0.0,175,2
2015-07-23 07:30:00,20,77.1,74.9,0.0,238,2
2015-07-23 07:45:00,39,76.0,75.3,0.0,232,4
2015-07-23 08:00:00,47,81.1,74.6,0.0,230,2
2015-07-23 08:15:00,102,77.7,74.6,0.0,211,3
2015-07-23 08:30:00,92,75.0,75.5,0.0,221,2
2015-07-23 08:45:00,181,74.2,76.0,0.0,179,2
2015-07-23 09:00:00,230,72.6,76.6,0.0,238,3
2015-07-23 09:15:00,280,72.1,76.8,0.0,247,4
2015-07-23 09:30:00,411,68.2,77.9,0.0,271,3
2015-07-23 09:45:00,283,71.9,77.5,0.0,232,3
2015-07-23 10:00:00,464,70.1,77.8,0.0,224,4
2015-07-23 10:15:00,251,70.6,77.4,0.0,251,3
2015-07-23 10:30:00,185,71.0,77.1,0.0,237,3
2015-07-23 10:45:00,257,69.2,77.0,0.0,221,4
2015-07-23 11:00:00,239,71.4,77.0,0.0,214,3
2015-07-23 11:15:00,568,66.0,78.3,0.0,230,3
2015-07-23 11:30:00,387,67.8,78.5,0.0,218,3
2015-07-23 11:45:00,490,66.9,78.4,0.0,242,3
2015-07-23 12:00:00,304,69.1,78.1,0.0,216,4
2015-07-23 12:15:00,276,69.4,77.3,0.0,261,3
2015-07-23 12:30:00,426,65.6,78.2,0.0,244,3
2015-07-23 12:45:00,350,66.9,78.3,0.0,211,3
2015-07-23 13:00:00,324,67.9,77.9,0.0,224,3
2015-07-23 13:15:00,487,67.4,78.3,0.0,228,4
2015-07-23 13:30:00,290,68.0,78.5,0.0,238,3
2015-07-23 13:45:00,289,68.4,77.7,0.0,251,3
2015-07-23 14:00:00,311,68.9,77.8,0.0,206,2
2015-07-23 14:15:00,349,69.0,77.7,0.0,224,3
2015-07-23 14:30:00,465,66.5,78.4,0.0,240,3
2015-07-23 14:45:00,323,70.1,77.5,0.0,201,4
2015-07-23 15:00:00,366,66.5,77.9,0.0,199,3
2015-07-23 15:15:00,276,67.0,77.6,0.0,223,3
2015-07-23 15:30:00,268,66.5,77.1,0.0,221,3
2015-07-23 15:45:00,343,66.2,77.4,0.0,182,4
2015-07-23 16:00:00,290,65.8,77.4,0.0,201,2
2015-07-23 16:15:00,168,67.8,76.9,0.0,196,4
2015-07-23 16:30:00,192,65.5,76.5,0.0,223,5
2015-07-23 16:45:00,122,66.8,76.6,0.0,214,3
2015-07-23 17:00:00,47,68.3,76.3,0.0,180,2
2015-07-23 17:15:00,49,67.4,76.2,0.0,244,3
2015-07-23 17:30:00,31,67.2,76.3,0.0,190,3
2015-07-23 17:45:00,24,69.6,75.8,0.0,203,2
2015-07-23 18:00:00,7,71.7,75.7,0.0,166,3
2015-07-23 18:15:00,0,70.7,75.5,0.0,232,4
2015-07-23 18:30:00,0,70.7,75.7,0.0,200,3
2015-07-23 18:45:00,0,68.9,75.7,0.0,249,3
2015-07-23 19:00:00,0,72.2,75.7,0.0,231,3
2015-07-23 19:15:00,0,73.0,75.2,0.0,258,3
2015-07-23 19:30:00,0,72.1,75.3,0.0,247,3
2015-07-23 19:45:00,0,76.7,74.9,0.0,247,3
2015-07-23 20:00:00,0,76.6,74.2,0.0,269,3
2015-07-23 20:15:00,0,80.0,73.9,0.0,218,2
2015-07-23 20:30:00,0,80.9,73.6,0.0,252,2
2015-07-23 20:45:00,0,77.7,73.9,0.0,278,3
2015-07-23 21:00:00,0,81.9,74.1,0.01,234,2
2015-07-23 21:15:00,0,84.3,73.0,0.0,216,2
2015-07-23 21:30:00,0,81.5,73.5,0.0,204,2
2015-07-23 21:45:00,0,77.5,74.1,0.0,225,2
2015-07-23 22:00:00,0,75.2,74.6,0.0,184,2
2015-07-23 22:15:00,0,74.3,74.9,0.0,276,2
2015-07-23 22:30:00,0,75.0,75.0,0.0,232,2
2015-07-23 22:45:00,0,76.9,74.9,0.0,245,3
2015-07-23 23:00:00,0,78.4,74.6,0.0,266,2
2015-07-23 23:15:00,0,76.8,74.6,0.0,207,1
2015-07-23 23:30:00,0,74.8,74.9,0.0,295,2
2015-07-23 23:45:00,0,81.7,74.6,0.0,238,2
2015-07-24 00:00:00,0,85.9,73.0,0.02,261,2
2015-07-24 00:15:00,0,85.6,72.6,0.0,234,1
2015-07-24 00:30:00,0,85.9,73.4,0.0,269,3
2015-07-24 00:45:00,0,85.2,73.4,0.0,237,2
2015-07-24 01:00:00,0,84.0,73.6,0.0,189,3
2015-07-24 01:15:00,0,78.1,74.8,0.0,196,4
2015-07-24 01:30:00,0,76.3,74.9,0.0,247,2
2015-07-24 01:45:00,0,76.9,74.9,0.0,254,2
2015-07-24 02:00:00,0,74.4,75.1,0.0,168,1
2015-07-24 02:15:00,0,73.3,75.2,0.0,224,1
2015-07-24 02:30:00,0,74.3,75.1,0.0,265,1
2015-07-24 02:45:00,0,73.0,75.0,0.0,204,0
2015-07-24 03:00:00,0,72.8,75.1,0.0,201,1
2015-07-24 03:15:00,0,72.9,75.2,0.0,223,1
2015-07-24 03:30:00,0,72.1,75.3,0.0,256,1
2015-07-24 03:45:00,0,72.6,75.3,0.0,220,1
2015-07-24 04:00:00,0,72.4,75.5,0.0,225,1
2015-07-24 04:15:00,0,72.1,75.7,0.0,240,1
2015-07-24 04:30:00,0,72.6,75.7,0.0,203,1
2015-07-24 04:45:00,0,75.6,75.7,0.0,269,2
2015-07-24 05:00:00,0,75.1,75.3,0.0,221,2
2015-07-24 05:15:00,0,74.5,75.3,0.0,218,1
2015-07-24 05:30:00,0,74.9,75.3,0.0,227,2
2015-07-24 05:45:00,0,74.9,75.2,0.0,242,2
2015-07-24 06:00:00,0,76.1,75.2,0.0,206,2
2015-07-24 06:15:00,0,79.3,74.8,0.0,183,0
2015-07-24 06:30:00,0,79.3,74.1,0.0,235,1
2015-07-24 06:45:00,0,77.9,74.1,0.0,176,0
2015-07-24 07:00:00,3,77.1,74.8,0.0,208,1
2015-07-24 07:15:00,14,76.2,75.0,0.0,220,2
2015-07-24 07:30:00,27,77.8,75.1,0.0,278,2
2015-07-24 07:45:00,36,75.5,75.4,0.0,278,4
2015-07-24 08:00:00,69,77.1,75.7,0.0,228,3
2015-07-24 08:15:00,84,76.7,75.8,0.0,211,3
2015-07-24 08:30:00,168,73.8,76.4,0.0,175,1
2015-07-24 08:45:00,178,71.6,77.1,0.0,231,1
2015-07-24 09:00:00,197,71.7,76.9,0.0,265,2
2015-07-24 09:15:00,166,73.4,77.0,0.0,211,2
2015-07-24 09:30:00,138,75.5,76.7,0.0,251,3
2015-07-24 09:45:00,302,75.0,76.6,0.0,248,2
2015-07-24 10:00:00,290,73.3,77.5,0.0,240,1
2015-07-24 10:15:00,502,68.5,79.1,0.0,265,1
2015-07-24 10:30:00,680,67.4,80.3,0.0,235,2
2015-07-24 10:45:00,548,66.5,80.7,0.0,184,2
2015-07-24 11:00:00,297,75.5,78.9,0.0,206,2
2015-07-24 11:15:00,379,76.3,76.9,0.0,210,1
2015-07-24 11:30:00,612,70.9,78.9,0.0,223,1
2015-07-24 11:45:00,492,71.3,79.4,0.0,207,2
2015-07-24 12:00:00,555,70.6,80.1,0.0,225,2
2015-07-24 12:15:00,366,70.5,79.6,0.0,251,3
2015-07-24 12:30:00,485,70.7,78.8,0.0,278,2
2015-07-24 12:45:00,592,65.4,80.7,0.0,213,2
2015-07-24 13:00:00,845,63.3,81.3,0.0,245,3
2015-07-24 13:15:00,736,65.7,81.5,0.0,271,3
2015-07-24 13:30:00,250,76.7,78.8,0.01,228,2
2015-07-24 13:45:00,517,75.1,77.5,0.0,228,2
2015-07-24 14:00:00,641,70.0,79.4,0.0,248,1
2015-07-24 14:15:00,537,68.8,79.7,0.0,213,2
2015-07-24 14:30:00,336,71.1,79.5,0.0,240,2
2015-07-24 14:45:00,457,68.5,79.5,0.0,258,2
2015-07-24 15:00:00,309,71.1,79.2,0.0,256,2
2015-07-24 15:15:00,309,70.8,78.6,0.0,227,2
2015-07-24 15:30:00,345,70.9,79.1,0.0,271,2
2015-07-24 15:45:00,267,71.9,78.7,0.0,230,2
2015-07-24 16:00:00,162,74.3,77.8,0.0,228,1
2015-07-24 16:15:00,176,71.9,77.9,0.0,216,2
2015-07-24 16:30:00,105,75.6,77.7,0.0,271,2
2015-07-24 16:45:00,99,82.0,76.6,0.01,268,2
2015-07-24 17:00:00,122,83.6,75.7,0.0,225,2
2015-07-24 17:15:00,79,81.2,75.9,0.0,216,2
2015-07-24 17:30:00,27,81.6,76.0,0.0,259,1
2015-07-24 17:45:00,24,79.5,76.0,0.0,213,2
2015-07-24 18:00:00,16,78.9,76.1,0.0,275,2
2015-07-24 18:15:00,3,83.5,76.0,0.05,249,1
2015-07-24 18:30:00,0,86.6,74.9,0.0,225,1
2015-07-24 18:45:00,0,84.1,74.8,0.0,192,1
2015-07-24 19:00:00,0,83.6,75.0,0.0,183,1
2015-07-24 19:15:00,0,82.1,75.2,0.0,213,1
2015-07-24 19:30:00,0,79.2,75.4,0.0,177,1
2015-07-24 19:45:00,0,77.2,76.1,0.0,211,2
2015-07-24 20:00:00,0,75.9,76.0,0.0,235,2
2015-07-24 20:15:00,0,75.9,76.2,0.0,156,0
2015-07-24 20:30:00,0,75.1,76.3,0.0,230,1
2015-07-24 20:45:00,0,75.1,76.6,0.0,203,1
2015-07-24 21:00:00,0,75.6,76.5,0.0,249,1
2015-07-24 21:15:00,0,76.2,76.4,0.0,272,1
2015-07-24 21:30:00,0,75.2,76.5,0.0,210,1
2015-07-24 21:45:00,0,74.9,76.5,0.0,241,1
2015-07-24 22:00:00,0,74.0,76.4,0.0,223,1
2015-07-24 22:15:00,0,75.0,76.5,0.0,201,1
2015-07-24 22:30:00,0,74.5,76.4,0.0,265,1
2015-07-24 22:45:00,0,74.1,76.7,0.0,223,1
2015-07-24 23:00:00,0,75.5,76.6,0.0,241,1
2015-07-24 23:15:00,0,76.6,76.6,0.0,251,1
2015-07-24 23:30:00,0,75.5,76.5,0.0,192,0
2015-07-24 23:45:00,0,76.5,76.6,0.0,208,0
2015-07-25 00:00:00,0,75.0,76.5,0.0,210,1
2015-07-25 00:15:00,0,78.1,76.4,0.0,228,0
2015-07-25 00:30:00,0,77.2,76.4,0.0,194,0
2015-07-25 00:45:00,0,84.8,75.2,0.01,213,0
2015-07-25 01:00:00,0,85.4,74.4,0.0,227,0
2015-07-25 01:15:00,0,85.7,74.3,0.0,176,0
2015-07-25 01:30:00,0,83.6,75.0,0.0,183,1
2015-07-25 01:45:00,0,81.8,75.3,0.0,182,0
2015-07-25 02:00:00,0,80.9,75.6,0.0,194,1
2015-07-25 02:15:00,0,80.7,75.7,0.0,193,1
2015-07-25 02:30:00,0,80.5,75.9,0.0,206,1
2015-07-25 02:45:00,0,77.9,75.6,0.0,216,1
2015-07-25 03:00:00,0,79.5,75.8,0.0,162,1
2015-07-25 03:15:00,0,77.8,75.8,0.0,199,1
2015-07-25 03:30:00,0,77.8,75.8,0.0,201,1
2015-07-25 03:45:00,0,78.4,75.7,0.0,193,1
2015-07-25 04:00:00,0,78.8,75.5,0.0,153,0
2015-07-25 04:15:00,0,78.2,75.5,0.0,176,0
2015-07-25 04:30:00,0,82.6,75.7,0.0,249,2
2015-07-25 04:45:00,0,81.4,74.9,0.0,189,0
2015-07-25 05:00:00,0,82.6,74.9,0.0,168,1
2015-07-25 05:15:00,0,82.6,74.8,0.0,203,0
2015-07-25 05:30:00,0,81.8,75.3,0.0,230,0
2015-07-25 05:45:00,0,84.8,75.3,0.03,220,0
2015-07-25 06:00:00,0,84.8,74.6,0.0,192,0
2015-07-25 06:15:00,0,85.6,74.6,0.0,153,0
2015-07-25 06:30:00,0,85.7,74.7,0.0,197,0
2015-07-25 06:45:00,0,85.2,74.9,0.0,227,0
2015-07-25 07:00:00,3,82.7,75.1,0.0,204,0
2015-07-25 07:15:00,7,83.7,75.3,0.0,207,0
2015-07-25 07:30:00,29,84.2,75.0,0.0,237,0
2015-07-25 07:45:00,26,83.7,75.2,0.0,275,1
2015-07-25 08:00:00,68,82.0,75.7,0.0,232,1
2015-07-25 08:15:00,74,81.3,76.2,0.0,248,0
2015-07-25 08:30:00,133,78.4,76.7,0.0,235,1
2015-07-25 08:45:00,196,77.5,77.2,0.0,207,1
2015-07-25 09:00:00,166,80.0,77.4,0.0,288,1
2015-07-25 09:15:00,185,77.8,77.7,0.0,231,1
2015-07-25 09:30:00,185,76.4,77.8,0.0,245,1
2015-07-25 09:45:00,395,75.8,78.4,0.0,245,2
2015-07-25 10:00:00,302,77.9,79.0,0.0,245,3
2015-07-25 10:15:00,231,79.6,77.9,0.0,276,2
2015-07-25 10:30:00,436,76.6,78.1,0.0,214,2
2015-07-25 10:45:00,481,75.5,79.5,0.0,221,2
2015-07-25 11:00:00,707,70.6,80.6,0.0,256,2
2015-07-25 11:15:00,261,82.6,78.6,0.01,273,3
2015-07-25 11:30:00,242,87.3,76.2,0.01,192,2
2015-07-25 11:45:00,591,86.0,76.7,0.0,227,1
2015-07-25 12:00:00,778,76.4,79.5,0.0,247,2
2015-07-25 12:15:00,740,75.6,80.2,0.0,242,2
2015-07-25 12:30:00,483,76.9,79.9,0.0,197,2
2015-07-25 12:45:00,407,76.2,79.5,0.0,254,2
2015-07-25 13:00:00,571,73.6,79.7,0.0,196,2
2015-07-25 13:15:00,584,72.8,80.9,0.0,232,2
2015-07-25 13:30:00,420,73.8,80.6,0.0,223,2
2015-07-25 13:45:00,687,70.2,81.0,0.0,256,3
2015-07-25 14:00:00,244,76.2,79.7,0.0,265,2
2015-07-25 14:15:00,304,76.9,78.5,0.0,278,2
2015-07-25 14:30:00,234,76.9,78.8,0.0,256,3
2015-07-25 14:45:00,265,76.8,78.8,0.0,266,3
2015-07-25 15:00:00,297,76.0,78.4,0.0,173,2
2015-07-25 15:15:00,319,75.4,79.3,0.0,282,2
2015-07-25 15:30:00,165,78.7,78.3,0.0,244,2
2015-07-25 15:45:00,114,80.4,77.8,0.0,240,3
2015-07-25 16:00:00,147,83.5,77.1,0.0,261,3
2015-07-25 16:15:00,127,82.3,77.0,0.0,204,3
2015-07-25 16:30:00,76,86.9,76.0,0.0,194,1
2015-07-25 16:45:00,93,83.5,76.5,0.0,208,3
2015-07-25 17:00:00,38,84.3,76.8,0.0,200,3
2015-07-25 17:15:00,46,86.5,76.6,0.01,183,3
2015-07-25 17:30:00,28,86.0,76.0,0.0,170,1
2015-07-25 17:45:00,10,87.1,75.8,0.0,148,1
2015-07-25 18:00:00,2,87.1,75.6,0.0,132,0
2015-07-25 18:15:00,0,85.7,75.9,0.0,245,2
2015-07-25 18:30:00,0,90.4,74.8,0.04,234,3
2015-07-25 18:45:00,0,92.0,74.1,0.02,183,1
2015-07-25 19:00:00,0,87.9,74.9,0.0,180,2
2015-07-25 19:15:00,0,87.1,75.5,0.02,176,2
2015-07-25 19:30:00,0,92.4,74.5,0.01,231,2
2015-07-25 19:45:00,0,92.1,74.7,0.01,251,2
2015-07-25 20:00:00,0,93.7,74.1,0.01,252,2
2015-07-25 20:15:00,0,92.4,74.4,0.0,217,3
2015-07-25 20:30:00,0,92.4,74.4,0.0,272,2
2015-07-25 20:45:00,0,91.6,74.5,0.0,190,1
2015-07-25 21:00:00,0,91.2,74.8,0.01,177,2
2015-07-25 21:15:00,0,91.2,74.7,0.0,237,2
2015-07-25 21:30:00,0,88.2,74.9,0.0,213,3
2015-07-25 21:45:00,0,90.1,75.0,0.01,259,3
2015-07-25 22:00:00,0,93.9,74.3,0.05,227,2
2015-07-25 22:15:00,0,94.5,73.4,0.01,213,1
2015-07-25 22:30:00,0,93.7,73.8,0.04,223,2
2015-07-25 22:45:00,0,94.9,73.2,0.13,214,2
2015-07-25 23:00:00,0,96.8,72.9,0.07,210,2
2015-07-25 23:15:00,0,97.5,73.0,0.14,249,2
2015-07-25 23:30:00,0,98.3,73.2,0.02,258,2
2015-07-25 23:45:00,0,97.3,73.9,0.1,182,2
2015-07-26 00:00:00,0,95.4,73.9,0.0,220,2
2015-07-26 00:15:00,0,94.5,74.2,0.01,224,3
2015-07-26 00:30:00,0,94.2,74.0,0.0,258,2
2015-07-26 00:45:00,0,93.8,74.0,0.0,258,2
2015-07-26 01:00:00,0,88.5,74.6,0.0,179,3
2015-07-26 01:15:00,0,88.8,75.0,0.0,247,3
2015-07-26 01:30:00,0,93.5,73.8,0.1,247,3
2015-07-26 01:45:00,0,93.8,73.0,0.03,182,2
2015-07-26 02:00:00,0,96.1,73.2,0.01,220,1
2015-07-26 02:15:00,0,93.4,74.0,0.0,218,2
2015-07-26 02:30:00,0,93.8,74.2,0.0,241,4
2015-07-26 02:45:00,0,90.8,74.6,0.0,206,3
2015-07-26 03:00:00,0,91.9,74.0,0.01,232,2
2015-07-26 03:15:00,0,92.0,73.9,0.01,247,2
2015-07-26 03:30:00,0,92.4,73.8,0.0,285,2
2015-07-26 03:45:00,0,89.5,74.3,0.0,224,1
2015-07-26 04:00:00,0,91.2,74.4,0.0,213,2
2015-07-26 04:15:00,0,89.1,74.7,0.0,223,2
2015-07-26 04:30:00,0,87.1,75.0,0.0,175,2
2015-07-26 04:45:00,0,87.3,75.1,0.0,251,3
2015-07-26 05:00:00,0,86.7,75.0,0.0,224,2
2015-07-26 05:15:00,0,84.7,75.5,0.0,214,3
2015-07-26 05:30:00,0,85.2,75.6,0.0,230,3
2015-07-26 05:45:00,0,85.5,75.5,0.0,242,4
2015-07-26 06:00:00,0,83.9,75.8,0.0,230,4
2015-07-26 06:15:00,0,88.4,75.3,0.01,232,3
2015-07-26 06:30:00,0,92.5,74.1,0.0,249,1
2015-07-26 06:45:00,0,90.9,74.0,0.0,228,2
2015-07-26 07:00:00,2,88.1,74.6,0.0,242,2
2015-07-26 07:15:00,5,86.9,75.0,0.0,240,2
2015-07-26 07:30:00,12,86.6,75.0,0.0,242,3
2015-07-26 07:45:00,13,86.3,75.3,0.0,220,3
2015-07-26 08:00:00,11,85.8,75.6,0.0,279,4
2015-07-26 08:15:00,46,88.4,74.1,0.01,218,3
2015-07-26 08:30:00,48,90.4,74.1,0.0,248,2
2015-07-26 08:45:00,83,88.2,74.6,0.0,242,2
2015-07-26 09:00:00,106,84.9,75.4,0.0,262,4
2015-07-26 09:15:00,124,84.7,75.8,0.0,224,4
2015-07-26 09:30:00,115,84.4,76.1,0.0,255,3
2015-07-26 09:45:00,188,85.3,75.3,0.0,210,2
2015-07-26 10:00:00,97,87.7,75.1,0.01,262,2
2015-07-26 10:15:00,177,92.6,74.4,0.03,224,2
2015-07-26 10:30:00,192,90.4,75.3,0.04,192,2
2015-07-26 10:45:00,258,91.4,74.9,0.0,230,1
2015-07-26 11:00:00,215,91.9,75.4,0.0,223,3
2015-07-26 11:15:00,257,88.3,76.1,0.0,261,3
2015-07-26 11:30:00,320,86.9,77.0,0.0,249,2
2015-07-26 11:45:00,209,88.3,76.5,0.04,247,2
2015-07-26 12:00:00,356,87.8,76.3,0.0,245,2
2015-07-26 12:15:00,291,87.3,76.7,0.0,265,3
2015-07-26 12:30:00,389,81.4,77.5,0.0,251,2
2015-07-26 12:45:00,574,78.4,78.9,0.0,165,1
2015-07-26 13:00:00,292,83.2,78.9,0.06,245,2
2015-07-26 13:15:00,461,86.9,76.7,0.0,261,2
2015-07-26 13:30:00,231,88.1,76.6,0.01,220,2
2015-07-26 13:45:00,341,90.1,76.2,0.0,186,2
2015-07-26 14:00:00,284,86.9,77.1,0.0,258,1
2015-07-26 14:15:00,253,84.9,77.2,0.0,232,1
2015-07-26 14:30:00,226,84.0,77.3,0.0,279,3
2015-07-26 14:45:00,293,83.3,77.6,0.0,244,2
2015-07-26 15:00:00,211,87.8,76.1,0.0,265,1
2015-07-26 15:15:00,334,85.4,76.9,0.0,221,1
2015-07-26 15:30:00,264,82.5,77.5,0.0,235,4
2015-07-26 15:45:00,165,84.4,77.2,0.0,220,2
2015-07-26 16:00:00,160,87.1,76.2,0.02,269,1
2015-07-26 16:15:00,164,87.0,75.7,0.0,238,2
2015-07-26 16:30:00,153,85.8,76.0,0.0,272,2
2015-07-26 16:45:00,98,85.7,76.1,0.0,265,3
2015-07-26 17:00:00,55,88.0,75.2,0.01,268,2
2015-07-26 17:15:00,64,86.9,75.6,0.0,232,2
2015-07-26 17:30:00,42,85.2,75.7,0.0,293,3
2015-07-26 17:45:00,28,83.3,76.0,0.0,241,2
2015-07-26 18:00:00,27,81.7,76.7,0.0,176,4
2015-07-26 18:15:00,4,86.3,75.2,0.0,189,2
2015-07-26 18:30:00,0,85.1,75.2,0.0,224,3
2015-07-26 18:45:00,0,88.2,75.5,0.0,240,3
2015-07-26 19:00:00,0,91.0,74.5,0.0,247,2
2015-07-26 19:15:00,0,88.8,75.0,0.01,218,2
2015-07-26 19:30:00,0,88.3,74.6,0.01,204,1
2015-07-26 19:45:00,0,87.3,74.7,0.0,249,2
2015-07-26 20:00:00,0,86.0,75.3,0.0,221,2
2015-07-26 20:15:00,0,88.3,75.2,0.01,216,1
2015-07-26 20:30:00,0,92.4,73.9,0.0,231,2
2015-07-26 20:45:00,0,89.3,74.3,0.0,227,4
2015-07-26 21:00:00,0,91.9,74.3,0.02,255,3
2015-07-26 21:15:00,0,93.6,73.8,0.04,247,2
2015-07-26 21:30:00,0,94.5,73.7,0.01,192,2
2015-07-26 21:45:00,0,95.1,73.8,0.0,254,3
2015-07-26 22:00:00,0,93.0,74.3,0.0,221,2
2015-07-26 22:15:00,0,91.4,74.6,0.0,285,3
2015-07-26 22:30:00,0,91.4,74.7,0.02,264,3
2015-07-26 22:45:00,0,90.9,74.4,0.0,217,3
2015-07-26 23:00:00,0,87.8,74.4,0.0,261,2
2015-07-26 23:15:00,0,89.0,74.6,0.0,255,2
2015-07-26 23:30:00,0,88.9,74.7,0.0,232,2
2015-07-26 23:45:00,0,87.8,74.8,0.0,247,3
2015-07-27 00:00:00,0,86.8,74.9,0.0,255,3
2015-07-27 00:15:00,0,87.3,75.0,0.0,232,2
2015-07-27 00:30:00,0,84.3,75.4,0.0,218,4
2015-07-27 00:45:00,0,82.7,75.8,0.0,231,3
2015-07-27 01:00:00,0,82.5,75.9,0.0,204,2
2015-07-27 01:15:00,0,85.0,75.7,0.01,220,3
2015-07-27 01:30:00,0,87.4,74.6,0.0,217,2
2015-07-27 01:45:00,0,88.0,74.3,0.0,244,2
2015-07-27 02:00:00,0,83.0,74.8,0.0,241,4
2015-07-27 02:15:00,0,83.5,75.3,0.0,244,2
2015-07-27 02:30:00,0,84.1,75.4,0.0,231,2
2015-07-27 02:45:00,0,86.3,74.6,0.0,220,1
2015-07-27 03:00:00,0,85.4,74.8,0.0,266,3
2015-07-27 03:15:00,0,84.1,74.9,0.0,190,2
2015-07-27 03:30:00,0,81.9,75.3,0.0,220,2
2015-07-27 03:45:00,0,84.9,75.1,0.01,240,2
2015-07-27 04:00:00,0,88.2,74.0,0.0,251,2
2015-07-27 04:15:00,0,86.9,74.2,0.0,187,1
2015-07-27 04:30:00,0,83.5,74.8,0.0,183,2
2015-07-27 04:45:00,0,83.6,75.1,0.0,179,2
2015-07-27 05:00:00,0,88.4,74.0,0.01,237,1
2015-07-27 05:15:00,0,88.5,73.9,0.0,248,1
2015-07-27 05:30:00,0,87.1,74.3,0.0,206,2
2015-07-27 05:45:00,0,85.8,74.7,0.0,199,2
2015-07-27 06:00:00,0,82.6,75.2,0.0,279,3
2015-07-27 06:15:00,0,83.7,75.2,0.0,187,1
2015-07-27 06:30:00,0,80.9,75.4,0.0,223,1
2015-07-27 06:45:00,0,86.8,74.9,0.02,265,2
2015-07-27 07:00:00,2,86.9,74.3,0.0,176,1
2015-07-27 07:15:00,9,83.8,74.9,0.0,176,0
2015-07-27 07:30:00,54,81.6,75.3,0.0,197,2
2015-07-27 07:45:00,64,82.7,75.4,0.0,251,1
2015-07-27 08:00:00,53,80.5,75.9,0.0,187,1
2015-07-27 08:15:00,101,78.1,76.3,0.0,197,2
2015-07-27 08:30:00,58,81.6,76.2,0.01,238,3
2015-07-27 08:45:00,135,84.5,75.4,0.0,221,1
2015-07-27 09:00:00,90,82.5,75.3,0.0,227,2
2015-07-27 09:15:00,131,78.7,75.9,0.0,206,2
2015-07-27 09:30:00,195,76.7,76.8,0.0,218,1
2015-07-27 09:45:00,203,75.8,77.4,0.0,193,2
2015-07-27 10:00:00,178,75.0,77.2,0.0,251,2
2015-07-27 10:15:00,230,73.1,77.6,0.0,252,2
2015-07-27 10:30:00,360,72.9,78.3,0.0,190,2
2015-07-27 10:45:00,327,71.3,78.7,0.0,244,2
2015-07-27 11:00:00,183,72.1,77.8,0.0,244,2
2015-07-27 11:15:00,322,71.7,77.8,0.0,262,3
2015-07-27 11:30:00,283,71.8,78.3,0.0,249,3
2015-07-27 11:45:00,558,70.8,79.2,0.0,224,2
2015-07-27 12:00:00,512,71.1,79.7,0.0,244,3
2015-07-27 12:15:00,425,71.4,79.5,0.0,247,3
2015-07-27 12:30:00,407,70.7,79.3,0.0,232,2
2015-07-27 12:45:00,407,71.1,79.4,0.0,249,3
2015-07-27 13:00:00,321,78.6,77.0,0.0,259,2
2015-07-27 13:15:00,233,83.1,76.5,0.04,264,2
2015-07-27 13:30:00,146,87.8,74.6,0.02,279,2
2015-07-27 13:45:00,347,84.0,75.7,0.0,194,1
2015-07-27 14:00:00,340,80.3,77.2,0.0,234,2
2015-07-27 14:15:00,229,79.6,76.9,0.0,186,1
2015-07-27 14:30:00,250,80.1,77.0,0.0,231,2
2015-07-27 14:45:00,145,80.9,76.7,0.0,245,2
2015-07-27 15:00:00,263,77.0,76.9,0.0,252,2
2015-07-27 15:15:00,149,77.5,77.3,0.0,221,2
2015-07-27 15:30:00,203,74.2,77.5,0.0,203,1
2015-07-27 15:45:00,188,75.1,77.9,0.0,214,1
2015-07-27 16:00:00,102,76.0,77.4,0.0,264,2
2015-07-27 16:15:00,87,74.2,77.3,0.0,228,1
2015-07-27 16:30:00,83,75.7,77.3,0.0,223,2
2015-07-27 16:45:00,120,75.5,77.4,0.0,213,1
2015-07-27 17:00:00,84,76.1,77.3,0.0,256,1
2015-07-27 17:15:00,96,74.7,77.4,0.0,204,1
2015-07-27 17:30:00,59,73.5,77.3,0.0,224,1
2015-07-27 17:45:00,45,73.6,77.2,0.0,221,1
2015-07-27 18:00:00,18,73.2,77.0,0.0,249,2
2015-07-27 18:15:00,4,73.6,77.0,0.0,194,2
2015-07-27 18:30:00,0,74.2,76.9,0.0,268,2
2015-07-27 18:45:00,0,73.6,76.8,0.0,235,1
2015-07-27 19:00:00,0,75.3,76.6,0.0,224,1
2015-07-27 19:15:00,0,73.6,76.7,0.0,258,2
2015-07-27 19:30:00,0,73.4,76.8,0.0,203,1
2015-07-27 19:45:00,0,73.6,76.9,0.0,201,1
2015-07-27 20:00:00,0,75.5,76.9,0.0,248,2
2015-07-27 20:15:00,0,75.4,76.9,0.0,149,0
2015-07-27 20:30:00,0,74.8,76.9,0.0,144,2
2015-07-27 20:45:00,0,74.6,76.9,0.0,247,1
2015-07-27 21:00:00,0,77.2,76.9,0.0,247,2
2015-07-27 21:15:00,0,77.4,76.7,0.0,234,2
2015-07-27 21:30:00,0,78.3,76.5,0.0,251,2
2015-07-27 21:45:00,0,79.6,76.1,0.0,295,2
2015-07-27 22:00:00,0,80.2,76.1,0.0,271,2
2015-07-27 22:15:00,0,78.9,76.2,0.0,241,2
2015-07-27 22:30:00,0,78.0,76.4,0.0,276,2
2015-07-27 22:45:00,0,75.1,76.6,0.0,220,2
2015-07-27 23:00:00,0,75.1,76.7,0.0,204,1
2015-07-27 23:15:00,0,80.1,76.6,0.03,196,1
2015-07-27 23:30:00,0,85.3,74.9,0.0,242,1
2015-07-27 23:45:00,0,85.1,74.6,0.0,203,0
2015-07-28 00:00:00,0,83.7,75.0,0.0,216,1
2015-07-28 00:15:00,0,83.2,75.6,0.0,211,2
2015-07-28 00:30:00,0,82.8,75.1,0.0,244,1
2015-07-28 00:45:00,0,83.5,75.1,0.0,241,1
2015-07-28 01:00:00,0,82.5,75.3,0.0,255,1
2015-07-28 01:15:00,0,80.7,75.4,0.0,204,1
2015-07-28 01:30:00,0,79.4,75.6,0.0,269,3
2015-07-28 01:45:00,0,79.2,75.6,0.0,179,1
2015-07-28 02:00:00,0,78.7,75.6,0.0,238,1
2015-07-28 02:15:00,0,78.9,75.7,0.0,234,1
2015-07-28 02:30:00,0,76.9,75.8,0.0,221,2
2015-07-28 02:45:00,0,76.3,75.7,0.0,225,1
2015-07-28 03:00:00,0,77.1,75.6,0.0,217,1
2015-07-28 03:15:00,0,75.4,75.7,0.0,190,1
2015-07-28 03:30:00,0,74.9,75.9,0.0,173,1
2015-07-28 03:45:00,0,74.0,75.9,0.0,193,1
2015-07-28 04:00:00,0,75.1,75.9,0.0,241,2
2015-07-28 04:15:00,0,75.2,75.9,0.0,190,1
2015-07-28 04:30:00,0,76.1,75.7,0.0,237,1
2015-07-28 04:45:00,0,77.0,75.6,0.0,242,1
2015-07-28 05:00:00,0,76.4,75.7,0.0,247,2
2015-07-28 05:15:00,0,76.2,75.7,0.0,237,2
2015-07-28 05:30:00,0,75.0,75.8,0.0,165,2
2015-07-28 05:45:00,0,75.5,75.7,0.0,256,1
2015-07-28 06:00:00,0,74.5,75.7,0.0,216,2
2015-07-28 06:15:00,0,74.4,75.7,0.0,242,2
2015-07-28 06:30:00,0,74.3,75.8,0.0,258,3
2015-07-28 06:45:00,0,73.0,75.7,0.0,182,1
2015-07-28 07:00:00,2,72.6,75.7,0.0,244,1
2015-07-28 07:15:00,13,71.7,75.7,0.0,245,1
2015-07-28 07:30:00,27,72.4,75.8,0.0,193,1
2015-07-28 07:45:00,37,70.8,75.7,0.0,141,1
2015-07-28 08:00:00,50,70.4,75.9,0.0,213,2
2015-07-28 08:15:00,51,72.7,76.0,0.0,225,1
2015-07-28 08:30:00,76,70.8,76.0,0.0,169,1
2015-07-28 08:45:00,143,69.5,76.4,0.0,237,1
2015-07-28 09:00:00,191,69.0,77.1,0.0,204,1
2015-07-28 09:15:00,123,70.9,76.7,0.0,242,1
2015-07-28 09:30:00,192,69.8,76.9,0.0,228,1
2015-07-28 09:45:00,179,70.6,77.4,0.0,207,0
2015-07-28 10:00:00,164,70.8,77.0,0.0,200,1
2015-07-28 10:15:00,306,72.2,77.0,0.0,170,1
2015-07-28 10:30:00,743,64.1,79.6,0.0,234,2
2015-07-28 10:45:00,555,63.9,80.5,0.0,251,2
2015-07-28 11:00:00,436,66.0,79.1,0.0,231,2
2015-07-28 11:15:00,358,65.7,78.8,0.0,224,2
2015-07-28 11:30:00,323,65.8,79.1,0.0,187,1
2015-07-28 11:45:00,253,67.8,78.3,0.0,187,1
2015-07-28 12:00:00,409,64.8,78.7,0.0,196,1
2015-07-28 12:15:00,301,66.4,78.7,0.0,225,1
2015-07-28 12:30:00,436,65.5,78.8,0.0,231,1
2015-07-28 12:45:00,381,66.0,79.0,0.0,244,1
2015-07-28 13:00:00,630,63.9,79.4,0.0,220,1
2015-07-28 13:15:00,644,61.2,81.2,0.0,231,1
2015-07-28 13:30:00,685,59.0,81.6,0.0,207,0
2015-07-28 13:45:00,747,58.2,82.3,0.0,227,1
2015-07-28 14:00:00,559,61.5,81.0,0.0,241,2
2015-07-28 14:15:00,541,60.2,80.8,0.0,213,1
2015-07-28 14:30:00,511,62.4,80.3,0.0,208,1
2015-07-28 14:45:00,486,60.5,80.6,0.0,186,1
2015-07-28 15:00:00,479,62.4,79.5,0.0,221,2
2015-07-28 15:15:00,532,59.7,80.9,0.0,259,1
2015-07-28 15:30:00,479,60.0,80.2,0.0,184,1
2015-07-28 15:45:00,451,56.8,80.7,0.0,213,1
2015-07-28 16:00:00,371,57.8,80.6,0.0,162,1
2015-07-28 16:15:00,297,59.7,79.4,0.0,238,1
2015-07-28 16:30:00,223,60.0,79.1,0.0,228,1
2015-07-28 16:45:00,179,59.9,78.7,0.0,207,0
2015-07-28 17:00:00,114,62.0,78.1,0.0,163,0
2015-07-28 17:15:00,91,62.6,77.9,0.0,230,1
2015-07-28 17:30:00,51,63.9,77.5,0.0,290,0
2015-07-28 17:45:00,39,63.9,77.1,0.0,210,0
2015-07-28 18:00:00,19,63.1,77.1,0.0,197,0
2015-07-28 18:15:00,5,63.9,76.7,0.0,216,1
2015-07-28 18:30:00,0,64.7,76.4,0.0,213,0
2015-07-28 18:45:00,0,64.4,76.4,0.0,237,0
2015-07-28 19:00:00,0,64.0,76.3,0.0,182,0
2015-07-28 19:15:00,0,64.6,76.4,0.0,224,0
2015-07-28 19:30:00,0,66.5,76.3,0.0,238,0
2015-07-28 19:45:00,0,64.9,76.5,0.0,230,0
2015-07-28 20:00:00,0,67.3,76.4,0.0,201,0
2015-07-28 20:15:00,0,68.2,75.5,0.0,187,0
2015-07-28 20:30:00,0,69.2,75.8,0.0,238,0
2015-07-28 20:45:00,0,70.8,75.0,0.0,261,0
2015-07-28 21:00:00,0,71.0,75.0,0.0,151,0
2015-07-28 21:15:00,0,70.3,75.3,0.0,190,0
2015-07-28 21:30:00,0,73.7,75.2,0.0,241,0
2015-07-28 21:45:00,0,71.0,75.2,0.0,206,1
2015-07-28 22:00:00,0,74.0,75.3,0.0,208,0
2015-07-28 22:15:00,0,74.3,74.7,0.0,146,0
2015-07-28 22:30:00,0,74.0,75.0,0.0,228,0
2015-07-28 22:45:00,0,74.0,75.3,0.0,225,0
2015-07-28 23:00:00,0,75.0,74.6,0.0,241,0
2015-07-28 23:15:00,0,74.9,75.1,0.0,148,0
2015-07-28 23:30:00,0,74.3,75.2,0.0,216,0
2015-07-28 23:45:00,0,74.5,75.1,0.0,160,0
2015-07-29 00:00:00,0,73.3,75.5,0.0,230,0
2015-07-29 00:15:00,0,70.6,76.4,0.0,176,3
2015-07-29 00:30:00,0,71.8,77.0,0.0,183,3
2015-07-29 00:45:00,0,71.8,76.4,0.0,214,1
2015-07-29 01:00:00,0,73.0,76.5,0.0,231,0
2015-07-29 01:15:00,0,72.5,76.2,0.0,242,2
2015-07-29 01:30:00,0,70.8,76.5,0.0,168,1
2015-07-29 01:45:00,0,73.4,76.7,0.0,265,0
2015-07-29 02:00:00,0,75.1,76.0,0.0,204,0
2015-07-29 02:15:00,0,74.2,76.1,0.0,146,0
2015-07-29 02:30:00,0,74.3,76.0,0.0,249,1
2015-07-29 02:45:00,0,75.1,75.7,0.0,240,0
2015-07-29 03:00:00,0,75.8,75.2,0.0,163,0
2015-07-29 03:15:00,0,74.4,75.1,0.0,224,0
2015-07-29 03:30:00,0,72.4,76.0,0.0,182,3
2015-07-29 03:45:00,0,74.7,75.8,0.0,223,1
2015-07-29 04:00:00,0,74.6,75.8,0.0,264,1
2015-07-29 04:15:00,0,74.3,75.8,0.0,148,0
2015-07-29 04:30:00,0,74.2,76.0,0.0,247,0
2015-07-29 04:45:00,0,72.9,76.0,0.0,211,1
2015-07-29 05:00:00,0,75.0,75.7,0.0,189,0
2015-07-29 05:15:00,0,74.3,75.7,0.0,237,0
2015-07-29 05:30:00,0,74.2,75.3,0.0,216,0
2015-07-29 05:45:00,0,74.9,75.4,0.0,187,0
2015-07-29 06:00:00,0,70.5,75.7,0.0,196,2
2015-07-29 06:15:00,0,73.7,76.4,0.0,217,1
2015-07-29 06:30:00,0,74.6,76.2,0.0,196,0
2015-07-29 06:45:00,0,75.9,76.1,0.0,235,1
2015-07-29 07:00:00,5,75.4,76.3,0.0,244,1
2015-07-29 07:15:00,13,75.9,75.8,0.0,289,0
2015-07-29 07:30:00,20,76.2,75.7,0.0,254,0
2015-07-29 07:45:00,27,75.0,76.3,0.0,207,1
2015-07-29 08:00:00,42,74.8,76.7,0.0,230,1
2015-07-29 08:15:00,98,74.2,77.0,0.0,276,1
2015-07-29 08:30:00,115,74.9,77.2,0.0,249,1
2015-07-29 08:45:00,132,74.2,77.4,0.0,242,1
2015-07-29 09:00:00,395,70.6,78.6,0.0,213,1
2015-07-29 09:15:00,289,68.6,80.2,0.0,199,1
2015-07-29 09:30:00,270,70.6,79.4,0.0,255,1
2015-07-29 09:45:00,515,67.9,80.4,0.0,272,1
2015-07-29 10:00:00,661,64.2,82.3,0.0,241,1
2015-07-29 10:15:00,318,67.0,81.1,0.0,221,1
2015-07-29 10:30:00,424,67.2,80.3,0.0,163,0
2015-07-29 10:45:00,427,67.3,81.1,0.0,197,1
2015-07-29 11:00:00,369,67.8,80.9,0.0,200,1
2015-07-29 11:15:00,381,68.2,80.5,0.0,220,1
2015-07-29 11:30:00,448,67.8,80.9,0.0,256,1
2015-07-29 11:45:00,435,67.0,80.6,0.0,244,1
2015-07-29 12:00:00,239,69.7,79.7,0.0,247,2
2015-07-29 12:15:00,323,69.6,78.7,0.0,214,2
2015-07-29 12:30:00,678,65.3,80.0,0.0,224,3
2015-07-29 12:45:00,356,67.4,80.6,0.0,234,1
2015-07-29 13:00:00,609,64.7,80.9,0.0,176,1
2015-07-29 13:15:00,711,62.9,81.7,0.0,235,2
2015-07-29 13:30:00,513,62.6,83.1,0.0,221,1
2015-07-29 13:45:00,275,65.7,80.9,0.0,200,1
2015-07-29 14:00:00,114,68.7,79.1,0.0,238,1
2015-07-29 14:15:00,243,66.7,78.9,0.0,182,0
2015-07-29 14:30:00,476,63.9,80.2,0.0,251,1
2015-07-29 14:45:00,408,62.7,82.2,0.0,238,0
2015-07-29 15:00:00,179,66.8,80.2,0.0,199,0
2015-07-29 15:15:00,147,68.9,79.2,0.0,197,1
2015-07-29 15:30:00,142,69.3,78.9,0.0,224,1
2015-07-29 15:45:00,165,68.6,79.1,0.0,186,1
2015-07-29 16:00:00,139,70.1,78.9,0.0,244,1
2015-07-29 16:15:00,86,71.0,78.7,0.0,255,1
2015-07-29 16:30:00,36,72.2,78.0,0.0,221,1
2015-07-29 16:45:00,59,70.8,77.9,0.0,238,1
2015-07-29 17:00:00,79,69.8,78.0,0.0,201,1
2015-07-29 17:15:00,68,70.7,78.0,0.0,213,2
2015-07-29 17:30:00,53,69.3,77.8,0.0,230,2
2015-07-29 17:45:00,27,69.1,77.6,0.0,213,1
2015-07-29 18:00:00,21,69.2,77.5,0.0,230,1
2015-07-29 18:15:00,2,68.7,77.4,0.0,192,1
2015-07-29 18:30:00,0,70.2,77.4,0.0,160,1
2015-07-29 18:45:00,0,70.1,77.5,0.0,194,2
2015-07-29 19:00:00,0,70.7,77.3,0.0,145,1
2015-07-29 19:15:00,0,70.0,77.2,0.0,194,0
2015-07-29 19:30:00,0,70.9,77.1,0.0,218,1
2015-07-29 19:45:00,0,70.9,77.1,0.0,177,0
2015-07-29 20:00:00,0,69.6,77.0,0.0,193,1
2015-07-29 20:15:00,0,70.3,77.0,0.0,196,0
2015-07-29 20:30:00,0,70.5,77.0,0.0,196,1
2015-07-29 20:45:00,0,69.7,77.0,0.0,175,1
2015-07-29 21:00:00,0,70.8,77.0,0.0,184,1
2015-07-29 21:15:00,0,70.7,76.9,0.0,160,1
2015-07-29 21:30:00,0,70.7,76.8,0.0,151,1
2015-07-29 21:45:00,0,70.8,76.7,0.0,180,1
2015-07-29 22:00:00,0,71.1,76.8,0.0,194,2
2015-07-29 22:15:00,0,71.6,76.6,0.0,169,1
2015-07-29 22:30:00,0,71.5,76.7,0.0,231,2
2015-07-29 22:45:00,0,71.7,76.7,0.0,232,1
2015-07-29 23:00:00,0,70.8,76.9,0.0,176,2
2015-07-29 23:15:00,0,69.9,76.8,0.0,218,1
2015-07-29 23:30:00,0,71.0,76.7,0.0,227,1
2015-07-29 23:45:00,0,71.2,76.8,0.0,208,1
2015-07-30 00:00:00,0,70.2,76.9,0.0,155,2
2015-07-30 00:15:00,0,70.9,77.1,0.0,201,1
2015-07-30 00:30:00,0,71.9,76.9,0.0,201,1
2015-07-30 00:45:00,0,72.2,77.0,0.0,200,1
2015-07-30 01:00:00,0,71.9,76.9,0.0,218,1
2015-07-30 01:15:00,0,72.6,76.9,0.0,203,1
2015-07-30 01:30:00,0,73.5,76.7,0.0,235,1
2015-07-30 01:45:00,0,73.2,76.4,0.0,228,1
2015-07-30 02:00:00,0,72.9,76.4,0.0,189,1
2015-07-30 02:15:00,0,72.4,76.3,0.0,192,1
2015-07-30 02:30:00,0,72.0,76.3,0.0,232,1
2015-07-30 02:45:00,0,71.6,76.7,0.0,207,3
2015-07-30 03:00:00,0,72.4,76.7,0.0,208,2
2015-07-30 03:15:00,0,72.5,76.4,0.0,214,1
2015-07-30 03:30:00,0,72.8,76.2,0.0,256,1
2015-07-30 03:45:00,0,72.8,76.1,0.0,248,1
2015-07-30 04:00:00,0,71.9,76.1,0.0,223,1
2015-07-30 04:15:00,0,71.2,76.2,0.0,216,1
2015-07-30 04:30:00,0,72.1,76.4,0.0,244,1
2015-07-30 04:45:00,0,76.3,75.6,0.0,248,1
2015-07-30 05:00:00,0,72.7,75.5,0.0,218,1
2015-07-30 05:15:00,0,79.2,75.4,0.0,230,3
2015-07-30 05:30:00,0,78.9,74.4,0.0,166,4
2015-07-30 05:45:00,0,74.8,75.0,0.0,234,3
2015-07-30 06:00:00,0,73.3,76.0,0.0,200,2
2015-07-30 06:15:00,0,72.7,75.9,0.0,247,2
2015-07-30 06:30:00,0,73.5,76.0,0.0,223,2
2015-07-30 06:45:00,0,71.7,76.0,0.0,216,2
2015-07-30 07:00:00,1,72.0,76.0,0.0,265,1
2015-07-30 07:15:00,5,70.9,76.1,0.0,217,1
2015-07-30 07:30:00,13,73.4,76.3,0.0,224,1
2015-07-30 07:45:00,35,72.9,76.4,0.0,207,1
2015-07-30 08:00:00,41,73.7,76.3,0.0,227,2
2015-07-30 08:15:00,47,73.3,76.4,0.0,228,1
2015-07-30 08:30:00,67,72.3,76.9,0.0,251,3
2015-07-30 08:45:00,85,76.3,76.8,0.0,272,2
2015-07-30 09:00:00,96,77.7,76.4,0.0,258,2
2015-07-30 09:15:00,115,76.7,76.6,0.0,244,1
2015-07-30 09:30:00,172,74.7,77.4,0.0,182,1
2015-07-30 09:45:00,253,70.8,78.1,0.0,172,1
2015-07-30 10:00:00,285,69.4,78.8,0.0,217,1
2015-07-30 10:15:00,301,71.1,78.9,0.0,220,1
2015-07-30 10:30:00,344,71.8,79.5,0.0,206,1
2015-07-30 10:45:00,446,71.2,79.9,0.0,168,2
2015-07-30 11:00:00,743,69.2,80.7,0.0,218,2
2015-07-30 11:15:00,656,64.9,81.9,0.0,218,2
2015-07-30 11:30:00,342,73.1,80.8,0.0,225,2
2015-07-30 11:45:00,336,73.4,79.9,0.0,159,1
2015-07-30 12:00:00,362,72.0,80.3,0.0,207,1
2015-07-30 12:15:00,387,72.8,79.3,0.0,163,1
2015-07-30 12:30:00,617,68.1,81.1,0.0,183,1
2015-07-30 12:45:00,236,73.6,78.8,0.0,262,8
2015-07-30 13:00:00,297,76.3,78.5,0.0,203,1
2015-07-30 13:15:00,462,71.5,79.9,0.0,187,1
2015-07-30 13:30:00,385,71.2,81.1,0.0,210,1
2015-07-30 13:45:00,209,74.6,79.2,0.0,190,0
2015-07-30 14:00:00,209,75.1,78.9,0.0,234,0
2015-07-30 14:15:00,349,74.6,79.2,0.0,213,1
2015-07-30 14:30:00,189,77.3,79.4,0.0,203,1
2015-07-30 14:45:00,325,78.5,77.8,0.0,189,3
2015-07-30 15:00:00,252,75.9,78.7,0.0,183,1
2015-07-30 15:15:00,129,78.9,78.5,0.0,172,1
2015-07-30 15:30:00,94,83.5,77.1,0.0,186,1
2015-07-30 15:45:00,82,82.5,76.8,0.0,203,0
2015-07-30 16:00:00,68,82.6,77.0,0.0,264,0
2015-07-30 16:15:00,98,85.9,76.6,0.0,262,1
2015-07-30 16:30:00,60,87.5,75.7,0.03,210,0
2015-07-30 16:45:00,39,88.7,75.3,0.02,268,0
2015-07-30 17:00:00,31,88.1,74.9,0.03,221,2
2015-07-30 17:15:00,28,89.9,75.2,0.01,197,1
2015-07-30 17:30:00,17,89.0,75.2,0.01,237,2
2015-07-30 17:45:00,9,90.8,74.8,0.01,230,1
2015-07-30 18:00:00,3,93.3,74.5,0.04,182,1
2015-07-30 18:15:00,0,93.7,74.2,0.04,217,1
2015-07-30 18:30:00,0,94.9,74.0,0.07,225,0
2015-07-30 18:45:00,0,94.8,73.8,0.03,262,1
2015-07-30 19:00:00,0,94.8,74.0,0.01,189,1
2015-07-30 19:15:00,0,95.1,74.1,0.0,288,1
2015-07-30 19:30:00,0,93.2,74.3,0.0,148,1
2015-07-30 19:45:00,0,93.7,74.3,0.0,266,1
2015-07-30 20:00:00,0,90.4,75.0,0.01,201,4
2015-07-30 20:15:00,0,93.1,75.0,0.0,216,2
2015-07-30 20:30:00,0,93.0,74.7,0.0,179,0
2015-07-30 20:45:00,0,92.5,74.8,0.0,249,1
2015-07-30 21:00:00,0,92.6,74.7,0.0,208,0
2015-07-30 21:15:00,0,91.7,75.0,0.01,179,1
2015-07-30 21:30:00,0,90.4,75.2,0.0,206,1
2015-07-30 21:45:00,0,92.1,74.9,0.0,278,1
2015-07-30 22:00:00,0,93.0,74.9,0.03,165,1
2015-07-30 22:15:00,0,94.0,74.7,0.0,182,1
2015-07-30 22:30:00,0,93.9,74.7,0.0,204,1
2015-07-30 22:45:00,0,92.7,74.7,0.0,242,1
2015-07-30 23:00:00,0,88.0,75.3,0.0,245,1
2015-07-30 23:15:00,0,87.6,75.6,0.0,247,2
2015-07-30 23:30:00,0,87.8,75.7,0.0,192,1
2015-07-30 23:45:00,0,86.8,75.8,0.0,249,2
2015-07-31 00:00:00,0,87.5,76.1,0.0,241,2
2015-07-31 00:15:00,0,88.3,76.0,0.0,251,2
2015-07-31 00:30:00,0,87.3,76.0,0.0,228,2
2015-07-31 00:45:00,0,89.4,75.7,0.0,244,2
2015-07-31 01:00:00,0,88.1,75.6,0.0,231,1
2015-07-31 01:15:00,0,88.7,75.4,0.0,242,1
2015-07-31 01:30:00,0,87.5,75.6,0.0,218,1
2015-07-31 01:45:00,0,86.0,75.8,0.0,227,1
2015-07-31 02:00:00,0,86.8,75.7,0.0,248,1
2015-07-31 02:15:00,0,87.6,75.6,0.0,197,1
2015-07-31 02:30:00,0,89.4,75.3,0.02,135,1
2015-07-31 02:45:00,0,89.6,74.7,0.0,223,0
2015-07-31 03:00:00,0,87.8,75.0,0.0,165,1
2015-07-31 03:15:00,0,90.4,75.0,0.02,184,1
2015-07-31 03:30:00,0,92.8,74.3,0.03,156,1
2015-07-31 03:45:00,0,94.2,74.1,0.01,159,1
2015-07-31 04:00:00,0,94.6,74.0,0.0,231,1
2015-07-31 04:15:00,0,93.2,74.4,0.0,271,2
2015-07-31 04:30:00,0,92.6,75.2,0.0,238,2
2015-07-31 04:45:00,0,90.7,75.1,0.0,217,1
2015-07-31 05:00:00,0,87.9,75.2,0.01,265,1
2015-07-31 05:15:00,0,89.7,75.2,0.0,245,1
2015-07-31 05:30:00,0,90.3,75.2,0.0,254,1
2015-07-31 05:45:00,0,91.4,75.0,0.0,184,0
2015-07-31 06:00:00,0,92.2,74.8,0.01,203,1
2015-07-31 06:15:00,0,91.4,74.4,0.0,193,1
2015-07-31 06:30:00,0,92.0,74.4,0.0,259,1
2015-07-31 06:45:00,0,89.4,74.7,0.01,203,1
2015-07-31 07:00:00,0,89.8,75.0,0.0,232,1
2015-07-31 07:15:00,2,87.0,75.4,0.0,203,2
2015-07-31 07:30:00,8,85.7,75.7,0.0,221,1
2015-07-31 07:45:00,18,86.3,75.7,0.0,242,1
2015-07-31 08:00:00,19,86.7,76.0,0.0,217,1
2015-07-31 08:15:00,28,88.1,75.6,0.0,197,1
2015-07-31 08:30:00,49,90.6,75.2,0.01,218,1
2015-07-31 08:45:00,68,90.5,75.1,0.02,197,1
2015-07-31 09:00:00,95,87.7,75.5,0.0,192,1
2015-07-31 09:15:00,96,87.5,75.7,0.0,186,1
2015-07-31 09:30:00,63,88.6,75.3,0.0,170,1
2015-07-31 09:45:00,90,90.1,75.3,0.0,224,1
2015-07-31 10:00:00,116,90.5,75.4,0.03,176,1
2015-07-31 10:15:00,157,89.5,75.2,0.0,251,1
2015-07-31 10:30:00,134,91.5,75.6,0.0,261,1
2015-07-31 10:45:00,146,89.3,76.0,0.0,216,1
2015-07-31 11:00:00,97,92.2,75.9,0.11,275,2
2015-07-31 11:15:00,237,94.0,75.0,0.03,190,1
2015-07-31 11:30:00,250,91.4,75.6,0.0,168,2
2015-07-31 11:45:00,188,91.5,75.7,0.0,220,1
2015-07-31 12:00:00,143,92.2,75.5,0.02,199,1
2015-07-31 12:15:00,213,92.9,75.6,0.0,196,1
2015-07-31 12:30:00,219,91.8,75.7,0.0,231,1
2015-07-31 12:45:00,182,89.2,76.0,0.0,182,1
2015-07-31 13:00:00,135,87.6,76.2,0.0,193,1
2015-07-31 13:15:00,228,86.7,76.3,0.0,200,1
2015-07-31 13:30:00,265,84.9,77.1,0.0,213,2
2015-07-31 13:45:00,186,83.8,77.6,0.0,189,1
2015-07-31 14:00:00,161,83.8,77.3,0.0,199,1
2015-07-31 14:15:00,227,83.0,77.2,0.0,177,2
2015-07-31 14:30:00,282,80.0,78.2,0.0,199,1
2015-07-31 14:45:00,164,83.4,77.7,0.0,176,2
2015-07-31 15:00:00,149,85.0,77.4,0.0,302,2
2015-07-31 15:15:00,75,85.0,76.8,0.0,247,1
2015-07-31 15:30:00,49,85.9,76.5,0.0,224,1
2015-07-31 15:45:00,153,84.7,76.7,0.0,183,1
2015-07-31 16:00:00,128,82.9,77.1,0.0,162,1
2015-07-31 16:15:00,166,82.9,77.3,0.0,177,1
2015-07-31 16:30:00,94,90.8,76.0,0.05,220,2
2015-07-31 16:45:00,48,93.2,74.7,0.0,179,1
2015-07-31 17:00:00,31,94.3,74.8,0.0,235,1
2015-07-31 17:15:00,20,93.4,75.0,0.0,247,2
2015-07-31 17:30:00,19,90.9,75.1,0.0,192,1
2015-07-31 17:45:00,11,90.6,75.2,0.0,197,1
2015-07-31 18:00:00,3,89.7,75.3,0.0,166,1
2015-07-31 18:15:00,0,88.1,75.3,0.01,254,3
2015-07-31 18:30:00,0,92.1,74.3,0.0,241,1
2015-07-31 18:45:00,0,91.7,74.4,0.0,197,1
2015-07-31 19:00:00,0,87.8,75.0,0.0,180,1
2015-07-31 19:15:00,0,85.8,75.3,0.0,208,1
2015-07-31 19:30:00,0,85.4,75.3,0.0,252,1
2015-07-31 19:45:00,0,84.1,75.6,0.0,238,1
2015-07-31 20:00:00,0,84.5,75.6,0.0,231,2
2015-07-31 20:15:00,0,81.7,75.9,0.0,187,1
2015-07-31 20:30:00,0,81.9,76.0,0.0,182,1
2015-07-31 20:45:00,0,81.8,76.0,0.0,177,1
2015-07-31 21:00:00,0,80.7,76.3,0.0,173,1
2015-07-31 21:15:00,0,81.0,76.4,0.0,214,1
2015-07-31 21:30:00,0,80.2,76.4,0.0,206,1
2015-07-31 21:45:00,0,80.0,76.2,0.0,234,1
2015-07-31 22:00:00,0,79.1,76.4,0.0,240,1
2015-07-31 22:15:00,0,81.8,76.4,0.0,203,1
2015-07-31 22:30:00,0,86.5,75.4,0.05,201,1
2015-07-31 22:45:00,0,90.0,74.3,0.0,208,1
2015-07-31 23:00:00,0,88.7,74.5,0.0,159,0
2015-07-31 23:15:00,0,86.8,74.9,0.0,180,1
2015-07-31 23:30:00,0,85.8,75.2,0.0,206,1
2015-07-31 23:45:00,0,86.5,75.0,0.0,182,1
