Date/Time,Abs Pres (psi) c:1 2,Temp (°F) c:2,Coupler Detached,Coupler Attached,Host Connected,Stopped,End Of File
4/24/2016 17:30,15.0181,80.559,,,,,
4/24/2016 17:45,15.0131,78.449,,,,,
4/24/2016 18:00,15.0126,78.274,,,,,
4/24/2016 18:15,15.0081,78.274,,,,,
4/24/2016 18:30,15.0081,78.274,,,,,
4/24/2016 18:45,15.0102,78.274,,,,,
4/24/2016 19:00,15.0126,78.274,,,,,
4/24/2016 19:15,15.0237,78.274,,,,,
4/24/2016 19:30,15.0163,78.098,,,,,
4/24/2016 19:45,15.0163,78.098,,,,,
4/24/2016 20:00,15.0187,78.098,,,,,
4/24/2016 20:15,15.0321,78.098,,,,,
4/24/2016 20:30,15.0187,78.098,,,,,
4/24/2016 20:45,15.0163,78.098,,,,,
4/24/2016 21:00,15.0232,78.098,,,,,
4/24/2016 21:15,15.0226,77.923,,,,,
4/24/2016 21:30,15.0316,77.923,,,,,
4/24/2016 21:45,15.0247,77.923,,,,,
4/24/2016 22:00,15.0247,77.923,,,,,
4/24/2016 22:15,15.0271,77.923,,,,,
4/24/2016 22:30,15.0203,77.923,,,,,
4/24/2016 22:45,15.0316,77.923,,,,,
4/24/2016 23:00,15.0316,77.923,,,,,
4/24/2016 23:15,15.0316,77.923,,,,,
4/24/2016 23:30,15.0226,77.923,,,,,
4/24/2016 23:45,15.0181,77.923,,,,,
4/25/2016 0:00,15.0203,77.923,,,,,
4/25/2016 0:15,15.0158,77.923,,,,,
4/25/2016 0:30,15.0136,77.923,,,,,
4/25/2016 0:45,15.0085,77.749,,,,,
4/25/2016 1:00,15.0107,77.749,,,,,
4/25/2016 1:15,15.0175,77.749,,,,,
4/25/2016 1:30,15.0085,77.749,,,,,
4/25/2016 1:45,15.0107,77.749,,,,,
4/25/2016 2:00,15.004,77.749,,,,,
4/25/2016 2:15,14.9972,77.749,,,,,
4/25/2016 2:30,14.9972,77.749,,,,,
4/25/2016 2:45,14.9995,77.749,,,,,
4/25/2016 3:00,14.9905,77.749,,,,,
4/25/2016 3:15,14.995,77.749,,,,,
4/25/2016 3:30,14.9995,77.749,,,,,
4/25/2016 3:45,14.9927,77.749,,,,,
4/25/2016 4:00,14.995,77.749,,,,,
4/25/2016 4:15,14.9905,77.749,,,,,
4/25/2016 4:30,14.9927,77.749,,,,,
4/25/2016 4:45,14.9927,77.749,,,,,
4/25/2016 5:00,14.9859,77.749,,,,,
4/25/2016 5:15,14.995,77.749,,,,,
4/25/2016 5:30,14.9898,77.574,,,,,
4/25/2016 5:45,14.9943,77.574,,,,,
4/25/2016 6:00,14.9905,77.749,,,,,
4/25/2016 6:15,15.0033,77.574,,,,,
4/25/2016 6:30,15.0033,77.574,,,,,
4/25/2016 6:45,15.0033,77.574,,,,,
4/25/2016 7:00,14.9995,77.749,,,,,
4/25/2016 7:15,14.9972,77.749,,,,,
4/25/2016 7:30,14.9995,77.749,,,,,
4/25/2016 7:45,15.0062,77.749,,,,,
4/25/2016 8:00,14.995,77.749,,,,,
4/25/2016 8:15,15.013,77.749,,,,,
4/25/2016 8:30,15.004,77.749,,,,,
4/25/2016 8:45,15.0062,77.749,,,,,
4/25/2016 9:00,14.9972,77.749,,,,,
4/25/2016 9:15,15.004,77.749,,,,,
4/25/2016 9:30,15.0017,77.749,,,,,
4/25/2016 9:45,15.0062,77.749,,,,,
4/25/2016 10:00,15.0068,77.923,,,,,
4/25/2016 10:15,15.0001,77.923,,,,,
4/25/2016 10:30,15.0023,77.923,,,,,
4/25/2016 10:45,14.9962,78.098,,,,,
4/25/2016 11:00,14.9939,78.098,,,,,
4/25/2016 11:15,14.9804,78.098,,,,,
4/25/2016 11:30,14.9899,78.274,,,,,
4/25/2016 11:45,14.9765,78.274,,,,,
4/25/2016 12:00,14.9765,78.274,,,,,
4/25/2016 12:15,14.9794,78.449,,,,,
4/25/2016 12:30,14.977,78.449,,,,,
4/25/2016 12:45,14.959,78.449,,,,,
4/25/2016 13:00,14.9635,78.449,,,,,
4/25/2016 13:15,14.9659,78.449,,,,,
4/25/2016 13:30,14.9598,78.624,,,,,
4/25/2016 13:45,14.9664,78.624,,,,,
4/25/2016 14:00,14.953,78.624,,,,,
4/25/2016 14:15,14.9461,78.624,,,,,
4/25/2016 14:30,14.9506,78.624,,,,,
4/25/2016 14:45,14.9479,78.449,,,,,
4/25/2016 15:00,14.9411,78.449,,,,,
4/25/2016 15:15,14.9434,78.449,,,,,
4/25/2016 15:30,14.9456,78.449,,,,,
4/25/2016 15:45,14.9411,78.449,,,,,
4/25/2016 16:00,14.9428,78.274,,,,,
4/25/2016 16:15,14.9518,78.274,,,,,
4/25/2016 16:30,14.945,78.274,,,,,
4/25/2016 16:45,14.945,78.274,,,,,
4/25/2016 17:00,14.9428,78.274,,,,,
4/25/2016 17:15,14.9534,78.098,,,,,
4/25/2016 17:30,14.9467,78.098,,,,,
4/25/2016 17:45,14.9573,77.923,,,,,
4/25/2016 18:00,14.9573,77.923,,,,,
4/25/2016 18:15,14.9589,77.749,,,,,
4/25/2016 18:30,14.9454,77.749,,,,,
4/25/2016 18:45,14.9628,77.574,,,,,
4/25/2016 19:00,14.9628,77.574,,,,,
4/25/2016 19:15,14.9556,77.4,,,,,
4/25/2016 19:30,14.9572,77.225,,,,,
4/25/2016 19:45,14.9662,77.225,,,,,
4/25/2016 20:00,14.9617,77.225,,,,,
4/25/2016 20:15,14.9572,77.225,,,,,
4/25/2016 20:30,14.9638,77.225,,,,,
4/25/2016 20:45,14.9593,77.225,,,,,
4/25/2016 21:00,14.9566,77.05,,,,,
4/25/2016 21:15,14.9566,77.05,,,,,
4/25/2016 21:30,14.9588,77.05,,,,,
4/25/2016 21:45,14.9611,77.05,,,,,
4/25/2016 22:00,14.9588,77.05,,,,,
4/25/2016 22:15,14.9588,77.05,,,,,
4/25/2016 22:30,14.9566,77.05,,,,,
4/25/2016 22:45,14.9453,77.05,,,,,
4/25/2016 23:00,14.9521,77.05,,,,,
4/25/2016 23:15,14.9572,77.225,,,,,
4/25/2016 23:30,14.9638,77.225,,,,,
4/25/2016 23:45,14.9638,77.225,,,,,
4/26/2016 0:00,14.9527,77.225,,,,,
4/26/2016 0:15,14.9617,77.225,,,,,
4/26/2016 0:30,14.9532,77.4,,,,,
4/26/2016 0:45,14.9532,77.4,,,,,
4/26/2016 1:00,14.9466,77.4,,,,,
4/26/2016 1:15,14.9487,77.4,,,,,
4/26/2016 1:30,14.9466,77.4,,,,,
4/26/2016 1:45,14.9398,77.4,,,,,
4/26/2016 2:00,14.9419,77.4,,,,,
4/26/2016 2:15,14.9398,77.4,,,,,
4/26/2016 2:30,14.9419,77.4,,,,,
4/26/2016 2:45,14.9353,77.4,,,,,
4/26/2016 3:00,14.9308,77.4,,,,,
4/26/2016 3:15,14.9448,77.574,,,,,
4/26/2016 3:30,14.9382,77.574,,,,,
4/26/2016 3:45,14.9427,77.574,,,,,
4/26/2016 4:00,14.9493,77.574,,,,,
4/26/2016 4:15,14.9673,77.574,,,,,
4/26/2016 4:30,14.9651,77.574,,,,,
4/26/2016 4:45,14.9606,77.574,,,,,
4/26/2016 5:00,14.9741,77.574,,,,,
4/26/2016 5:15,14.9628,77.574,,,,,
4/26/2016 5:30,14.9718,77.574,,,,,
4/26/2016 5:45,14.9628,77.574,,,,,
4/26/2016 6:00,14.9628,77.574,,,,,
4/26/2016 6:15,14.9786,77.574,,,,,
4/26/2016 6:30,14.9966,77.574,,,,,
4/26/2016 6:45,14.9988,77.574,,,,,
4/26/2016 7:00,14.9966,77.574,,,,,
4/26/2016 7:15,14.9921,77.574,,,,,
4/26/2016 7:30,14.9943,77.574,,,,,
4/26/2016 7:45,14.9943,77.574,,,,,
4/26/2016 8:00,14.9966,77.574,,,,,
4/26/2016 8:15,14.9853,77.574,,,,,
4/26/2016 8:30,14.9853,77.574,,,,,
4/26/2016 8:45,14.9943,77.574,,,,,
4/26/2016 9:00,14.9921,77.574,,,,,
4/26/2016 9:15,15.0123,77.574,,,,,
4/26/2016 9:30,15.0101,77.574,,,,,
4/26/2016 9:45,15.0394,77.574,,,,,
4/26/2016 10:00,15.082,77.574,,,,,
4/26/2016 10:15,15.0883,77.4,,,,,
4/26/2016 10:30,15.077,77.4,,,,,
4/26/2016 10:45,15.0606,77.225,,,,,
4/26/2016 11:00,15.0561,77.225,,,,,
4/26/2016 11:15,15.033,77.05,,,,,
4/26/2016 11:30,15.0174,77.05,,,,,
4/26/2016 11:45,15.024,77.05,,,,,
4/26/2016 12:00,15.015,77.05,,,,,
4/26/2016 12:15,15.015,77.05,,,,,
4/26/2016 12:30,15.0211,76.876,,,,,
4/26/2016 12:45,15.01,76.876,,,,,
4/26/2016 13:00,15.0076,76.876,,,,,
4/26/2016 13:15,15.0189,76.876,,,,,
4/26/2016 13:30,15.0094,76.703,,,,,
4/26/2016 13:45,14.9936,76.703,,,,,
4/26/2016 14:00,14.9981,76.703,,,,,
4/26/2016 14:15,15.0004,76.703,,,,,
4/26/2016 14:30,14.9981,76.703,,,,,
4/26/2016 14:45,14.9885,76.528,,,,,
4/26/2016 15:00,14.9908,76.528,,,,,
4/26/2016 15:15,14.984,76.528,,,,,
4/26/2016 15:30,14.9908,76.528,,,,,
4/26/2016 15:45,14.9818,76.528,,,,,
4/26/2016 16:00,14.9885,76.528,,,,,
4/26/2016 16:15,14.9818,76.528,,,,,
4/26/2016 16:30,14.9773,76.528,,,,,
4/26/2016 16:45,14.9818,76.528,,,,,
4/26/2016 17:00,14.9795,76.528,,,,,
4/26/2016 17:15,14.9885,76.528,,,,,
4/26/2016 17:30,14.9818,76.528,,,,,
4/26/2016 17:45,14.975,76.528,,,,,
4/26/2016 18:00,14.984,76.528,,,,,
4/26/2016 18:15,14.9756,76.703,,,,,
4/26/2016 18:30,14.9869,76.703,,,,,
4/26/2016 18:45,14.9891,76.703,,,,,
4/26/2016 19:00,14.9914,76.703,,,,,
4/26/2016 19:15,14.9734,76.703,,,,,
4/26/2016 19:30,14.9981,76.703,,,,,
4/26/2016 19:45,14.992,76.876,,,,,
4/26/2016 20:00,14.9897,76.876,,,,,
4/26/2016 20:15,14.9986,76.876,,,,,
4/26/2016 20:30,14.9965,76.876,,,,,
4/26/2016 20:45,15.001,76.876,,,,,
4/26/2016 21:00,15.0031,76.876,,,,,
4/26/2016 21:15,14.9986,76.876,,,,,
4/26/2016 21:30,15.0166,76.876,,,,,
4/26/2016 21:45,15.0076,76.876,,,,,
4/26/2016 22:00,15.0076,76.876,,,,,
4/26/2016 22:15,15.0211,76.876,,,,,
4/26/2016 22:30,15.0129,77.05,,,,,
4/26/2016 22:45,15.0174,77.05,,,,,
4/26/2016 23:00,15.0129,77.05,,,,,
4/26/2016 23:15,15.0084,77.05,,,,,
4/26/2016 23:30,15.0039,77.05,,,,,
4/26/2016 23:45,15.0039,77.05,,,,,
4/27/2016 0:00,15.0084,77.05,,,,,
4/27/2016 0:15,15.006,77.05,,,,,
4/27/2016 0:30,14.997,77.05,,,,,
4/27/2016 0:45,14.9926,77.05,,,,,
4/27/2016 1:00,14.9926,77.05,,,,,
4/27/2016 1:15,14.9926,77.05,,,,,
4/27/2016 1:30,14.9881,77.05,,,,,
4/27/2016 1:45,14.9881,77.05,,,,,
4/27/2016 2:00,14.9852,76.876,,,,,
4/27/2016 2:15,14.983,76.876,,,,,
4/27/2016 2:30,14.983,76.876,,,,,
4/27/2016 2:45,14.9852,76.876,,,,,
4/27/2016 3:00,14.974,76.876,,,,,
4/27/2016 3:15,14.9695,76.876,,,,,
4/27/2016 3:30,14.974,76.876,,,,,
4/27/2016 3:45,14.9785,76.876,,,,,
4/27/2016 4:00,14.974,76.876,,,,,
4/27/2016 4:15,14.9807,76.876,,,,,
4/27/2016 4:30,14.974,76.876,,,,,
4/27/2016 4:45,14.9762,76.876,,,,,
4/27/2016 5:00,14.974,76.876,,,,,
4/27/2016 5:15,14.9807,76.876,,,,,
4/27/2016 5:30,14.974,76.876,,,,,
4/27/2016 5:45,14.9785,76.876,,,,,
4/27/2016 6:00,14.9875,76.876,,,,,
4/27/2016 6:15,14.9852,76.876,,,,,
4/27/2016 6:30,14.9926,77.05,,,,,
4/27/2016 6:45,14.9902,77.05,,,,,
4/27/2016 7:00,14.9902,77.05,,,,,
4/27/2016 7:15,14.9926,77.05,,,,,
4/27/2016 7:30,14.9881,77.05,,,,,
4/27/2016 7:45,14.997,77.05,,,,,
4/27/2016 8:00,14.9994,77.05,,,,,
4/27/2016 8:15,14.9949,77.05,,,,,
4/27/2016 8:30,14.997,77.05,,,,,
4/27/2016 8:45,14.9976,77.225,,,,,
4/27/2016 9:00,15.0021,77.225,,,,,
4/27/2016 9:15,15.0066,77.225,,,,,
4/27/2016 9:30,15.0044,77.225,,,,,
4/27/2016 9:45,15.0134,77.225,,,,,
4/27/2016 10:00,15.0089,77.225,,,,,
4/27/2016 10:15,15.005,77.4,,,,,
4/27/2016 10:30,15.0027,77.4,,,,,
4/27/2016 10:45,14.9982,77.4,,,,,
4/27/2016 11:00,14.9982,77.4,,,,,
4/27/2016 11:15,14.9921,77.574,,,,,
4/27/2016 11:30,14.9943,77.574,,,,,
4/27/2016 11:45,14.9898,77.574,,,,,
4/27/2016 12:00,14.9921,77.574,,,,,
4/27/2016 12:15,14.9814,77.749,,,,,
4/27/2016 12:30,14.9792,77.749,,,,,
4/27/2016 12:45,14.9843,77.923,,,,,
4/27/2016 13:00,14.9686,77.923,,,,,
4/27/2016 13:15,14.9753,77.923,,,,,
4/27/2016 13:30,14.9776,77.923,,,,,
4/27/2016 13:45,14.9849,78.098,,,,,
4/27/2016 14:00,14.9804,78.098,,,,,
4/27/2016 14:15,14.9849,78.098,,,,,
4/27/2016 14:30,14.9759,78.098,,,,,
4/27/2016 14:45,14.9737,78.098,,,,,
4/27/2016 15:00,14.9692,78.098,,,,,
4/27/2016 15:15,14.9698,78.274,,,,,
4/27/2016 15:30,14.972,78.274,,,,,
4/27/2016 15:45,14.9692,78.098,,,,,
4/27/2016 16:00,14.9653,78.274,,,,,
4/27/2016 16:15,14.9737,78.098,,,,,
4/27/2016 16:30,14.9692,78.098,,,,,
4/27/2016 16:45,14.9714,78.098,,,,,
4/27/2016 17:00,14.9759,78.098,,,,,
4/27/2016 17:15,14.9686,77.923,,,,,
4/27/2016 17:30,14.9798,77.923,,,,,
4/27/2016 17:45,14.9708,77.923,,,,,
4/27/2016 18:00,14.9747,77.749,,,,,
4/27/2016 18:15,14.9769,77.749,,,,,
4/27/2016 18:30,14.9859,77.749,,,,,
4/27/2016 18:45,14.9853,77.574,,,,,
4/27/2016 19:00,14.9853,77.574,,,,,
4/27/2016 19:15,14.9921,77.574,,,,,
4/27/2016 19:30,14.9943,77.574,,,,,
4/27/2016 19:45,15.0005,77.4,,,,,
4/27/2016 20:00,15.005,77.4,,,,,
4/27/2016 20:15,15.0005,77.4,,,,,
4/27/2016 20:30,15.0021,77.225,,,,,
4/27/2016 20:45,14.9999,77.225,,,,,
4/27/2016 21:00,14.9976,77.225,,,,,
4/27/2016 21:15,15.0066,77.225,,,,,
4/27/2016 21:30,15.006,77.05,,,,,
4/27/2016 21:45,15.006,77.05,,,,,
4/27/2016 22:00,15.0015,77.05,,,,,
4/27/2016 22:15,15.0039,77.05,,,,,
4/27/2016 22:30,15.0039,77.05,,,,,
4/27/2016 22:45,14.9986,76.876,,,,,
4/27/2016 23:00,15.0031,76.876,,,,,
4/27/2016 23:15,14.9986,76.876,,,,,
4/27/2016 23:30,14.9965,76.876,,,,,
4/27/2016 23:45,14.9965,76.876,,,,,
4/28/2016 0:00,14.9965,76.876,,,,,
4/28/2016 0:15,14.9941,76.876,,,,,
4/28/2016 0:30,14.9959,76.703,,,,,
4/28/2016 0:45,15.0004,76.703,,,,,
4/28/2016 1:00,14.9959,76.703,,,,,
4/28/2016 1:15,14.9959,76.703,,,,,
4/28/2016 1:30,14.9846,76.703,,,,,
4/28/2016 1:45,14.9908,76.528,,,,,
4/28/2016 2:00,14.9885,76.528,,,,,
4/28/2016 2:15,14.984,76.528,,,,,
4/28/2016 2:30,14.9863,76.528,,,,,
4/28/2016 2:45,14.9773,76.528,,,,,
4/28/2016 3:00,14.9699,76.354,,,,,
4/28/2016 3:15,14.9744,76.354,,,,,
4/28/2016 3:30,14.9721,76.354,,,,,
4/28/2016 3:45,14.9744,76.354,,,,,
4/28/2016 4:00,14.9789,76.354,,,,,
4/28/2016 4:15,14.9699,76.354,,,,,
4/28/2016 4:30,14.9789,76.354,,,,,
4/28/2016 4:45,14.9693,76.181,,,,,
4/28/2016 5:00,14.9715,76.181,,,,,
4/28/2016 5:15,14.976,76.181,,,,,
4/28/2016 5:30,14.9715,76.181,,,,,
4/28/2016 5:45,14.9783,76.181,,,,,
4/28/2016 6:00,14.976,76.181,,,,,
4/28/2016 6:15,14.9805,76.181,,,,,
4/28/2016 6:30,14.976,76.181,,,,,
4/28/2016 6:45,14.9828,76.181,,,,,
4/28/2016 7:00,14.9873,76.181,,,,,
4/28/2016 7:15,14.9873,76.181,,,,,
4/28/2016 7:30,14.9873,76.181,,,,,
4/28/2016 7:45,14.9918,76.181,,,,,
4/28/2016 8:00,14.9918,76.181,,,,,
4/28/2016 8:15,14.9918,76.181,,,,,
4/28/2016 8:30,14.9963,76.181,,,,,
4/28/2016 8:45,14.994,76.181,,,,,
4/28/2016 9:00,14.9963,76.181,,,,,
4/28/2016 9:15,14.9992,76.354,,,,,
4/28/2016 9:30,15.0059,76.354,,,,,
4/28/2016 9:45,15.0082,76.354,,,,,
4/28/2016 10:00,15.0014,76.354,,,,,
4/28/2016 10:15,15.0059,76.354,,,,,
4/28/2016 10:30,15.0043,76.528,,,,,
4/28/2016 10:45,15.002,76.528,,,,,
4/28/2016 11:00,14.9998,76.528,,,,,
4/28/2016 11:15,15.0004,76.703,,,,,
4/28/2016 11:30,15.0004,76.703,,,,,
4/28/2016 11:45,15.0026,76.703,,,,,
4/28/2016 12:00,15.0026,76.703,,,,,
4/28/2016 12:15,15.0049,76.703,,,,,
4/28/2016 12:30,15.0071,76.703,,,,,
4/28/2016 12:45,15.0094,76.703,,,,,
4/28/2016 13:00,15.0055,76.876,,,,,
4/28/2016 13:15,14.9941,76.876,,,,,
4/28/2016 13:30,14.9926,77.05,,,,,
4/28/2016 13:45,14.9949,77.05,,,,,
4/28/2016 14:00,14.9902,77.05,,,,,
4/28/2016 14:15,14.9796,77.225,,,,,
4/28/2016 14:30,14.9796,77.225,,,,,
4/28/2016 14:45,14.9662,77.225,,,,,
4/28/2016 15:00,14.9638,77.225,,,,,
4/28/2016 15:15,14.9572,77.225,,,,,
4/28/2016 15:30,14.9622,77.4,,,,,
4/28/2016 15:45,14.9556,77.4,,,,,
4/28/2016 16:00,14.9601,77.4,,,,,
4/28/2016 16:15,14.9577,77.4,,,,,
4/28/2016 16:30,14.9622,77.4,,,,,
4/28/2016 16:45,14.9601,77.4,,,,,
4/28/2016 17:00,14.9601,77.4,,,,,
4/28/2016 17:15,14.9617,77.225,,,,,
4/28/2016 17:30,14.9638,77.225,,,,,
4/28/2016 17:45,14.9617,77.225,,,,,
4/28/2016 18:00,14.9662,77.225,,,,,
4/28/2016 18:15,14.9638,77.225,,,,,
4/28/2016 18:30,14.9662,77.225,,,,,
4/28/2016 18:45,14.9722,77.05,,,,,
4/28/2016 19:00,14.9791,77.05,,,,,
4/28/2016 19:15,14.9722,77.05,,,,,
4/28/2016 19:30,14.9791,77.05,,,,,
4/28/2016 19:45,14.9791,77.05,,,,,
4/28/2016 20:00,14.9852,76.876,,,,,
4/28/2016 20:15,14.992,76.876,,,,,
4/28/2016 20:30,14.9852,76.876,,,,,
4/28/2016 20:45,14.983,76.876,,,,,
4/28/2016 21:00,14.9852,76.876,,,,,
4/28/2016 21:15,14.9846,76.703,,,,,
4/28/2016 21:30,14.9869,76.703,,,,,
4/28/2016 21:45,14.9959,76.703,,,,,
4/28/2016 22:00,14.9914,76.703,,,,,
4/28/2016 22:15,14.9891,76.703,,,,,
4/28/2016 22:30,14.993,76.528,,,,,
4/28/2016 22:45,14.9975,76.528,,,,,
4/28/2016 23:00,14.9885,76.528,,,,,
4/28/2016 23:15,14.9908,76.528,,,,,
4/28/2016 23:30,14.9811,76.354,,,,,
4/28/2016 23:45,14.9766,76.354,,,,,
4/29/2016 0:00,14.9834,76.354,,,,,
4/29/2016 0:15,14.9834,76.354,,,,,
4/29/2016 0:30,14.9856,76.354,,,,,
4/29/2016 0:45,14.9744,76.354,,,,,
4/29/2016 1:00,14.967,76.181,,,,,
4/29/2016 1:15,14.967,76.181,,,,,
4/29/2016 1:30,14.9648,76.181,,,,,
4/29/2016 1:45,14.9648,76.181,,,,,
4/29/2016 2:00,14.9648,76.181,,,,,
4/29/2016 2:15,14.9604,76.181,,,,,
4/29/2016 2:30,14.9514,76.181,,,,,
4/29/2016 2:45,14.958,76.181,,,,,
4/29/2016 3:00,14.9535,76.181,,,,,
4/29/2016 3:15,14.9598,76.006,,,,,
4/29/2016 3:30,14.9485,76.006,,,,,
4/29/2016 3:45,14.9553,76.006,,,,,
4/29/2016 4:00,14.944,76.006,,,,,
4/29/2016 4:15,14.9508,76.006,,,,,
4/29/2016 4:30,14.9485,76.006,,,,,
4/29/2016 4:45,14.944,76.006,,,,,
4/29/2016 5:00,14.9463,76.006,,,,,
4/29/2016 5:15,14.9463,76.006,,,,,
4/29/2016 5:30,14.9508,76.006,,,,,
4/29/2016 5:45,14.953,76.006,,,,,
4/29/2016 6:00,14.953,76.006,,,,,
4/29/2016 6:15,14.9553,76.006,,,,,
4/29/2016 6:30,14.9643,76.006,,,,,
4/29/2016 6:45,14.9619,76.006,,,,,
4/29/2016 7:00,14.9664,76.006,,,,,
4/29/2016 7:15,14.9664,76.006,,,,,
4/29/2016 7:30,14.9643,76.006,,,,,
4/29/2016 7:45,14.9688,76.006,,,,,
4/29/2016 8:00,14.9688,76.006,,,,,
4/29/2016 8:15,14.9688,76.006,,,,,
4/29/2016 8:30,14.9709,76.006,,,,,
4/29/2016 8:45,14.9709,76.006,,,,,
4/29/2016 9:00,14.9738,76.181,,,,,
4/29/2016 9:15,14.9693,76.181,,,,,
4/29/2016 9:30,14.9693,76.181,,,,,
4/29/2016 9:45,14.9676,76.354,,,,,
4/29/2016 10:00,14.9654,76.354,,,,,
4/29/2016 10:15,14.9631,76.354,,,,,
4/29/2016 10:30,14.9683,76.528,,,,,
4/29/2016 10:45,14.9576,76.703,,,,,
4/29/2016 11:00,14.9599,76.703,,,,,
4/29/2016 11:15,14.9599,76.703,,,,,
4/29/2016 11:30,14.9576,76.703,,,,,
4/29/2016 11:45,14.9537,76.876,,,,,
4/29/2016 12:00,14.947,76.876,,,,,
4/29/2016 12:15,14.9386,77.05,,,,,
4/29/2016 12:30,14.9386,77.05,,,,,
4/29/2016 12:45,14.9392,77.225,,,,,
4/29/2016 13:00,14.9329,77.4,,,,,
4/29/2016 13:15,14.9337,77.574,,,,,
4/29/2016 13:30,14.9337,77.574,,,,,
4/29/2016 13:45,14.9274,77.749,,,,,
4/29/2016 14:00,14.9274,77.749,,,,,
4/29/2016 14:15,14.9213,77.923,,,,,
4/29/2016 14:30,14.9235,77.923,,,,,
4/29/2016 14:45,14.919,77.923,,,,,
4/29/2016 15:00,14.9213,77.923,,,,,
4/29/2016 15:15,14.919,77.923,,,,,
4/29/2016 15:30,14.9213,77.923,,,,,
4/29/2016 15:45,14.9145,77.923,,,,,
4/29/2016 16:00,14.9219,78.098,,,,,
4/29/2016 16:15,14.9174,78.098,,,,,
4/29/2016 16:30,14.9219,78.098,,,,,
4/29/2016 16:45,14.9196,78.098,,,,,
4/29/2016 17:00,14.9264,78.098,,,,,
4/29/2016 17:15,14.928,77.923,,,,,
4/29/2016 17:30,14.9213,77.923,,,,,
4/29/2016 17:45,14.9258,77.923,,,,,
4/29/2016 18:00,14.9297,77.749,,,,,
4/29/2016 18:15,14.9432,77.749,,,,,
4/29/2016 18:30,14.9544,77.749,,,,,
4/29/2016 18:45,14.9769,77.749,,,,,
4/29/2016 19:00,15.0265,77.749,,,,,
4/29/2016 19:15,15.1592,77.749,,,,,
4/29/2016 19:30,15.5814,77.574,,,,,
4/29/2016 19:45,15.7331,77.225,,,,,
4/29/2016 20:00,15.7056,77.05,,,,,
4/29/2016 20:15,15.719,77.05,,,,,
4/29/2016 20:30,15.6628,77.05,,,,,
4/29/2016 20:45,15.6538,77.05,,,,,
4/29/2016 21:00,15.6606,77.05,,,,,
4/29/2016 21:15,15.6802,76.876,,,,,
4/29/2016 21:30,15.633,76.876,,,,,
4/29/2016 21:45,15.5947,76.876,,,,,
4/29/2016 22:00,15.6217,76.876,,,,,
4/29/2016 22:15,15.6375,76.876,,,,,
4/29/2016 22:30,15.6583,77.05,,,,,
4/29/2016 22:45,15.6741,77.05,,,,,
4/29/2016 23:00,15.7034,77.05,,,,,
4/29/2016 23:15,15.7116,76.876,,,,,
4/29/2016 23:30,15.6577,76.876,,,,,
4/29/2016 23:45,15.6106,76.876,,,,,
4/30/2016 0:00,15.561,76.876,,,,,
4/30/2016 0:15,15.5025,76.876,,,,,
4/30/2016 0:30,15.4845,76.876,,,,,
4/30/2016 0:45,15.4851,77.05,,,,,
4/30/2016 1:00,15.4739,77.05,,,,,
4/30/2016 1:15,15.429,77.05,,,,,
4/30/2016 1:30,15.4132,77.05,,,,,
4/30/2016 1:45,15.4137,77.225,,,,,
4/30/2016 2:00,15.3756,77.225,,,,,
4/30/2016 2:15,15.3531,77.225,,,,,
4/30/2016 2:30,15.3373,77.225,,,,,
4/30/2016 2:45,15.3289,77.4,,,,,
4/30/2016 3:00,15.3177,77.4,,,,,
4/30/2016 3:15,15.3199,77.4,,,,,
4/30/2016 3:30,15.3267,77.4,,,,,
4/30/2016 3:45,15.3199,77.4,,,,,
4/30/2016 4:00,15.3312,77.4,,,,,
4/30/2016 4:15,15.2997,77.4,,,,,
4/30/2016 4:30,15.2907,77.4,,,,,
4/30/2016 4:45,15.2929,77.4,,,,,
4/30/2016 5:00,15.2794,77.4,,,,,
4/30/2016 5:15,15.2818,77.4,,,,,
4/30/2016 5:30,15.2728,77.4,,,,,
4/30/2016 5:45,15.2681,77.4,,,,,
4/30/2016 6:00,15.2659,77.4,,,,,
4/30/2016 6:15,15.2525,77.4,,,,,
4/30/2016 6:30,15.2411,77.4,,,,,
4/30/2016 6:45,15.2525,77.4,,,,,
4/30/2016 7:00,15.239,77.4,,,,,
4/30/2016 7:15,15.23,77.4,,,,,
4/30/2016 7:30,15.2322,77.4,,,,,
4/30/2016 7:45,15.23,77.4,,,,,
4/30/2016 8:00,15.23,77.4,,,,,
4/30/2016 8:15,15.2322,77.4,,,,,
4/30/2016 8:30,15.2322,77.4,,,,,
4/30/2016 8:45,15.221,77.4,,,,,
4/30/2016 9:00,15.2142,77.4,,,,,
4/30/2016 9:15,15.2103,77.574,,,,,
4/30/2016 9:30,15.1946,77.574,,,,,
4/30/2016 9:45,15.2103,77.574,,,,,
4/30/2016 10:00,15.2013,77.574,,,,,
4/30/2016 10:15,15.2081,77.574,,,,,
4/30/2016 10:30,15.2147,77.574,,,,,
4/30/2016 10:45,15.2171,77.574,,,,,
4/30/2016 11:00,15.2237,77.574,,,,,
4/30/2016 11:15,15.2329,77.574,,,,,
4/30/2016 11:30,15.2374,77.574,,,,,
4/30/2016 11:45,15.2147,77.574,,,,,
4/30/2016 12:00,15.2419,77.574,,,,,
4/30/2016 12:15,15.2192,77.574,,,,,
4/30/2016 12:30,15.2277,77.4,,,,,
4/30/2016 12:45,15.2277,77.4,,,,,
4/30/2016 13:00,15.2863,77.4,,,,,
4/30/2016 13:15,15.4594,77.4,,,,,
4/30/2016 13:30,15.5869,77.225,,,,,
4/30/2016 13:45,15.6291,77.05,,,,,
4/30/2016 14:00,15.6021,77.05,,,,,
4/30/2016 14:15,15.5684,77.05,,,,,
4/30/2016 14:30,15.4784,77.05,,,,,
4/30/2016 14:45,15.4407,77.225,,,,,
4/30/2016 15:00,15.3891,77.225,,,,,
4/30/2016 15:15,15.3942,77.4,,,,,
4/30/2016 15:30,15.3649,77.4,,,,,
4/30/2016 15:45,15.3424,77.4,,,,,
4/30/2016 16:00,15.3199,77.4,,,,,
4/30/2016 16:15,15.3267,77.4,,,,,
4/30/2016 16:30,15.3238,77.225,,,,,
4/30/2016 16:45,15.2945,77.225,,,,,
4/30/2016 17:00,15.3035,77.225,,,,,
4/30/2016 17:15,15.276,77.05,,,,,
4/30/2016 17:30,15.2849,77.05,,,,,
4/30/2016 17:45,15.2783,77.05,,,,,
4/30/2016 18:00,15.2738,77.05,,,,,
4/30/2016 18:15,15.267,77.05,,,,,
4/30/2016 18:30,15.2558,77.05,,,,,
4/30/2016 18:45,15.249,77.05,,,,,
4/30/2016 19:00,15.2304,76.876,,,,,
4/30/2016 19:15,15.2551,76.876,,,,,
4/30/2016 19:30,15.2461,76.876,,,,,
4/30/2016 19:45,15.2326,76.876,,,,,
4/30/2016 20:00,15.2439,76.876,,,,,
4/30/2016 20:15,15.2478,76.703,,,,,
4/30/2016 20:30,15.2404,76.528,,,,,
4/30/2016 20:45,15.2269,76.528,,,,,
4/30/2016 21:00,15.2285,76.354,,,,,
4/30/2016 21:15,15.215,76.354,,,,,
4/30/2016 21:30,15.2195,76.354,,,,,
4/30/2016 21:45,15.206,76.354,,,,,
4/30/2016 22:00,15.206,76.354,,,,,
4/30/2016 22:15,15.2021,76.528,,,,,
4/30/2016 22:30,15.2066,76.528,,,,,
4/30/2016 22:45,15.2021,76.528,,,,,
4/30/2016 23:00,15.187,76.703,,,,,
4/30/2016 23:15,15.1894,76.703,,,,,
4/30/2016 23:30,15.1691,76.703,,,,,
4/30/2016 23:45,15.1757,76.703,,,,,
5/1/2016 0:00,15.1651,76.876,,,,,
5/1/2016 0:15,15.172,76.876,,,,,
5/1/2016 0:30,15.1741,76.876,,,,,
5/1/2016 0:45,15.172,76.876,,,,,
5/1/2016 1:00,15.1495,76.876,,,,,
5/1/2016 1:15,15.1517,76.876,,,,,
5/1/2016 1:30,15.1382,76.876,,,,,
5/1/2016 1:45,15.1403,76.876,,,,,
5/1/2016 2:00,15.1202,76.876,,,,,
5/1/2016 2:15,15.1403,76.876,,,,,
5/1/2016 2:30,15.1247,76.876,,,,,
5/1/2016 2:45,15.1403,76.876,,,,,
5/1/2016 3:00,15.1247,76.876,,,,,
5/1/2016 3:15,15.1292,76.876,,,,,
5/1/2016 3:30,15.1157,76.876,,,,,
5/1/2016 3:45,15.1179,76.876,,,,,
5/1/2016 4:00,15.1224,76.876,,,,,
5/1/2016 4:15,15.1022,76.876,,,,,
5/1/2016 4:30,15.1067,76.876,,,,,
5/1/2016 4:45,15.1241,76.703,,,,,
5/1/2016 5:00,15.1466,76.703,,,,,
5/1/2016 5:15,15.2208,76.703,,,,,
5/1/2016 5:30,15.2973,76.703,,,,,
5/1/2016 5:45,15.2343,76.703,,,,,
5/1/2016 6:00,15.2029,76.703,,,,,
5/1/2016 6:15,15.1757,76.703,,,,,
5/1/2016 6:30,15.1533,76.703,,,,,
5/1/2016 6:45,15.1556,76.703,,,,,
5/1/2016 7:00,15.1577,76.703,,,,,
5/1/2016 7:15,15.1646,76.703,,,,,
5/1/2016 7:30,15.1651,76.876,,,,,
5/1/2016 7:45,15.1696,76.876,,,,,
5/1/2016 8:00,15.163,76.876,,,,,
5/1/2016 8:15,15.1546,77.05,,,,,
5/1/2016 8:30,15.1501,77.05,,,,,
5/1/2016 8:45,15.1456,77.05,,,,,
5/1/2016 9:00,15.168,77.05,,,,,
5/1/2016 9:15,15.1461,77.225,,,,,
5/1/2016 9:30,15.1618,77.225,,,,,
5/1/2016 9:45,15.1528,77.225,,,,,
5/1/2016 10:00,15.1282,77.225,,,,,
5/1/2016 10:15,15.1444,77.4,,,,,
5/1/2016 10:30,15.1535,77.4,,,,,
5/1/2016 10:45,15.1535,77.4,,,,,
5/1/2016 11:00,15.1332,77.4,,,,,
5/1/2016 11:15,15.1377,77.4,,,,,
5/1/2016 11:30,15.158,77.4,,,,,
5/1/2016 11:45,15.185,77.4,,,,,
5/1/2016 12:00,15.2024,77.225,,,,,
5/1/2016 12:15,15.2474,77.225,,,,,
5/1/2016 12:30,15.276,77.05,,,,,
5/1/2016 12:45,15.3412,77.05,,,,,
5/1/2016 13:00,15.633,76.876,,,,,
5/1/2016 13:15,15.7808,76.703,,,,,
5/1/2016 13:30,15.9893,76.528,,,,,
5/1/2016 13:45,15.9707,76.354,,,,,
5/1/2016 14:00,15.8223,76.354,,,,,
5/1/2016 14:15,15.6992,76.528,,,,,
5/1/2016 14:30,15.6863,76.703,,,,,
5/1/2016 14:45,15.6442,76.876,,,,,
5/1/2016 15:00,15.5953,77.05,,,,,
5/1/2016 15:15,15.5937,77.225,,,,,
5/1/2016 15:30,15.5173,77.225,,,,,
5/1/2016 15:45,15.4723,77.225,,,,,
5/1/2016 16:00,15.4616,77.4,,,,,
5/1/2016 16:15,15.4391,77.4,,,,,
5/1/2016 16:30,15.419,77.4,,,,,
5/1/2016 16:45,15.4071,77.225,,,,,
5/1/2016 17:00,15.4003,77.225,,,,,
5/1/2016 17:15,15.3778,77.225,,,,,
5/1/2016 17:30,15.3666,77.225,,,,,
5/1/2016 17:45,15.3666,77.225,,,,,
5/1/2016 18:00,15.3823,77.225,,,,,
5/1/2016 18:15,15.3733,77.225,,,,,
5/1/2016 18:30,15.3659,77.05,,,,,
5/1/2016 18:45,15.375,77.05,,,,,
5/1/2016 19:00,15.3524,77.05,,,,,
5/1/2016 19:15,15.3367,77.05,,,,,
5/1/2016 19:30,15.3412,77.05,,,,,
5/1/2016 19:45,15.3344,77.05,,,,,
5/1/2016 20:00,15.3238,77.225,,,,,
5/1/2016 20:15,15.3351,77.225,,,,,
5/1/2016 20:30,15.3238,77.225,,,,,
5/1/2016 20:45,15.308,77.225,,,,,
5/1/2016 21:00,15.3351,77.225,,,,,
5/1/2016 21:15,15.3035,77.225,,,,,
5/1/2016 21:30,15.2855,77.225,,,,,
5/1/2016 21:45,15.299,77.225,,,,,
5/1/2016 22:00,15.2878,77.225,,,,,
5/1/2016 22:15,15.2878,77.225,,,,,
5/1/2016 22:30,15.2744,77.225,,,,,
5/1/2016 22:45,15.281,77.225,,,,,
5/1/2016 23:00,15.2699,77.225,,,,,
5/1/2016 23:15,15.2699,77.225,,,,,
5/1/2016 23:30,15.2541,77.225,,,,,
5/1/2016 23:45,15.272,77.225,,,,,
5/2/2016 0:00,15.2519,77.225,,,,,
5/2/2016 0:15,15.2361,77.225,,,,,
5/2/2016 0:30,15.2294,77.225,,,,,
5/2/2016 0:45,15.23,77.4,,,,,
5/2/2016 1:00,15.2411,77.4,,,,,
5/2/2016 1:15,15.2322,77.4,,,,,
5/2/2016 1:30,15.2255,77.4,,,,,
5/2/2016 1:45,15.2187,77.4,,,,,
5/2/2016 2:00,15.2142,77.4,,,,,
5/2/2016 2:15,15.2007,77.4,,,,,
5/2/2016 2:30,15.2255,77.4,,,,,
5/2/2016 2:45,15.2007,77.4,,,,,
5/2/2016 3:00,15.2165,77.4,,,,,
5/2/2016 3:15,15.1872,77.4,,,,,
5/2/2016 3:30,15.2052,77.4,,,,,
5/2/2016 3:45,15.2075,77.4,,,,,
5/2/2016 4:00,15.185,77.4,,,,,
5/2/2016 4:15,15.1917,77.4,,,,,
5/2/2016 4:30,15.194,77.4,,,,,
5/2/2016 4:45,15.1827,77.4,,,,,
5/2/2016 5:00,15.1895,77.4,,,,,
5/2/2016 5:15,15.185,77.4,,,,,
5/2/2016 5:30,15.1895,77.4,,,,,
5/2/2016 5:45,15.1827,77.4,,,,,
5/2/2016 6:00,15.1962,77.4,,,,,
5/2/2016 6:15,15.1872,77.4,,,,,
5/2/2016 6:30,15.2001,77.225,,,,,
5/2/2016 6:45,15.1821,77.225,,,,,
5/2/2016 7:00,15.1911,77.225,,,,,
5/2/2016 7:15,15.2001,77.225,,,,,
5/2/2016 7:30,15.1956,77.225,,,,,
5/2/2016 7:45,15.1798,77.225,,,,,
5/2/2016 8:00,15.1911,77.225,,,,,
5/2/2016 8:15,15.1956,77.225,,,,,
5/2/2016 8:30,15.2069,77.225,,,,,
5/2/2016 8:45,15.1962,77.4,,,,,
5/2/2016 9:00,15.1895,77.4,,,,,
5/2/2016 9:15,15.1962,77.4,,,,,
5/2/2016 9:30,15.1923,77.574,,,,,
5/2/2016 9:45,15.2013,77.574,,,,,
5/2/2016 10:00,15.2132,77.749,,,,,
5/2/2016 10:15,15.1997,77.749,,,,,
5/2/2016 10:30,15.202,77.749,,,,,
5/2/2016 10:45,15.1839,77.749,,,,,
5/2/2016 11:00,15.1975,77.749,,,,,
5/2/2016 11:15,15.1862,77.749,,,,,
5/2/2016 11:30,15.1794,77.749,,,,,
5/2/2016 11:45,15.1614,77.749,,,,,
5/2/2016 12:00,15.1772,77.749,,,,,
5/2/2016 12:15,15.1727,77.749,,,,,
5/2/2016 12:30,15.1794,77.749,,,,,
5/2/2016 12:45,15.1592,77.749,,,,,
5/2/2016 13:00,15.1569,77.749,,,,,
5/2/2016 13:15,15.1682,77.749,,,,,
5/2/2016 13:30,15.1598,77.923,,,,,
5/2/2016 13:45,15.1576,77.923,,,,,
5/2/2016 14:00,15.1357,78.098,,,,,
5/2/2016 14:15,15.1312,78.098,,,,,
5/2/2016 14:30,15.1334,78.098,,,,,
5/2/2016 14:45,15.1244,78.098,,,,,
5/2/2016 15:00,15.1312,78.098,,,,,
5/2/2016 15:15,15.1447,78.098,,,,,
5/2/2016 15:30,15.1576,77.923,,,,,
5/2/2016 15:45,15.1125,77.923,,,,,
5/2/2016 16:00,15.1209,77.749,,,,,
5/2/2016 16:15,15.1277,77.749,,,,,
5/2/2016 16:30,15.1293,77.574,,,,,
5/2/2016 16:45,15.1383,77.574,,,,,
5/2/2016 17:00,15.1316,77.574,,,,,
5/2/2016 17:15,15.1428,77.574,,,,,
5/2/2016 17:30,15.1332,77.4,,,,,
5/2/2016 17:45,15.1309,77.4,,,,,
5/2/2016 18:00,15.1438,77.225,,,,,
5/2/2016 18:15,15.1372,77.225,,,,,
5/2/2016 18:30,15.1573,77.225,,,,,
5/2/2016 18:45,15.1416,77.225,,,,,
5/2/2016 19:00,15.1551,77.225,,,,,
5/2/2016 19:15,15.1506,77.225,,,,,
5/2/2016 19:30,15.1416,77.225,,,,,
5/2/2016 19:45,15.1528,77.225,,,,,
5/2/2016 20:00,15.1573,77.225,,,,,
5/2/2016 20:15,15.1551,77.225,,,,,
5/2/2016 20:30,15.1618,77.225,,,,,
5/2/2016 20:45,15.1506,77.225,,,,,
5/2/2016 21:00,15.1393,77.225,,,,,
5/2/2016 21:15,15.1708,77.225,,,,,
5/2/2016 21:30,15.1663,77.225,,,,,
5/2/2016 21:45,15.1641,77.225,,,,,
5/2/2016 22:00,15.1551,77.225,,,,,
5/2/2016 22:15,15.1798,77.225,,,,,
5/2/2016 22:30,15.1573,77.225,,,,,
5/2/2016 22:45,15.1438,77.225,,,,,
5/2/2016 23:00,15.1393,77.225,,,,,
5/2/2016 23:15,15.1483,77.225,,,,,
5/2/2016 23:30,15.1327,77.225,,,,,
5/2/2016 23:45,15.1483,77.225,,,,,
5/3/2016 0:00,15.1438,77.225,,,,,
5/3/2016 0:15,15.1147,77.225,,,,,
5/3/2016 0:30,15.1303,77.225,,,,,
5/3/2016 0:45,15.1282,77.225,,,,,
5/3/2016 1:00,15.1237,77.225,,,,,
5/3/2016 1:15,15.1213,77.225,,,,,
5/3/2016 1:30,15.1372,77.225,,,,,
5/3/2016 1:45,15.1141,77.05,,,,,
5/3/2016 2:00,15.1028,77.05,,,,,
5/3/2016 2:15,15.1163,77.05,,,,,
5/3/2016 2:30,15.1163,77.05,,,,,
5/3/2016 2:45,15.1067,76.876,,,,,
5/3/2016 3:00,15.1157,76.876,,,,,
5/3/2016 3:15,15.1044,76.876,,,,,
5/3/2016 3:30,15.0971,76.703,,,,,
5/3/2016 3:45,15.1061,76.703,,,,,
5/3/2016 4:00,15.1061,76.703,,,,,
5/3/2016 4:15,15.1083,76.703,,,,,
5/3/2016 4:30,15.1061,76.703,,,,,
5/3/2016 4:45,15.0993,76.703,,,,,
5/3/2016 5:00,15.1173,76.703,,,,,
5/3/2016 5:15,15.1038,76.703,,,,,
5/3/2016 5:30,15.1128,76.703,,,,,
5/3/2016 5:45,15.1196,76.703,,,,,
5/3/2016 6:00,15.1038,76.703,,,,,
5/3/2016 6:15,15.1218,76.703,,,,,
5/3/2016 6:30,15.1173,76.703,,,,,
5/3/2016 6:45,15.1263,76.703,,,,,
5/3/2016 7:00,15.1286,76.703,,,,,
5/3/2016 7:15,15.1247,76.876,,,,,
5/3/2016 7:30,15.1134,76.876,,,,,
5/3/2016 7:45,15.1358,76.876,,,,,
5/3/2016 8:00,15.1382,76.876,,,,,
5/3/2016 8:15,15.1321,77.05,,,,,
5/3/2016 8:30,15.1432,77.05,,,,,
5/3/2016 8:45,15.1343,77.05,,,,,
5/3/2016 9:00,15.1321,77.05,,,,,
5/3/2016 9:15,15.1387,77.05,,,,,
5/3/2016 9:30,15.1258,77.225,,,,,
5/3/2016 9:45,15.1461,77.225,,,,,
5/3/2016 10:00,15.1399,77.4,,,,,
5/3/2016 10:15,15.1422,77.4,,,,,
5/3/2016 10:30,15.1338,77.574,,,,,
5/3/2016 10:45,15.1406,77.574,,,,,
5/3/2016 11:00,15.1277,77.749,,,,,
5/3/2016 11:15,15.117,77.923,,,,,
5/3/2016 11:30,15.1215,77.923,,,,,
5/3/2016 11:45,15.1176,78.098,,,,,
5/3/2016 12:00,15.1199,78.098,,,,,
5/3/2016 12:15,15.1115,78.274,,,,,
5/3/2016 12:30,15.1138,78.274,,,,,
5/3/2016 12:45,15.1099,78.449,,,,,
5/3/2016 13:00,15.1054,78.449,,,,,
5/3/2016 13:15,15.097,78.624,,,,,
5/3/2016 13:30,15.1015,78.624,,,,,
5/3/2016 13:45,15.0857,78.624,,,,,
5/3/2016 14:00,15.0857,78.624,,,,,
5/3/2016 14:15,15.0773,78.8,,,,,
5/3/2016 14:30,15.0862,78.8,,,,,
5/3/2016 14:45,15.0751,78.8,,,,,
5/3/2016 15:00,15.0952,78.8,,,,,
5/3/2016 15:15,15.0706,78.8,,,,,
5/3/2016 15:30,15.0706,78.8,,,,,
5/3/2016 15:45,15.0683,78.8,,,,,
5/3/2016 16:00,15.0767,78.624,,,,,
5/3/2016 16:15,15.0812,78.624,,,,,
5/3/2016 16:30,15.0722,78.624,,,,,
5/3/2016 16:45,15.07,78.624,,,,,
5/3/2016 17:00,15.0655,78.624,,,,,
5/3/2016 17:15,15.0648,78.449,,,,,
5/3/2016 17:30,15.0716,78.449,,,,,
5/3/2016 17:45,15.0761,78.449,,,,,
5/3/2016 18:00,15.0739,78.449,,,,,
5/3/2016 18:15,15.0671,78.449,,,,,
5/3/2016 18:30,15.08,78.274,,,,,
5/3/2016 18:45,15.0687,78.274,,,,,
5/3/2016 19:00,15.08,78.274,,,,,
5/3/2016 19:15,15.0845,78.274,,,,,
5/3/2016 19:30,15.0884,78.098,,,,,
5/3/2016 19:45,15.0996,78.098,,,,,
5/3/2016 20:00,15.0906,78.098,,,,,
5/3/2016 20:15,15.0906,78.098,,,,,
5/3/2016 20:30,15.0906,78.098,,,,,
5/3/2016 20:45,15.0951,78.098,,,,,
5/3/2016 21:00,15.1013,77.923,,,,,
5/3/2016 21:15,15.117,77.923,,,,,
5/3/2016 21:30,15.0945,77.923,,,,,
5/3/2016 21:45,15.0968,77.923,,,,,
5/3/2016 22:00,15.1058,77.923,,,,,
5/3/2016 22:15,15.1058,77.923,,,,,
5/3/2016 22:30,15.0968,77.923,,,,,
5/3/2016 22:45,15.0968,77.923,,,,,
5/3/2016 23:00,15.1013,77.923,,,,,
5/3/2016 23:15,15.0945,77.923,,,,,
5/3/2016 23:30,15.0968,77.923,,,,,
5/3/2016 23:45,15.0918,77.749,,,,,
5/4/2016 0:00,15.1007,77.749,,,,,
5/4/2016 0:15,15.1074,77.749,,,,,
5/4/2016 0:30,15.0939,77.749,,,,,
5/4/2016 0:45,15.0984,77.749,,,,,
5/4/2016 1:00,15.0826,77.749,,,,,
5/4/2016 1:15,15.0849,77.749,,,,,
5/4/2016 1:30,15.0826,77.749,,,,,
5/4/2016 1:45,15.0826,77.749,,,,,
5/4/2016 2:00,15.0871,77.749,,,,,
5/4/2016 2:15,15.0889,77.574,,,,,
5/4/2016 2:30,15.0775,77.574,,,,,
5/4/2016 2:45,15.0844,77.574,,,,,
5/4/2016 3:00,15.0775,77.574,,,,,
5/4/2016 3:15,15.0754,77.574,,,,,
5/4/2016 3:30,15.0664,77.574,,,,,
5/4/2016 3:45,15.0574,77.574,,,,,
5/4/2016 4:00,15.0619,77.574,,,,,
5/4/2016 4:15,15.0686,77.574,,,,,
5/4/2016 4:30,15.0619,77.574,,,,,
5/4/2016 4:45,15.0635,77.4,,,,,
5/4/2016 5:00,15.0545,77.4,,,,,
5/4/2016 5:15,15.0635,77.4,,,,,
5/4/2016 5:30,15.0635,77.4,,,,,
5/4/2016 5:45,15.068,77.4,,,,,
5/4/2016 6:00,15.0725,77.4,,,,,
5/4/2016 6:15,15.0793,77.4,,,,,
5/4/2016 6:30,15.0764,77.225,,,,,
5/4/2016 6:45,15.0674,77.225,,,,,
5/4/2016 7:00,15.0764,77.225,,,,,
5/4/2016 7:15,15.0832,77.225,,,,,
5/4/2016 7:30,15.0741,77.225,,,,,
5/4/2016 7:45,15.0944,77.225,,,,,
5/4/2016 8:00,15.0928,77.4,,,,,
5/4/2016 8:15,15.0905,77.4,,,,,
5/4/2016 8:30,15.0905,77.4,,,,,
5/4/2016 8:45,15.0905,77.4,,,,,
5/4/2016 9:00,15.0994,77.4,,,,,
5/4/2016 9:15,15.0973,77.4,,,,,
5/4/2016 9:30,15.1068,77.574,,,,,
5/4/2016 9:45,15.0978,77.574,,,,,
5/4/2016 10:00,15.1068,77.574,,,,,
5/4/2016 10:15,15.1158,77.574,,,,,
5/4/2016 10:30,15.1074,77.749,,,,,
5/4/2016 10:45,15.0918,77.749,,,,,
5/4/2016 11:00,15.0963,77.749,,,,,
5/4/2016 11:15,15.099,77.923,,,,,
5/4/2016 11:30,15.081,77.923,,,,,
5/4/2016 11:45,15.0861,78.098,,,,,
5/4/2016 12:00,15.0659,78.098,,,,,
5/4/2016 12:15,15.0732,78.274,,,,,
5/4/2016 12:30,15.0665,78.274,,,,,
5/4/2016 12:45,15.0558,78.449,,,,,
5/4/2016 13:00,15.0626,78.449,,,,,
5/4/2016 13:15,15.0603,78.449,,,,,
5/4/2016 13:30,15.0655,78.624,,,,,
5/4/2016 13:45,15.0632,78.624,,,,,
5/4/2016 14:00,15.0475,78.624,,,,,
5/4/2016 14:15,15.061,78.624,,,,,
5/4/2016 14:30,15.0526,78.8,,,,,
5/4/2016 14:45,15.0548,78.8,,,,,
5/4/2016 15:00,15.0323,78.8,,,,,
5/4/2016 15:15,15.0391,78.8,,,,,
5/4/2016 15:30,15.0301,78.8,,,,,
5/4/2016 15:45,15.0346,78.8,,,,,
5/4/2016 16:00,15.0256,78.8,,,,,
5/4/2016 16:15,15.0368,78.8,,,,,
5/4/2016 16:30,15.0278,78.8,,,,,
5/4/2016 16:45,15.0249,78.624,,,,,
5/4/2016 17:00,15.0317,78.624,,,,,
5/4/2016 17:15,15.0384,78.624,,,,,
5/4/2016 17:30,15.0339,78.624,,,,,
5/4/2016 17:45,15.0423,78.449,,,,,
5/4/2016 18:00,15.0446,78.449,,,,,
5/4/2016 18:15,15.0462,78.274,,,,,
5/4/2016 18:30,15.0372,78.274,,,,,
5/4/2016 18:45,15.039,78.098,,,,,
5/4/2016 19:00,15.0435,78.098,,,,,
5/4/2016 19:15,15.0456,78.098,,,,,
5/4/2016 19:30,15.0609,77.923,,,,,
5/4/2016 19:45,15.0496,77.923,,,,,
5/4/2016 20:00,15.0556,77.749,,,,,
5/4/2016 20:15,15.0556,77.749,,,,,
5/4/2016 20:30,15.0596,77.574,,,,,
5/4/2016 20:45,15.0574,77.574,,,,,
5/4/2016 21:00,15.0709,77.574,,,,,
5/4/2016 21:15,15.0635,77.4,,,,,
5/4/2016 21:30,15.0613,77.4,,,,,
5/4/2016 21:45,15.0725,77.4,,,,,
5/4/2016 22:00,15.0606,77.225,,,,,
5/4/2016 22:15,15.0696,77.225,,,,,
5/4/2016 22:30,15.0674,77.225,,,,,
5/4/2016 22:45,15.0623,77.05,,,,,
5/4/2016 23:00,15.06,77.05,,,,,
5/4/2016 23:15,15.0623,77.05,,,,,
5/4/2016 23:30,15.0735,77.05,,,,,
5/4/2016 23:45,15.0758,77.05,,,,,
5/5/2016 0:00,15.06,77.05,,,,,
5/5/2016 0:15,15.069,77.05,,,,,
5/5/2016 0:30,15.0645,77.05,,,,,
5/5/2016 0:45,15.06,77.05,,,,,
5/5/2016 1:00,15.0443,77.05,,,,,
5/5/2016 1:15,15.0488,77.05,,,,,
5/5/2016 1:30,15.051,77.05,,,,,
5/5/2016 1:45,15.0488,77.05,,,,,
5/5/2016 2:00,15.0449,77.225,,,,,
5/5/2016 2:15,15.0494,77.225,,,,,
5/5/2016 2:30,15.0381,77.225,,,,,
5/5/2016 2:45,15.0381,77.225,,,,,
5/5/2016 3:00,15.0314,77.225,,,,,
5/5/2016 3:15,15.0404,77.225,,,,,
5/5/2016 3:30,15.0381,77.225,,,,,
5/5/2016 3:45,15.0336,77.225,,,,,
5/5/2016 4:00,15.0291,77.225,,,,,
5/5/2016 4:15,15.0359,77.225,,,,,
5/5/2016 4:30,15.0314,77.225,,,,,
5/5/2016 4:45,15.024,77.05,,,,,
5/5/2016 5:00,15.0308,77.05,,,,,
5/5/2016 5:15,15.0285,77.05,,,,,
5/5/2016 5:30,15.024,77.05,,,,,
5/5/2016 5:45,15.033,77.05,,,,,
5/5/2016 6:00,15.0398,77.05,,,,,
5/5/2016 6:15,15.0398,77.05,,,,,
5/5/2016 6:30,15.0398,77.05,,,,,
5/5/2016 6:45,15.042,77.05,,,,,
5/5/2016 7:00,15.0488,77.05,,,,,
5/5/2016 7:15,15.042,77.05,,,,,
5/5/2016 7:30,15.0398,77.05,,,,,
5/5/2016 7:45,15.0533,77.05,,,,,
5/5/2016 8:00,15.0578,77.05,,,,,
5/5/2016 8:15,15.0533,77.05,,,,,
5/5/2016 8:30,15.0471,77.225,,,,,
5/5/2016 8:45,15.0539,77.225,,,,,
5/5/2016 9:00,15.0494,77.225,,,,,
5/5/2016 9:15,15.0539,77.225,,,,,
5/5/2016 9:30,15.0568,77.4,,,,,
5/5/2016 9:45,15.0658,77.4,,,,,
5/5/2016 10:00,15.0568,77.4,,,,,
5/5/2016 10:15,15.0529,77.574,,,,,
5/5/2016 10:30,15.0484,77.574,,,,,
5/5/2016 10:45,15.0556,77.749,,,,,
5/5/2016 11:00,15.0467,77.749,,,,,
5/5/2016 11:15,15.0422,77.749,,,,,
5/5/2016 11:30,15.0382,77.923,,,,,
5/5/2016 11:45,15.0496,77.923,,,,,
5/5/2016 12:00,15.0316,77.923,,,,,
5/5/2016 12:15,15.0427,77.923,,,,,
5/5/2016 12:30,15.0298,78.098,,,,,
5/5/2016 12:45,15.0321,78.098,,,,,
5/5/2016 13:00,15.0321,78.098,,,,,
5/5/2016 13:15,15.0187,78.098,,,,,
5/5/2016 13:30,15.0277,78.098,,,,,
5/5/2016 13:45,15.0192,78.274,,,,,
5/5/2016 14:00,15.0216,78.274,,,,,
5/5/2016 14:15,15.0126,78.274,,,,,
5/5/2016 14:30,15.0192,78.274,,,,,
5/5/2016 14:45,15.0192,78.274,,,,,
5/5/2016 15:00,15.0171,78.274,,,,,
5/5/2016 15:15,15.0081,78.274,,,,,
5/5/2016 15:30,15.0102,78.274,,,,,
5/5/2016 15:45,15.0063,78.449,,,,,
5/5/2016 16:00,15.0131,78.449,,,,,
5/5/2016 16:15,15.0087,78.449,,,,,
5/5/2016 16:30,15.0063,78.449,,,,,
5/5/2016 16:45,15.0108,78.449,,,,,
5/5/2016 17:00,15.0087,78.449,,,,,
5/5/2016 17:15,15.0087,78.449,,,,,
5/5/2016 17:30,15.0057,78.274,,,,,
5/5/2016 17:45,15.0192,78.274,,,,,
5/5/2016 18:00,15.0192,78.274,,,,,
5/5/2016 18:15,15.0237,78.274,,,,,
5/5/2016 18:30,15.0237,78.274,,,,,
5/5/2016 18:45,15.0163,78.098,,,,,
5/5/2016 19:00,15.0277,78.098,,,,,
5/5/2016 19:15,15.0277,78.098,,,,,
5/5/2016 19:30,15.0361,77.923,,,,,
5/5/2016 19:45,15.0316,77.923,,,,,
5/5/2016 20:00,15.0451,77.923,,,,,
5/5/2016 20:15,15.04,77.749,,,,,
5/5/2016 20:30,15.0355,77.749,,,,,
5/5/2016 20:45,15.04,77.749,,,,,
5/5/2016 21:00,15.0332,77.749,,,,,
5/5/2016 21:15,15.0326,77.574,,,,,
5/5/2016 21:30,15.0484,77.574,,,,,
5/5/2016 21:45,15.0394,77.574,,,,,
5/5/2016 22:00,15.0439,77.574,,,,,
5/5/2016 22:15,15.0478,77.4,,,,,
5/5/2016 22:30,15.041,77.4,,,,,
5/5/2016 22:45,15.0455,77.4,,,,,
5/5/2016 23:00,15.05,77.4,,,,,
5/5/2016 23:15,15.0545,77.4,,,,,
5/5/2016 23:30,15.0432,77.4,,,,,
5/5/2016 23:45,15.0494,77.225,,,,,
5/6/2016 0:00,15.0561,77.225,,,,,
5/6/2016 0:15,15.0449,77.225,,,,,
5/6/2016 0:30,15.0426,77.225,,,,,
5/6/2016 0:45,15.0449,77.225,,,,,
5/6/2016 1:00,15.0381,77.225,,,,,
5/6/2016 1:15,15.0359,77.225,,,,,
5/6/2016 1:30,15.0404,77.225,,,,,
5/6/2016 1:45,15.033,77.05,,,,,
5/6/2016 2:00,15.0308,77.05,,,,,
5/6/2016 2:15,15.0263,77.05,,,,,
5/6/2016 2:30,15.0218,77.05,,,,,
5/6/2016 2:45,15.0308,77.05,,,,,
5/6/2016 3:00,15.0218,77.05,,,,,
5/6/2016 3:15,15.0189,76.876,,,,,
5/6/2016 3:30,15.0189,76.876,,,,,
5/6/2016 3:45,15.0145,76.876,,,,,
5/6/2016 4:00,15.0189,76.876,,,,,
5/6/2016 4:15,15.0139,76.703,,,,,
5/6/2016 4:30,15.0205,76.703,,,,,
5/6/2016 4:45,15.0184,76.703,,,,,
5/6/2016 5:00,15.016,76.703,,,,,
5/6/2016 5:15,15.0245,76.528,,,,,
5/6/2016 5:30,15.02,76.528,,,,,
5/6/2016 5:45,15.0178,76.528,,,,,
5/6/2016 6:00,15.0155,76.528,,,,,
5/6/2016 6:15,15.0217,76.354,,,,,
5/6/2016 6:30,15.0262,76.354,,,,,
5/6/2016 6:45,15.0217,76.354,,,,,
5/6/2016 7:00,15.0262,76.354,,,,,
5/6/2016 7:15,15.0329,76.354,,,,,
5/6/2016 7:30,15.0239,76.354,,,,,
5/6/2016 7:45,15.0374,76.354,,,,,
5/6/2016 8:00,15.0374,76.354,,,,,
5/6/2016 8:15,15.0358,76.528,,,,,
5/6/2016 8:30,15.0335,76.528,,,,,
5/6/2016 8:45,15.0424,76.528,,,,,
5/6/2016 9:00,15.0475,76.703,,,,,
5/6/2016 9:15,15.0408,76.703,,,,,
5/6/2016 9:30,15.0482,76.876,,,,,
5/6/2016 9:45,15.0437,76.876,,,,,
5/6/2016 10:00,15.0398,77.05,,,,,
5/6/2016 10:15,15.0465,77.05,,,,,
5/6/2016 10:30,15.0404,77.225,,,,,
5/6/2016 10:45,15.0404,77.225,,,,,
5/6/2016 11:00,15.0342,77.4,,,,,
5/6/2016 11:15,15.0349,77.574,,,,,
5/6/2016 11:30,15.0304,77.574,,,,,
5/6/2016 11:45,15.0265,77.749,,,,,
5/6/2016 12:00,15.0271,77.923,,,,,
5/6/2016 12:15,15.0277,78.098,,,,,
5/6/2016 12:30,15.0253,78.098,,,,,
5/6/2016 12:45,15.0261,78.274,,,,,
5/6/2016 13:00,15.0237,78.274,,,,,
5/6/2016 13:15,15.0153,78.449,,,,,
5/6/2016 13:30,15.0114,78.624,,,,,
5/6/2016 13:45,15.0069,78.624,,,,,
5/6/2016 14:00,15.003,78.8,,,,,
5/6/2016 14:15,15.0053,78.8,,,,,
5/6/2016 14:30,14.9963,78.8,,,,,
5/6/2016 14:45,15.0008,78.8,,,,,
5/6/2016 15:00,14.9924,78.975,,,,,
5/6/2016 15:15,14.9969,78.975,,,,,
5/6/2016 15:30,14.9969,78.975,,,,,
5/6/2016 15:45,14.9992,78.975,,,,,
5/6/2016 16:00,14.9924,78.975,,,,,
5/6/2016 16:15,14.9992,78.975,,,,,
5/6/2016 16:30,14.9924,78.975,,,,,
5/6/2016 16:45,14.994,78.8,,,,,
5/6/2016 17:00,14.9918,78.8,,,,,
5/6/2016 17:15,14.9895,78.8,,,,,
5/6/2016 17:30,14.9912,78.624,,,,,
5/6/2016 17:45,14.9979,78.624,,,,,
5/6/2016 18:00,14.9912,78.624,,,,,
5/6/2016 18:15,15.0024,78.624,,,,,
5/6/2016 18:30,15.0063,78.449,,,,,
5/6/2016 18:45,14.9997,78.449,,,,,
5/6/2016 19:00,15.0063,78.449,,,,,
5/6/2016 19:15,15.0063,78.449,,,,,
5/6/2016 19:30,15.0081,78.274,,,,,
5/6/2016 19:45,15.0102,78.274,,,,,
5/6/2016 20:00,15.0192,78.274,,,,,
5/6/2016 20:15,15.0237,78.274,,,,,
5/6/2016 20:30,15.0306,78.274,,,,,
5/6/2016 20:45,15.0253,78.098,,,,,
5/6/2016 21:00,15.0277,78.098,,,,,
5/6/2016 21:15,15.0253,78.098,,,,,
5/6/2016 21:30,15.0345,78.098,,,,,
5/6/2016 21:45,15.0321,78.098,,,,,
5/6/2016 22:00,15.0321,78.098,,,,,
5/6/2016 22:15,15.0292,77.923,,,,,
5/6/2016 22:30,15.0226,77.923,,,,,
5/6/2016 22:45,15.0406,77.923,,,,,
5/6/2016 23:00,15.0316,77.923,,,,,
5/6/2016 23:15,15.0292,77.923,,,,,
5/6/2016 23:30,15.0292,77.923,,,,,
5/6/2016 23:45,15.0265,77.749,,,,,
5/7/2016 0:00,15.0332,77.749,,,,,
5/7/2016 0:15,15.0265,77.749,,,,,
5/7/2016 0:30,15.0287,77.749,,,,,
5/7/2016 0:45,15.022,77.749,,,,,
5/7/2016 1:00,15.0242,77.749,,,,,
5/7/2016 1:15,15.0242,77.749,,,,,
5/7/2016 1:30,15.022,77.749,,,,,
5/7/2016 1:45,15.013,77.749,,,,,
5/7/2016 2:00,15.0242,77.749,,,,,
5/7/2016 2:15,15.0169,77.574,,,,,
5/7/2016 2:30,15.0123,77.574,,,,,
5/7/2016 2:45,15.0146,77.574,,,,,
5/7/2016 3:00,15.0146,77.574,,,,,
5/7/2016 3:15,15.0146,77.574,,,,,
5/7/2016 3:30,15.0056,77.574,,,,,
5/7/2016 3:45,15.0033,77.574,,,,,
5/7/2016 4:00,15.0101,77.574,,,,,
5/7/2016 4:15,15.0123,77.574,,,,,
5/7/2016 4:30,15.0095,77.4,,,,,
5/7/2016 4:45,15.0027,77.4,,,,,
5/7/2016 5:00,15.0005,77.4,,,,,
5/7/2016 5:15,15.0117,77.4,,,,,
5/7/2016 5:30,15.0117,77.4,,,,,
5/7/2016 5:45,15.0117,77.4,,,,,
5/7/2016 6:00,15.0162,77.4,,,,,
5/7/2016 6:15,15.0185,77.4,,,,,
5/7/2016 6:30,15.0162,77.4,,,,,
5/7/2016 6:45,15.0162,77.4,,,,,
5/7/2016 7:00,15.0252,77.4,,,,,
5/7/2016 7:15,15.0207,77.4,,,,,
5/7/2016 7:30,15.0252,77.4,,,,,
5/7/2016 7:45,15.0252,77.4,,,,,
5/7/2016 8:00,15.032,77.4,,,,,
5/7/2016 8:15,15.0342,77.4,,,,,
5/7/2016 8:30,15.041,77.4,,,,,
5/7/2016 8:45,15.0349,77.574,,,,,
5/7/2016 9:00,15.0394,77.574,,,,,
5/7/2016 9:15,15.0349,77.574,,,,,
5/7/2016 9:30,15.0394,77.574,,,,,
5/7/2016 9:45,15.0371,77.574,,,,,
5/7/2016 10:00,15.0394,77.574,,,,,
5/7/2016 10:15,15.0461,77.574,,,,,
5/7/2016 10:30,15.0439,77.574,,,,,
5/7/2016 10:45,15.0445,77.749,,,,,
5/7/2016 11:00,15.0355,77.749,,,,,
5/7/2016 11:15,15.0332,77.749,,,,,
5/7/2016 11:30,15.0332,77.749,,,,,
5/7/2016 11:45,15.0287,77.749,,,,,
5/7/2016 12:00,15.0271,77.923,,,,,
5/7/2016 12:15,15.0247,77.923,,,,,
5/7/2016 12:30,15.0292,77.923,,,,,
5/7/2016 12:45,15.0203,77.923,,,,,
5/7/2016 13:00,15.0247,77.923,,,,,
5/7/2016 13:15,15.0226,77.923,,,,,
5/7/2016 13:30,15.0181,77.923,,,,,
5/7/2016 13:45,15.0158,77.923,,,,,
5/7/2016 14:00,15.0142,78.098,,,,,
5/7/2016 14:15,15.0142,78.098,,,,,
5/7/2016 14:30,15.0028,78.098,,,,,
5/7/2016 14:45,15.0007,78.098,,,,,
5/7/2016 15:00,15.0007,78.098,,,,,
5/7/2016 15:15,15.0118,78.098,,,,,
5/7/2016 15:30,15.0113,77.923,,,,,
5/7/2016 15:45,15.0181,77.923,,,,,
5/7/2016 16:00,15.0316,77.923,,,,,
5/7/2016 16:15,15.0287,77.749,,,,,
5/7/2016 16:30,15.04,77.749,,,,,
5/7/2016 16:45,15.0445,77.749,,,,,
5/7/2016 17:00,15.0287,77.749,,,,,
5/7/2016 17:15,15.022,77.749,,,,,
5/7/2016 17:30,15.0304,77.574,,,,,
5/7/2016 17:45,15.0236,77.574,,,,,
5/7/2016 18:00,15.0259,77.574,,,,,
5/7/2016 18:15,15.0371,77.574,,,,,
5/7/2016 18:30,15.0275,77.4,,,,,
5/7/2016 18:45,15.032,77.4,,,,,
5/7/2016 19:00,15.023,77.4,,,,,
5/7/2016 19:15,15.0275,77.4,,,,,
5/7/2016 19:30,15.0269,77.225,,,,,
5/7/2016 19:45,15.0269,77.225,,,,,
5/7/2016 20:00,15.0291,77.225,,,,,
5/7/2016 20:15,15.0314,77.225,,,,,
5/7/2016 20:30,15.0314,77.225,,,,,
5/7/2016 20:45,15.0336,77.225,,,,,
5/7/2016 21:00,15.0308,77.05,,,,,
5/7/2016 21:15,15.0353,77.05,,,,,
5/7/2016 21:30,15.0285,77.05,,,,,
5/7/2016 21:45,15.0308,77.05,,,,,
5/7/2016 22:00,15.0308,77.05,,,,,
5/7/2016 22:15,15.0308,77.05,,,,,
5/7/2016 22:30,15.0263,77.05,,,,,
5/7/2016 22:45,15.0308,77.05,,,,,
5/7/2016 23:00,15.0308,77.05,,,,,
5/7/2016 23:15,15.0211,76.876,,,,,
5/7/2016 23:30,15.0279,76.876,,,,,
5/7/2016 23:45,15.0258,76.876,,,,,
5/8/2016 0:00,15.0189,76.876,,,,,
5/8/2016 0:15,15.0145,76.876,,,,,
5/8/2016 0:30,15.0166,76.876,,,,,
5/8/2016 0:45,15.0189,76.876,,,,,
5/8/2016 1:00,15.0076,76.876,,,,,
5/8/2016 1:15,15.0166,76.876,,,,,
5/8/2016 1:30,15.01,76.876,,,,,
5/8/2016 1:45,15.0121,76.876,,,,,
5/8/2016 2:00,15.0094,76.703,,,,,
5/8/2016 2:15,15.0116,76.703,,,,,
5/8/2016 2:30,15.0094,76.703,,,,,
5/8/2016 2:45,15.0071,76.703,,,,,
5/8/2016 3:00,15.0071,76.703,,,,,
5/8/2016 3:15,15.0026,76.703,,,,,
5/8/2016 3:30,15.0026,76.703,,,,,
5/8/2016 3:45,15.0049,76.703,,,,,
5/8/2016 4:00,15.0071,76.703,,,,,
5/8/2016 4:15,15.0094,76.703,,,,,
5/8/2016 4:30,15.0004,76.703,,,,,
5/8/2016 4:45,15.002,76.528,,,,,
5/8/2016 5:00,14.9998,76.528,,,,,
5/8/2016 5:15,15.0065,76.528,,,,,
5/8/2016 5:30,15.0043,76.528,,,,,
5/8/2016 5:45,14.9975,76.528,,,,,
5/8/2016 6:00,15.0065,76.528,,,,,
5/8/2016 6:15,15.011,76.528,,,,,
5/8/2016 6:30,15.0155,76.528,,,,,
5/8/2016 6:45,15.0155,76.528,,,,,
5/8/2016 7:00,15.0149,76.354,,,,,
5/8/2016 7:15,15.0149,76.354,,,,,
5/8/2016 7:30,15.0172,76.354,,,,,
5/8/2016 7:45,15.0217,76.354,,,,,
5/8/2016 8:00,15.0194,76.354,,,,,
5/8/2016 8:15,15.0194,76.354,,,,,
5/8/2016 8:30,15.0239,76.354,,,,,
5/8/2016 8:45,15.0239,76.354,,,,,
5/8/2016 9:00,15.0149,76.354,,,,,
5/8/2016 9:15,15.0239,76.354,,,,,
5/8/2016 9:30,15.0262,76.354,,,,,
5/8/2016 9:45,15.0239,76.354,,,,,
5/8/2016 10:00,15.0223,76.528,,,,,
5/8/2016 10:15,15.0178,76.528,,,,,
5/8/2016 10:30,15.0155,76.528,,,,,
5/8/2016 10:45,15.0133,76.528,,,,,
5/8/2016 11:00,15.0071,76.703,,,,,
5/8/2016 11:15,15.0116,76.703,,,,,
5/8/2016 11:30,15.01,76.876,,,,,
5/8/2016 11:45,15.0055,76.876,,,,,
5/8/2016 12:00,15.0055,76.876,,,,,
5/8/2016 12:15,14.9965,76.876,,,,,
5/8/2016 12:30,14.9986,76.876,,,,,
5/8/2016 12:45,14.9949,77.05,,,,,
5/8/2016 13:00,14.9881,77.05,,,,,
5/8/2016 13:15,14.9881,77.05,,,,,
5/8/2016 13:30,14.9836,77.05,,,,,
5/8/2016 13:45,14.9836,77.05,,,,,
5/8/2016 14:00,14.9701,77.05,,,,,
5/8/2016 14:15,14.9746,77.05,,,,,
5/8/2016 14:30,14.973,77.225,,,,,
5/8/2016 14:45,14.9662,77.225,,,,,
5/8/2016 15:00,14.9685,77.225,,,,,
5/8/2016 15:15,14.9638,77.225,,,,,
5/8/2016 15:30,14.9617,77.225,,,,,
5/8/2016 15:45,14.9685,77.225,,,,,
5/8/2016 16:00,14.9548,77.225,,,,,
5/8/2016 16:15,14.9593,77.225,,,,,
5/8/2016 16:30,14.9601,77.4,,,,,
5/8/2016 16:45,14.9577,77.4,,,,,
5/8/2016 17:00,14.9617,77.225,,,,,
5/8/2016 17:15,14.9685,77.225,,,,,
5/8/2016 17:30,14.9617,77.225,,,,,
5/8/2016 17:45,14.9638,77.225,,,,,
5/8/2016 18:00,14.9707,77.225,,,,,
5/8/2016 18:15,14.9662,77.225,,,,,
5/8/2016 18:30,14.9707,77.225,,,,,
5/8/2016 18:45,14.9701,77.05,,,,,
5/8/2016 19:00,14.9701,77.05,,,,,
5/8/2016 19:15,14.9746,77.05,,,,,
5/8/2016 19:30,14.9746,77.05,,,,,
5/8/2016 19:45,14.9722,77.05,,,,,
5/8/2016 20:00,14.9881,77.05,,,,,
5/8/2016 20:15,14.9791,77.05,,,,,
5/8/2016 20:30,14.983,76.876,,,,,
5/8/2016 20:45,14.9852,76.876,,,,,
5/8/2016 21:00,14.9852,76.876,,,,,
5/8/2016 21:15,14.9941,76.876,,,,,
5/8/2016 21:30,14.9875,76.876,,,,,
5/8/2016 21:45,14.983,76.876,,,,,
5/8/2016 22:00,14.9852,76.876,,,,,
5/8/2016 22:15,14.9875,76.876,,,,,
5/8/2016 22:30,14.992,76.876,,,,,
5/8/2016 22:45,14.9875,76.876,,,,,
5/8/2016 23:00,14.9941,76.876,,,,,
5/8/2016 23:15,14.9936,76.703,,,,,
5/8/2016 23:30,14.9891,76.703,,,,,
5/8/2016 23:45,14.9869,76.703,,,,,
5/9/2016 0:00,14.9891,76.703,,,,,
5/9/2016 0:15,14.9779,76.703,,,,,
5/9/2016 0:30,14.9824,76.703,,,,,
5/9/2016 0:45,14.9756,76.703,,,,,
5/9/2016 1:00,14.9705,76.528,,,,,
5/9/2016 1:15,14.9728,76.528,,,,,
5/9/2016 1:30,14.9705,76.528,,,,,
5/9/2016 1:45,14.9683,76.528,,,,,
5/9/2016 2:00,14.9592,76.528,,,,,
5/9/2016 2:15,14.957,76.528,,,,,
5/9/2016 2:30,14.9541,76.354,,,,,
5/9/2016 2:45,14.9541,76.354,,,,,
5/9/2016 3:00,14.9519,76.354,,,,,
5/9/2016 3:15,14.9496,76.354,,,,,
5/9/2016 3:30,14.9496,76.354,,,,,
5/9/2016 3:45,14.9519,76.354,,,,,
5/9/2016 4:00,14.9541,76.354,,,,,
5/9/2016 4:15,14.9609,76.354,,,,,
5/9/2016 4:30,14.9631,76.354,,,,,
5/9/2016 4:45,14.9586,76.354,,,,,
5/9/2016 5:00,14.9535,76.181,,,,,
5/9/2016 5:15,14.9559,76.181,,,,,
5/9/2016 5:30,14.958,76.181,,,,,
5/9/2016 5:45,14.9559,76.181,,,,,
5/9/2016 6:00,14.958,76.181,,,,,
5/9/2016 6:15,14.9625,76.181,,,,,
5/9/2016 6:30,14.958,76.181,,,,,
5/9/2016 6:45,14.9598,76.006,,,,,
5/9/2016 7:00,14.9598,76.006,,,,,
5/9/2016 7:15,14.9664,76.006,,,,,
5/9/2016 7:30,14.9643,76.006,,,,,
5/9/2016 7:45,14.9664,76.006,,,,,
5/9/2016 8:00,14.9664,76.006,,,,,
5/9/2016 8:15,14.9709,76.006,,,,,
5/9/2016 8:30,14.9738,76.181,,,,,
5/9/2016 8:45,14.9738,76.181,,,,,
5/9/2016 9:00,14.967,76.181,,,,,
5/9/2016 9:15,14.976,76.181,,,,,
5/9/2016 9:30,14.9789,76.354,,,,,
5/9/2016 9:45,14.9699,76.354,,,,,
5/9/2016 10:00,14.9766,76.354,,,,,
5/9/2016 10:15,14.9705,76.528,,,,,
5/9/2016 10:30,14.9683,76.528,,,,,
5/9/2016 10:45,14.9689,76.703,,,,,
5/9/2016 11:00,14.9644,76.703,,,,,
5/9/2016 11:15,14.9672,76.876,,,,,
5/9/2016 11:30,14.9627,76.876,,,,,
5/9/2016 11:45,14.9588,77.05,,,,,
5/9/2016 12:00,14.9638,77.225,,,,,
5/9/2016 12:15,14.9572,77.225,,,,,
5/9/2016 12:30,14.9511,77.4,,,,,
5/9/2016 12:45,14.9487,77.4,,,,,
5/9/2016 13:00,14.9466,77.4,,,,,
5/9/2016 13:15,14.9448,77.574,,,,,
5/9/2016 13:30,14.9454,77.749,,,,,
5/9/2016 13:45,14.9409,77.749,,,,,
5/9/2016 14:00,14.9409,77.749,,,,,
5/9/2016 14:15,14.9393,77.923,,,,,
5/9/2016 14:30,14.9415,77.923,,,,,
5/9/2016 14:45,14.9393,77.923,,,,,
5/9/2016 15:00,14.9415,77.923,,,,,
5/9/2016 15:15,14.9415,77.923,,,,,
5/9/2016 15:30,14.9325,77.923,,,,,
5/9/2016 15:45,14.9415,77.923,,,,,
5/9/2016 16:00,14.9415,77.923,,,,,
5/9/2016 16:15,14.9415,77.923,,,,,
5/9/2016 16:30,14.9444,78.098,,,,,
5/9/2016 16:45,14.9399,78.098,,,,,
5/9/2016 17:00,14.9467,78.098,,,,,
5/9/2016 17:15,14.9483,77.923,,,,,
5/9/2016 17:30,14.955,77.923,,,,,
5/9/2016 17:45,14.9505,77.923,,,,,
5/9/2016 18:00,14.9483,77.923,,,,,
5/9/2016 18:15,14.9432,77.749,,,,,
5/9/2016 18:30,14.9544,77.749,,,,,
5/9/2016 18:45,14.9499,77.749,,,,,
5/9/2016 19:00,14.9522,77.749,,,,,
5/9/2016 19:15,14.9612,77.749,,,,,
5/9/2016 19:30,14.9544,77.749,,,,,
5/9/2016 19:45,14.9606,77.574,,,,,
5/9/2016 20:00,14.9628,77.574,,,,,
5/9/2016 20:15,14.9628,77.574,,,,,
5/9/2016 20:30,14.9673,77.574,,,,,
5/9/2016 20:45,14.9673,77.574,,,,,
5/9/2016 21:00,14.9628,77.574,,,,,
5/9/2016 21:15,14.9561,77.574,,,,,
5/9/2016 21:30,14.9532,77.4,,,,,
5/9/2016 21:45,14.9622,77.4,,,,,
5/9/2016 22:00,14.9622,77.4,,,,,
5/9/2016 22:15,14.9601,77.4,,,,,
5/9/2016 22:30,14.9601,77.4,,,,,
5/9/2016 22:45,14.9622,77.4,,,,,
5/9/2016 23:00,14.9577,77.4,,,,,
5/9/2016 23:15,14.9712,77.4,,,,,
5/9/2016 23:30,14.9685,77.225,,,,,
5/9/2016 23:45,14.973,77.225,,,,,
5/10/2016 0:00,14.9662,77.225,,,,,
5/10/2016 0:15,14.9685,77.225,,,,,
5/10/2016 0:30,14.9548,77.225,,,,,
5/10/2016 0:45,14.9572,77.225,,,,,
5/10/2016 1:00,14.9503,77.225,,,,,
5/10/2016 1:15,14.9593,77.225,,,,,
5/10/2016 1:30,14.9476,77.05,,,,,
5/10/2016 1:45,14.9498,77.05,,,,,
5/10/2016 2:00,14.9453,77.05,,,,,
5/10/2016 2:15,14.9408,77.05,,,,,
5/10/2016 2:30,14.9408,77.05,,,,,
5/10/2016 2:45,14.9318,77.05,,,,,
5/10/2016 3:00,14.9296,77.05,,,,,
5/10/2016 3:15,14.9363,77.05,,,,,
5/10/2016 3:30,14.9341,77.05,,,,,
5/10/2016 3:45,14.9341,77.05,,,,,
5/10/2016 4:00,14.929,76.876,,,,,
5/10/2016 4:15,14.9267,76.876,,,,,
5/10/2016 4:30,14.9245,76.876,,,,,
5/10/2016 4:45,14.929,76.876,,,,,
5/10/2016 5:00,14.9267,76.876,,,,,
5/10/2016 5:15,14.9335,76.876,,,,,
5/10/2016 5:30,14.9357,76.876,,,,,
5/10/2016 5:45,14.9335,76.876,,,,,
5/10/2016 6:00,14.9335,76.876,,,,,
5/10/2016 6:15,14.9425,76.876,,,,,
5/10/2016 6:30,14.9402,76.876,,,,,
5/10/2016 6:45,14.947,76.876,,,,,
5/10/2016 7:00,14.9492,76.876,,,,,
5/10/2016 7:15,14.9492,76.876,,,,,
5/10/2016 7:30,14.9492,76.876,,,,,
5/10/2016 7:45,14.9447,76.876,,,,,
5/10/2016 8:00,14.9492,76.876,,,,,
5/10/2016 8:15,14.956,76.876,,,,,
5/10/2016 8:30,14.9582,76.876,,,,,
5/10/2016 8:45,14.956,76.876,,,,,
5/10/2016 9:00,14.9521,77.05,,,,,
5/10/2016 9:15,14.9588,77.05,,,,,
5/10/2016 9:30,14.9566,77.05,,,,,
5/10/2016 9:45,14.9498,77.05,,,,,
5/10/2016 10:00,14.9498,77.05,,,,,
5/10/2016 10:15,14.9503,77.225,,,,,
5/10/2016 10:30,14.9503,77.225,,,,,
5/10/2016 10:45,14.9527,77.225,,,,,
5/10/2016 11:00,14.9482,77.225,,,,,
5/10/2016 11:15,14.9487,77.4,,,,,
5/10/2016 11:30,14.9374,77.4,,,,,
5/10/2016 11:45,14.9353,77.4,,,,,
5/10/2016 12:00,14.9337,77.574,,,,,
5/10/2016 12:15,14.9313,77.574,,,,,
5/10/2016 12:30,14.9319,77.749,,,,,
5/10/2016 12:45,14.9297,77.749,,,,,
5/10/2016 13:00,14.9274,77.749,,,,,
5/10/2016 13:15,14.9235,77.923,,,,,
5/10/2016 13:30,14.9168,77.923,,,,,
5/10/2016 13:45,14.9168,77.923,,,,,
5/10/2016 14:00,14.9123,77.923,,,,,
5/10/2016 14:15,14.9016,78.098,,,,,
5/10/2016 14:30,14.9084,78.098,,,,,
5/10/2016 14:45,14.9067,78.274,,,,,
5/10/2016 15:00,14.9045,78.274,,,,,
5/10/2016 15:15,14.909,78.274,,,,,
5/10/2016 15:30,14.9022,78.274,,,,,
5/10/2016 15:45,14.9067,78.274,,,,,
5/10/2016 16:00,14.9135,78.274,,,,,
5/10/2016 16:15,14.909,78.274,,,,,
5/10/2016 16:30,14.9157,78.274,,,,,
5/10/2016 16:45,14.9157,78.274,,,,,
5/10/2016 17:00,14.9135,78.274,,,,,
5/10/2016 17:15,14.9225,78.274,,,,,
5/10/2016 17:30,14.927,78.274,,,,,
5/10/2016 17:45,14.9264,78.098,,,,,
5/10/2016 18:00,14.9219,78.098,,,,,
5/10/2016 18:15,14.9151,78.098,,,,,
5/10/2016 18:30,14.9174,78.098,,,,,
5/10/2016 18:45,14.9196,78.098,,,,,
5/10/2016 19:00,14.9264,78.098,,,,,
5/10/2016 19:15,14.9213,77.923,,,,,
5/10/2016 19:30,14.9258,77.923,,,,,
5/10/2016 19:45,14.928,77.923,,,,,
5/10/2016 20:00,14.9258,77.923,,,,,
5/10/2016 20:15,14.9303,77.923,,,,,
5/10/2016 20:30,14.9438,77.923,,,,,
5/10/2016 20:45,14.946,77.923,,,,,
5/10/2016 21:00,14.9528,77.923,,,,,
5/10/2016 21:15,14.9595,77.923,,,,,
5/10/2016 21:30,14.9657,77.749,,,,,
5/10/2016 21:45,14.9567,77.749,,,,,
5/10/2016 22:00,14.9679,77.749,,,,,
5/10/2016 22:15,14.9724,77.749,,,,,
5/10/2016 22:30,14.9679,77.749,,,,,
5/10/2016 22:45,14.9808,77.574,,,,,
5/10/2016 23:00,14.9988,77.574,,,,,
5/10/2016 23:15,14.9988,77.574,,,,,
5/10/2016 23:30,15.0236,77.574,,,,,
5/10/2016 23:45,15.0461,77.574,,,,,
5/11/2016 0:00,15.086,77.4,,,,,
5/11/2016 0:15,15.1153,77.4,,,,,
5/11/2016 0:30,15.2863,77.4,,,,,
5/11/2016 0:45,15.7354,77.225,,,,,
5/11/2016 1:00,15.746,77.05,,,,,
5/11/2016 1:15,15.7095,76.876,,,,,
5/11/2016 1:30,15.6066,77.05,,,,,
5/11/2016 1:45,15.4649,77.05,,,,,
5/11/2016 2:00,15.402,77.05,,,,,
5/11/2016 2:15,15.3531,77.225,,,,,
5/11/2016 2:30,15.3441,77.225,,,,,
5/11/2016 2:45,15.281,77.225,,,,,
5/11/2016 3:00,15.2316,77.225,,,,,
5/11/2016 3:15,15.2699,77.225,,,,,
5/11/2016 3:30,15.2586,77.225,,,,,
5/11/2016 3:45,15.281,77.225,,,,,
5/11/2016 4:00,15.2429,77.225,,,,,
5/11/2016 4:15,15.2429,77.225,,,,,
5/11/2016 4:30,15.2271,77.225,,,,,
5/11/2016 4:45,15.2519,77.225,,,,,
5/11/2016 5:00,15.2294,77.225,,,,,
5/11/2016 5:15,15.2384,77.225,,,,,
5/11/2016 5:30,15.2406,77.225,,,,,
5/11/2016 5:45,15.2339,77.225,,,,,
5/11/2016 6:00,15.2519,77.225,,,,,
5/11/2016 6:15,15.2451,77.225,,,,,
5/11/2016 6:30,15.2384,77.225,,,,,
5/11/2016 6:45,15.2586,77.225,,,,,
5/11/2016 7:00,15.2316,77.225,,,,,
5/11/2016 7:15,15.263,77.225,,,,,
5/11/2016 7:30,15.2384,77.225,,,,,
5/11/2016 7:45,15.2339,77.225,,,,,
5/11/2016 8:00,15.2496,77.225,,,,,
5/11/2016 8:15,15.2564,77.225,,,,,
5/11/2016 8:30,15.2541,77.225,,,,,
5/11/2016 8:45,15.2339,77.225,,,,,
5/11/2016 9:00,15.2204,77.225,,,,,
5/11/2016 9:15,15.2339,77.225,,,,,
5/11/2016 9:30,15.2069,77.225,,,,,
5/11/2016 9:45,15.1979,77.225,,,,,
5/11/2016 10:00,15.2114,77.225,,,,,
5/11/2016 10:15,15.1972,77.05,,,,,
5/11/2016 10:30,15.2017,77.05,,,,,
5/11/2016 10:45,15.1882,77.05,,,,,
5/11/2016 11:00,15.1837,77.05,,,,,
5/11/2016 11:15,15.186,77.05,,,,,
5/11/2016 11:30,15.177,77.05,,,,,
5/11/2016 11:45,15.1927,77.05,,,,,
5/11/2016 12:00,15.1921,76.876,,,,,
5/11/2016 12:15,15.1855,76.876,,,,,
5/11/2016 12:30,15.1855,76.876,,,,,
5/11/2016 12:45,15.1855,76.876,,,,,
5/11/2016 13:00,15.1966,76.876,,,,,
5/11/2016 13:15,15.181,76.876,,,,,
5/11/2016 13:30,15.1831,76.876,,,,,
5/11/2016 13:45,15.1651,76.876,,,,,
5/11/2016 14:00,15.1966,76.876,,,,,
5/11/2016 14:15,15.1765,76.876,,,,,
5/11/2016 14:30,15.1847,76.703,,,,,
5/11/2016 14:45,15.1939,76.703,,,,,
5/11/2016 15:00,15.187,76.703,,,,,
5/11/2016 15:15,15.1736,76.703,,,,,
5/11/2016 15:30,15.1757,76.703,,,,,
5/11/2016 15:45,15.1966,76.876,,,,,
5/11/2016 16:00,15.1855,76.876,,,,,
5/11/2016 16:15,15.1899,76.876,,,,,
5/11/2016 16:30,15.1517,76.876,,,,,
5/11/2016 16:45,15.163,76.876,,,,,
5/11/2016 17:00,15.1585,76.876,,,,,
5/11/2016 17:15,15.1585,76.876,,,,,
5/11/2016 17:30,15.1606,76.876,,,,,
5/11/2016 17:45,15.1612,77.05,,,,,
5/11/2016 18:00,15.1522,77.05,,,,,
5/11/2016 18:15,15.1636,77.05,,,,,
5/11/2016 18:30,15.1567,77.05,,,,,
5/11/2016 18:45,15.1546,77.05,,,,,
5/11/2016 19:00,15.1501,77.05,,,,,
5/11/2016 19:15,15.1591,77.05,,,,,
5/11/2016 19:30,15.1567,77.05,,,,,
5/11/2016 19:45,15.1501,77.05,,,,,
5/11/2016 20:00,15.1477,77.05,,,,,
5/11/2016 20:15,15.1432,77.05,,,,,
5/11/2016 20:30,15.1501,77.05,,,,,
5/11/2016 20:45,15.1522,77.05,,,,,
5/11/2016 21:00,15.1456,77.05,,,,,
5/11/2016 21:15,15.1591,77.05,,,,,
5/11/2016 21:30,15.1501,77.05,,,,,
5/11/2016 21:45,15.1591,77.05,,,,,
5/11/2016 22:00,15.1501,77.05,,,,,
5/11/2016 22:15,15.1387,77.05,,,,,
5/11/2016 22:30,15.1522,77.05,,,,,
5/11/2016 22:45,15.1411,77.05,,,,,
5/11/2016 23:00,15.1456,77.05,,,,,
5/11/2016 23:15,15.1253,77.05,,,,,
5/11/2016 23:30,15.1208,77.05,,,,,
5/11/2016 23:45,15.1118,77.05,,,,,
5/12/2016 0:00,15.1186,77.05,,,,,
5/12/2016 0:15,15.1141,77.05,,,,,
5/12/2016 0:30,15.1253,77.05,,,,,
5/12/2016 0:45,15.1253,77.05,,,,,
5/12/2016 1:00,15.1028,77.05,,,,,
5/12/2016 1:15,15.1208,77.05,,,,,
5/12/2016 1:30,15.1073,77.05,,,,,
5/12/2016 1:45,15.1028,77.05,,,,,
5/12/2016 2:00,15.0983,77.05,,,,,
5/12/2016 2:15,15.0938,77.05,,,,,
5/12/2016 2:30,15.0909,76.876,,,,,
5/12/2016 2:45,15.0819,76.876,,,,,
5/12/2016 3:00,15.0797,76.876,,,,,
5/12/2016 3:15,15.0729,76.876,,,,,
5/12/2016 3:30,15.0774,76.876,,,,,
5/12/2016 3:45,15.0797,76.876,,,,,
5/12/2016 4:00,15.0729,76.876,,,,,
5/12/2016 4:15,15.0707,76.876,,,,,
5/12/2016 4:30,15.0752,76.876,,,,,
5/12/2016 4:45,15.0707,76.876,,,,,
5/12/2016 5:00,15.0819,76.876,,,,,
5/12/2016 5:15,15.0797,76.876,,,,,
5/12/2016 5:30,15.0819,76.876,,,,,
5/12/2016 5:45,15.0954,76.876,,,,,
5/12/2016 6:00,15.0836,76.703,,,,,
5/12/2016 6:15,15.0836,76.703,,,,,
5/12/2016 6:30,15.0971,76.703,,,,,
5/12/2016 6:45,15.0858,76.703,,,,,
5/12/2016 7:00,15.0903,76.703,,,,,
5/12/2016 7:15,15.0836,76.703,,,,,
5/12/2016 7:30,15.0903,76.703,,,,,
5/12/2016 7:45,15.0858,76.703,,,,,
5/12/2016 8:00,15.0903,76.703,,,,,
5/12/2016 8:15,15.0791,76.703,,,,,
5/12/2016 8:30,15.0858,76.703,,,,,
5/12/2016 8:45,15.0836,76.703,,,,,
5/12/2016 9:00,15.0903,76.703,,,,,
5/12/2016 9:15,15.0746,76.703,,,,,
5/12/2016 9:30,15.0768,76.703,,,,,
5/12/2016 9:45,15.0723,76.703,,,,,
5/12/2016 10:00,15.0723,76.703,,,,,
5/12/2016 10:15,15.0678,76.703,,,,,
5/12/2016 10:30,15.0768,76.703,,,,,
5/12/2016 10:45,15.0701,76.703,,,,,
5/12/2016 11:00,15.0656,76.703,,,,,
5/12/2016 11:15,15.0723,76.703,,,,,
5/12/2016 11:30,15.0768,76.703,,,,,
5/12/2016 11:45,15.0768,76.703,,,,,
5/12/2016 12:00,15.0612,76.703,,,,,
5/12/2016 12:15,15.0567,76.703,,,,,
5/12/2016 12:30,15.0498,76.703,,,,,
5/12/2016 12:45,15.043,76.703,,,,,
5/12/2016 13:00,15.0319,76.703,,,,,
5/12/2016 13:15,15.0437,76.876,,,,,
5/12/2016 13:30,15.0414,76.876,,,,,
5/12/2016 13:45,15.0369,76.876,,,,,
5/12/2016 14:00,15.0393,76.876,,,,,
5/12/2016 14:15,15.0348,76.876,,,,,
5/12/2016 14:30,15.0303,76.876,,,,,
5/12/2016 14:45,15.0324,76.876,,,,,
5/12/2016 15:00,15.0414,76.876,,,,,
5/12/2016 15:15,15.0211,76.876,,,,,
5/12/2016 15:30,15.0211,76.876,,,,,
5/12/2016 15:45,15.0234,76.876,,,,,
5/12/2016 16:00,15.0324,76.876,,,,,
5/12/2016 16:15,15.0279,76.876,,,,,
5/12/2016 16:30,15.0324,76.876,,,,,
5/12/2016 16:45,15.0211,76.876,,,,,
5/12/2016 17:00,15.0211,76.876,,,,,
5/12/2016 17:15,15.0258,76.876,,,,,
5/12/2016 17:30,15.0274,76.703,,,,,
5/12/2016 17:45,15.0408,76.703,,,,,
5/12/2016 18:00,15.0385,76.703,,,,,
5/12/2016 18:15,15.0408,76.703,,,,,
5/12/2016 18:30,15.0313,76.528,,,,,
5/12/2016 18:45,15.0403,76.528,,,,,
5/12/2016 19:00,15.0352,76.354,,,,,
5/12/2016 19:15,15.0442,76.354,,,,,
5/12/2016 19:30,15.0397,76.354,,,,,
5/12/2016 19:45,15.0368,76.181,,,,,
5/12/2016 20:00,15.0481,76.181,,,,,
5/12/2016 20:15,15.0503,76.181,,,,,
5/12/2016 20:30,15.0458,76.181,,,,,
5/12/2016 20:45,15.0436,76.181,,,,,
5/12/2016 21:00,15.0519,76.006,,,,,
5/12/2016 21:15,15.0497,76.006,,,,,
5/12/2016 21:30,15.0407,76.006,,,,,
5/12/2016 21:45,15.0407,76.006,,,,,
5/12/2016 22:00,15.0474,76.006,,,,,
5/12/2016 22:15,15.0407,76.006,,,,,
5/12/2016 22:30,15.0317,76.006,,,,,
5/12/2016 22:45,15.0384,76.006,,,,,
5/12/2016 23:00,15.0384,76.006,,,,,
5/12/2016 23:15,15.0362,76.006,,,,,
5/12/2016 23:30,15.0294,76.006,,,,,
5/12/2016 23:45,15.0339,76.006,,,,,
5/13/2016 0:00,15.0227,76.006,,,,,
5/13/2016 0:15,15.0182,76.006,,,,,
5/13/2016 0:30,15.0182,76.006,,,,,
5/13/2016 0:45,15.0153,75.832,,,,,
5/13/2016 1:00,15.0087,75.832,,,,,
5/13/2016 1:15,15.0108,75.832,,,,,
5/13/2016 1:30,15.0063,75.832,,,,,
5/13/2016 1:45,15.0018,75.832,,,,,
5/13/2016 2:00,15.0063,75.832,,,,,
5/13/2016 2:15,15.0063,75.832,,,,,
5/13/2016 2:30,15.0013,75.659,,,,,
5/13/2016 2:45,14.9991,75.659,,,,,
5/13/2016 3:00,15.0036,75.659,,,,,
5/13/2016 3:15,14.9946,75.659,,,,,
5/13/2016 3:30,14.9968,75.659,,,,,
5/13/2016 3:45,14.9968,75.659,,,,,
5/13/2016 4:00,14.9923,75.659,,,,,
5/13/2016 4:15,14.9923,75.659,,,,,
5/13/2016 4:30,15.0013,75.659,,,,,
5/13/2016 4:45,14.9991,75.659,,,,,
5/13/2016 5:00,15.0036,75.659,,,,,
5/13/2016 5:15,14.9968,75.659,,,,,
5/13/2016 5:30,15.0057,75.659,,,,,
5/13/2016 5:45,14.9991,75.659,,,,,
5/13/2016 6:00,15.0013,75.659,,,,,
5/13/2016 6:15,15.0036,75.659,,,,,
5/13/2016 6:30,15.0097,75.484,,,,,
5/13/2016 6:45,15.0052,75.484,,,,,
5/13/2016 7:00,15.0118,75.484,,,,,
5/13/2016 7:15,15.0163,75.484,,,,,
5/13/2016 7:30,15.0118,75.484,,,,,
5/13/2016 7:45,15.0187,75.484,,,,,
5/13/2016 8:00,15.0187,75.484,,,,,
5/13/2016 8:15,15.0187,75.484,,,,,
5/13/2016 8:30,15.0097,75.484,,,,,
5/13/2016 8:45,15.0187,75.484,,,,,
5/13/2016 9:00,15.0216,75.659,,,,,
5/13/2016 9:15,15.0261,75.659,,,,,
5/13/2016 9:30,15.0261,75.659,,,,,
5/13/2016 9:45,15.0243,75.832,,,,,
5/13/2016 10:00,15.0311,75.832,,,,,
5/13/2016 10:15,15.0137,76.006,,,,,
5/13/2016 10:30,15.0137,76.006,,,,,
5/13/2016 10:45,15.0165,76.181,,,,,
5/13/2016 11:00,15.0143,76.181,,,,,
5/13/2016 11:15,15.0059,76.354,,,,,
5/13/2016 11:30,14.9992,76.354,,,,,
5/13/2016 11:45,15.0043,76.528,,,,,
5/13/2016 12:00,14.9975,76.528,,,,,
5/13/2016 12:15,15.0004,76.703,,,,,
5/13/2016 12:30,14.9965,76.876,,,,,
5/13/2016 12:45,14.992,76.876,,,,,
5/13/2016 13:00,14.9836,77.05,,,,,
5/13/2016 13:15,14.9857,77.05,,,,,
5/13/2016 13:30,14.9865,77.225,,,,,
5/13/2016 13:45,14.9886,77.225,,,,,
5/13/2016 14:00,14.9712,77.4,,,,,
5/13/2016 14:15,14.9763,77.574,,,,,
5/13/2016 14:30,14.9757,77.4,,,,,
5/13/2016 14:45,14.9673,77.574,,,,,
5/13/2016 15:00,14.9763,77.574,,,,,
5/13/2016 15:15,14.9718,77.574,,,,,
5/13/2016 15:30,14.9673,77.574,,,,,
5/13/2016 15:45,14.9657,77.749,,,,,
5/13/2016 16:00,14.9747,77.749,,,,,
5/13/2016 16:15,14.9718,77.574,,,,,
5/13/2016 16:30,14.9628,77.574,,,,,
5/13/2016 16:45,14.9696,77.574,,,,,
5/13/2016 17:00,14.9673,77.574,,,,,
5/13/2016 17:15,14.9628,77.574,,,,,
5/13/2016 17:30,14.9696,77.574,,,,,
5/13/2016 17:45,14.9718,77.574,,,,,
5/13/2016 18:00,14.9741,77.574,,,,,
5/13/2016 18:15,14.9763,77.574,,,,,
5/13/2016 18:30,14.9741,77.574,,,,,
5/13/2016 18:45,14.9831,77.574,,,,,
5/13/2016 19:00,14.978,77.4,,,,,
5/13/2016 19:15,14.9847,77.4,,,,,
5/13/2016 19:30,14.9915,77.4,,,,,
5/13/2016 19:45,14.996,77.4,,,,,
5/13/2016 20:00,15.0005,77.4,,,,,
5/13/2016 20:15,15.0027,77.4,,,,,
5/13/2016 20:30,15.005,77.4,,,,,
5/13/2016 20:45,14.9982,77.4,,,,,
5/13/2016 21:00,15.0089,77.225,,,,,
5/13/2016 21:15,15.0044,77.225,,,,,
5/13/2016 21:30,15.0156,77.225,,,,,
5/13/2016 21:45,15.0201,77.225,,,,,
5/13/2016 22:00,15.0224,77.225,,,,,
5/13/2016 22:15,15.0246,77.225,,,,,
5/13/2016 22:30,15.0201,77.225,,,,,
5/13/2016 22:45,15.0179,77.225,,,,,
5/13/2016 23:00,15.0111,77.225,,,,,
5/13/2016 23:15,15.0134,77.225,,,,,
5/13/2016 23:30,15.0134,77.225,,,,,
5/13/2016 23:45,15.0066,77.225,,,,,
5/14/2016 0:00,14.9994,77.05,,,,,
5/14/2016 0:15,15.0015,77.05,,,,,
5/14/2016 0:30,14.9949,77.05,,,,,
5/14/2016 0:45,14.9836,77.05,,,,,
5/14/2016 1:00,14.9836,77.05,,,,,
5/14/2016 1:15,14.9857,77.05,,,,,
5/14/2016 1:30,14.9836,77.05,,,,,
5/14/2016 1:45,14.9812,77.05,,,,,
5/14/2016 2:00,14.9812,77.05,,,,,
5/14/2016 2:15,14.9701,77.05,,,,,
5/14/2016 2:30,14.9722,77.05,,,,,
5/14/2016 2:45,14.9767,77.05,,,,,
5/14/2016 3:00,14.9767,77.05,,,,,
5/14/2016 3:15,14.9701,77.05,,,,,
5/14/2016 3:30,14.9701,77.05,,,,,
5/14/2016 3:45,14.9677,77.05,,,,,
5/14/2016 4:00,14.9633,77.05,,,,,
5/14/2016 4:15,14.9677,77.05,,,,,
5/14/2016 4:30,14.9701,77.05,,,,,
5/14/2016 4:45,14.9656,77.05,,,,,
5/14/2016 5:00,14.9767,77.05,,,,,
5/14/2016 5:15,14.9633,77.05,,,,,
5/14/2016 5:30,14.9701,77.05,,,,,
5/14/2016 5:45,14.974,76.876,,,,,
5/14/2016 6:00,14.9695,76.876,,,,,
5/14/2016 6:15,14.9717,76.876,,,,,
5/14/2016 6:30,14.9785,76.876,,,,,
5/14/2016 6:45,14.9785,76.876,,,,,
5/14/2016 7:00,14.9807,76.876,,,,,
5/14/2016 7:15,14.983,76.876,,,,,
5/14/2016 7:30,14.992,76.876,,,,,
5/14/2016 7:45,14.992,76.876,,,,,
5/14/2016 8:00,14.9881,77.05,,,,,
5/14/2016 8:15,14.9949,77.05,,,,,
5/14/2016 8:30,14.9949,77.05,,,,,
5/14/2016 8:45,14.9926,77.05,,,,,
5/14/2016 9:00,14.9994,77.05,,,,,
5/14/2016 9:15,14.9926,77.05,,,,,
5/14/2016 9:30,14.9976,77.225,,,,,
5/14/2016 9:45,14.9999,77.225,,,,,
5/14/2016 10:00,14.9976,77.225,,,,,
5/14/2016 10:15,14.991,77.225,,,,,
5/14/2016 10:30,14.9892,77.4,,,,,
5/14/2016 10:45,14.9847,77.4,,,,,
5/14/2016 11:00,14.9853,77.574,,,,,
5/14/2016 11:15,14.9831,77.574,,,,,
5/14/2016 11:30,14.9837,77.749,,,,,
5/14/2016 11:45,14.9859,77.749,,,,,
5/14/2016 12:00,14.9769,77.749,,,,,
5/14/2016 12:15,14.9776,77.923,,,,,
5/14/2016 12:30,14.9731,77.923,,,,,
5/14/2016 12:45,14.9714,78.098,,,,,
5/14/2016 13:00,14.9669,78.098,,,,,
5/14/2016 13:15,14.9675,78.274,,,,,
5/14/2016 13:30,14.9653,78.274,,,,,
5/14/2016 13:45,14.9653,78.274,,,,,
5/14/2016 14:00,14.9524,78.449,,,,,
5/14/2016 14:15,14.9524,78.449,,,,,
5/14/2016 14:30,14.9524,78.449,,,,,
5/14/2016 14:45,14.9524,78.449,,,,,
5/14/2016 15:00,14.9456,78.449,,,,,
5/14/2016 15:15,14.9479,78.449,,,,,
5/14/2016 15:30,14.9461,78.624,,,,,
5/14/2016 15:45,14.9506,78.624,,,,,
5/14/2016 16:00,14.9456,78.449,,,,,
5/14/2016 16:15,14.9479,78.449,,,,,
5/14/2016 16:30,14.9501,78.449,,,,,
5/14/2016 16:45,14.9501,78.449,,,,,
5/14/2016 17:00,14.9518,78.274,,,,,
5/14/2016 17:15,14.9563,78.274,,,,,
5/14/2016 17:30,14.9585,78.274,,,,,
5/14/2016 17:45,14.9563,78.274,,,,,
5/14/2016 18:00,14.9557,78.098,,,,,
5/14/2016 18:15,14.9624,78.098,,,,,
5/14/2016 18:30,14.9686,77.923,,,,,
5/14/2016 18:45,14.9686,77.923,,,,,
5/14/2016 19:00,14.9753,77.923,,,,,
5/14/2016 19:15,14.9792,77.749,,,,,
5/14/2016 19:30,14.9769,77.749,,,,,
5/14/2016 19:45,14.9763,77.574,,,,,
5/14/2016 20:00,14.9876,77.574,,,,,
5/14/2016 20:15,14.9831,77.574,,,,,
5/14/2016 20:30,14.9831,77.574,,,,,
5/14/2016 20:45,14.9847,77.4,,,,,
5/14/2016 21:00,14.9825,77.4,,,,,
5/14/2016 21:15,14.9802,77.4,,,,,
5/14/2016 21:30,14.978,77.4,,,,,
5/14/2016 21:45,14.9796,77.225,,,,,
5/14/2016 22:00,14.991,77.225,,,,,
5/14/2016 22:15,14.9841,77.225,,,,,
5/14/2016 22:30,14.9865,77.225,,,,,
5/14/2016 22:45,14.9931,77.225,,,,,
5/14/2016 23:00,14.9881,77.05,,,,,
5/14/2016 23:15,14.9881,77.05,,,,,
5/14/2016 23:30,14.9857,77.05,,,,,
5/14/2016 23:45,14.9857,77.05,,,,,
5/15/2016 0:00,14.9857,77.05,,,,,
5/15/2016 0:15,14.9767,77.05,,,,,
5/15/2016 0:30,14.9836,77.05,,,,,
5/15/2016 0:45,14.974,76.876,,,,,
5/15/2016 1:00,14.9717,76.876,,,,,
5/15/2016 1:15,14.9762,76.876,,,,,
5/15/2016 1:30,14.974,76.876,,,,,
5/15/2016 1:45,14.974,76.876,,,,,
5/15/2016 2:00,14.9717,76.876,,,,,
5/15/2016 2:15,14.9695,76.876,,,,,
5/15/2016 2:30,14.965,76.876,,,,,
5/15/2016 2:45,14.9672,76.876,,,,,
5/15/2016 3:00,14.9627,76.876,,,,,
5/15/2016 3:15,14.9605,76.876,,,,,
5/15/2016 3:30,14.9644,76.703,,,,,
5/15/2016 3:45,14.9644,76.703,,,,,
5/15/2016 4:00,14.9689,76.703,,,,,
5/15/2016 4:15,14.9621,76.703,,,,,
5/15/2016 4:30,14.9644,76.703,,,,,
5/15/2016 4:45,14.9599,76.703,,,,,
5/15/2016 5:00,14.9599,76.703,,,,,
5/15/2016 5:15,14.9666,76.703,,,,,
5/15/2016 5:30,14.9689,76.703,,,,,
5/15/2016 5:45,14.9711,76.703,,,,,
5/15/2016 6:00,14.9756,76.703,,,,,
5/15/2016 6:15,14.9734,76.703,,,,,
5/15/2016 6:30,14.9846,76.703,,,,,
5/15/2016 6:45,14.9846,76.703,,,,,
5/15/2016 7:00,14.9914,76.703,,,,,
5/15/2016 7:15,14.9869,76.703,,,,,
5/15/2016 7:30,14.9914,76.703,,,,,
5/15/2016 7:45,14.9959,76.703,,,,,
5/15/2016 8:00,14.9986,76.876,,,,,
5/15/2016 8:15,14.9986,76.876,,,,,
5/15/2016 8:30,15.001,76.876,,,,,
5/15/2016 8:45,15.01,76.876,,,,,
5/15/2016 9:00,15.0105,77.05,,,,,
5/15/2016 9:15,15.0195,77.05,,,,,
5/15/2016 9:30,15.024,77.05,,,,,
5/15/2016 9:45,15.0195,77.05,,,,,
5/15/2016 10:00,15.0314,77.225,,,,,
5/15/2016 10:15,15.0359,77.225,,,,,
5/15/2016 10:30,15.077,77.4,,,,,
5/15/2016 10:45,15.1063,77.4,,,,,
5/15/2016 11:00,15.091,77.574,,,,,
5/15/2016 11:15,15.0865,77.574,,,,,
5/15/2016 11:30,15.0715,77.749,,,,,
5/15/2016 11:45,15.0556,77.749,,,,,
5/15/2016 12:00,15.0511,77.749,,,,,
5/15/2016 12:15,15.0535,77.749,,,,,
5/15/2016 12:30,15.0736,77.749,,,,,
5/15/2016 12:45,15.1013,77.923,,,,,
5/15/2016 13:00,15.1305,77.923,,,,,
5/15/2016 13:15,15.1334,78.098,,,,,
5/15/2016 13:30,15.1312,78.098,,,,,
5/15/2016 13:45,15.1154,78.098,,,,,
5/15/2016 14:00,15.0912,78.274,,,,,
5/15/2016 14:15,15.062,78.274,,,,,
5/15/2016 14:30,15.053,78.274,,,,,
5/15/2016 14:45,15.044,78.274,,,,,
5/15/2016 15:00,15.0417,78.274,,,,,
5/15/2016 15:15,15.0372,78.274,,,,,
5/15/2016 15:30,15.0216,78.274,,,,,
5/15/2016 15:45,15.0282,78.274,,,,,
5/15/2016 16:00,15.0261,78.274,,,,,
5/15/2016 16:15,15.0243,78.449,,,,,
5/15/2016 16:30,15.0131,78.449,,,,,
5/15/2016 16:45,15.0042,78.449,,,,,
5/15/2016 17:00,14.9997,78.449,,,,,
5/15/2016 17:15,15.0063,78.449,,,,,
5/15/2016 17:30,15.0034,78.274,,,,,
5/15/2016 17:45,15.0034,78.274,,,,,
5/15/2016 18:00,15.0034,78.274,,,,,
5/15/2016 18:15,15.0192,78.274,,,,,
5/15/2016 18:30,15.0081,78.274,,,,,
5/15/2016 18:45,15.0081,78.274,,,,,
5/15/2016 19:00,15.0013,78.274,,,,,
5/15/2016 19:15,15.0118,78.098,,,,,
5/15/2016 19:30,15.0142,78.098,,,,,
5/15/2016 19:45,15.0052,78.098,,,,,
5/15/2016 20:00,15.0073,78.098,,,,,
5/15/2016 20:15,15.0073,78.098,,,,,
5/15/2016 20:30,15.0118,78.098,,,,,
5/15/2016 20:45,15.0046,77.923,,,,,
5/15/2016 21:00,15.0113,77.923,,,,,
5/15/2016 21:15,15.0068,77.923,,,,,
5/15/2016 21:30,15.0068,77.923,,,,,
5/15/2016 21:45,15.0068,77.923,,,,,
5/15/2016 22:00,15.0091,77.923,,,,,
5/15/2016 22:15,15.0158,77.923,,,,,
5/15/2016 22:30,15.0062,77.749,,,,,
5/15/2016 22:45,15.0062,77.749,,,,,
5/15/2016 23:00,15.0107,77.749,,,,,
5/15/2016 23:15,15.013,77.749,,,,,
5/15/2016 23:30,15.0085,77.749,,,,,
5/15/2016 23:45,15.0062,77.749,,,,,
5/16/2016 0:00,15.0017,77.749,,,,,
5/16/2016 0:15,15.0062,77.749,,,,,
5/16/2016 0:30,14.9966,77.574,,,,,
5/16/2016 0:45,15.0033,77.574,,,,,
5/16/2016 1:00,14.9988,77.574,,,,,
5/16/2016 1:15,14.9921,77.574,,,,,
5/16/2016 1:30,14.9921,77.574,,,,,
5/16/2016 1:45,14.9943,77.574,,,,,
5/16/2016 2:00,14.9898,77.574,,,,,
5/16/2016 2:15,14.9898,77.574,,,,,
5/16/2016 2:30,14.9853,77.574,,,,,
5/16/2016 2:45,14.9847,77.4,,,,,
5/16/2016 3:00,14.978,77.4,,,,,
5/16/2016 3:15,14.9712,77.4,,,,,
5/16/2016 3:30,14.9712,77.4,,,,,
5/16/2016 3:45,14.9736,77.4,,,,,
5/16/2016 4:00,14.9712,77.4,,,,,
5/16/2016 4:15,14.9685,77.225,,,,,
5/16/2016 4:30,14.9707,77.225,,,,,
5/16/2016 4:45,14.9707,77.225,,,,,
5/16/2016 5:00,14.9707,77.225,,,,,
5/16/2016 5:15,14.9638,77.225,,,,,
5/16/2016 5:30,14.9707,77.225,,,,,
5/16/2016 5:45,14.9722,77.05,,,,,
5/16/2016 6:00,14.9746,77.05,,,,,
5/16/2016 6:15,14.9767,77.05,,,,,
5/16/2016 6:30,14.9857,77.05,,,,,
5/16/2016 6:45,14.9881,77.05,,,,,
5/16/2016 7:00,14.9881,77.05,,,,,
5/16/2016 7:15,14.9949,77.05,,,,,
5/16/2016 7:30,14.9949,77.05,,,,,
5/16/2016 7:45,14.9965,76.876,,,,,
5/16/2016 8:00,14.9965,76.876,,,,,
5/16/2016 8:15,14.9941,76.876,,,,,
5/16/2016 8:30,14.9941,76.876,,,,,
5/16/2016 8:45,14.9965,76.876,,,,,
5/16/2016 9:00,14.9926,77.05,,,,,
5/16/2016 9:15,14.9994,77.05,,,,,
5/16/2016 9:30,14.997,77.05,,,,,
5/16/2016 9:45,15.0015,77.05,,,,,
5/16/2016 10:00,15.0015,77.05,,,,,
5/16/2016 10:15,15.0015,77.05,,,,,
5/16/2016 10:30,15.0044,77.225,,,,,
5/16/2016 10:45,15.0021,77.225,,,,,
5/16/2016 11:00,14.9931,77.225,,,,,
5/16/2016 11:15,14.987,77.4,,,,,
5/16/2016 11:30,14.987,77.4,,,,,
5/16/2016 11:45,14.9786,77.574,,,,,
5/16/2016 12:00,14.9808,77.574,,,,,
5/16/2016 12:15,14.9763,77.574,,,,,
5/16/2016 12:30,14.9724,77.749,,,,,
5/16/2016 12:45,14.9679,77.749,,,,,
5/16/2016 13:00,14.9657,77.749,,,,,
5/16/2016 13:15,14.964,77.923,,,,,
5/16/2016 13:30,14.9595,77.923,,,,,
5/16/2016 13:45,14.9557,78.098,,,,,
5/16/2016 14:00,14.9585,78.274,,,,,
5/16/2016 14:15,14.9518,78.274,,,,,
5/16/2016 14:30,14.9479,78.449,,,,,
5/16/2016 14:45,14.9456,78.449,,,,,
5/16/2016 15:00,14.9434,78.449,,,,,
5/16/2016 15:15,14.9479,78.449,,,,,
5/16/2016 15:30,14.9411,78.449,,,,,
5/16/2016 15:45,14.9456,78.449,,,,,
5/16/2016 16:00,14.944,78.624,,,,,
5/16/2016 16:15,14.9461,78.624,,,,,
5/16/2016 16:30,14.953,78.624,,,,,
5/16/2016 16:45,14.9506,78.624,,,,,
5/16/2016 17:00,14.953,78.624,,,,,
5/16/2016 17:15,14.9501,78.449,,,,,
5/16/2016 17:30,14.9546,78.449,,,,,
5/16/2016 17:45,14.959,78.449,,,,,
5/16/2016 18:00,14.9524,78.449,,,,,
5/16/2016 18:15,14.9546,78.449,,,,,
5/16/2016 18:30,14.9585,78.274,,,,,
5/16/2016 18:45,14.9608,78.274,,,,,
5/16/2016 19:00,14.963,78.274,,,,,
5/16/2016 19:15,14.963,78.274,,,,,
5/16/2016 19:30,14.963,78.274,,,,,
5/16/2016 19:45,14.9692,78.098,,,,,
5/16/2016 20:00,14.9669,78.098,,,,,
5/16/2016 20:15,14.9737,78.098,,,,,
5/16/2016 20:30,14.9753,77.923,,,,,
5/16/2016 20:45,14.9776,77.923,,,,,
5/16/2016 21:00,14.9708,77.923,,,,,
5/16/2016 21:15,14.9753,77.923,,,,,
5/16/2016 21:30,14.9769,77.749,,,,,
5/16/2016 21:45,14.9747,77.749,,,,,
5/16/2016 22:00,14.9792,77.749,,,,,
5/16/2016 22:15,14.9747,77.749,,,,,
5/16/2016 22:30,14.9769,77.749,,,,,
5/16/2016 22:45,14.9763,77.574,,,,,
5/16/2016 23:00,14.9696,77.574,,,,,
5/16/2016 23:15,14.9696,77.574,,,,,
5/16/2016 23:30,14.9741,77.574,,,,,
5/16/2016 23:45,14.9673,77.574,,,,,
5/17/2016 0:00,14.9651,77.574,,,,,
5/17/2016 0:15,14.9628,77.574,,,,,
5/17/2016 0:30,14.9622,77.4,,,,,
5/17/2016 0:45,14.9646,77.4,,,,,
5/17/2016 1:00,14.9601,77.4,,,,,
5/17/2016 1:15,14.9556,77.4,,,,,
5/17/2016 1:30,14.9577,77.4,,,,,
5/17/2016 1:45,14.9503,77.225,,,,,
5/17/2016 2:00,14.9548,77.225,,,,,
5/17/2016 2:15,14.9482,77.225,,,,,
5/17/2016 2:30,14.9527,77.225,,,,,
5/17/2016 2:45,14.9437,77.225,,,,,
5/17/2016 3:00,14.9392,77.225,,,,,
5/17/2016 3:15,14.9431,77.05,,,,,
5/17/2016 3:30,14.9408,77.05,,,,,
5/17/2016 3:45,14.9363,77.05,,,,,
5/17/2016 4:00,14.9386,77.05,,,,,
5/17/2016 4:15,14.9363,77.05,,,,,
5/17/2016 4:30,14.9341,77.05,,,,,
5/17/2016 4:45,14.9341,77.05,,,,,
5/17/2016 5:00,14.9341,77.05,,,,,
5/17/2016 5:15,14.9408,77.05,,,,,
5/17/2016 5:30,14.9453,77.05,,,,,
5/17/2016 5:45,14.9408,77.05,,,,,
5/17/2016 6:00,14.9453,77.05,,,,,
5/17/2016 6:15,14.9543,77.05,,,,,
5/17/2016 6:30,14.9521,77.05,,,,,
5/17/2016 6:45,14.9521,77.05,,,,,
5/17/2016 7:00,14.9476,77.05,,,,,
5/17/2016 7:15,14.9521,77.05,,,,,
5/17/2016 7:30,14.9498,77.05,,,,,
5/17/2016 7:45,14.9543,77.05,,,,,
5/17/2016 8:00,14.9498,77.05,,,,,
5/17/2016 8:15,14.9593,77.225,,,,,
5/17/2016 8:30,14.9548,77.225,,,,,
5/17/2016 8:45,14.9572,77.225,,,,,
5/17/2016 9:00,14.9548,77.225,,,,,
5/17/2016 9:15,14.9572,77.225,,,,,
5/17/2016 9:30,14.9572,77.225,,,,,
5/17/2016 9:45,14.9617,77.225,,,,,
5/17/2016 10:00,14.9712,77.4,,,,,
5/17/2016 10:15,14.9667,77.4,,,,,
5/17/2016 10:30,14.9691,77.4,,,,,
5/17/2016 10:45,14.9667,77.4,,,,,
5/17/2016 11:00,14.9651,77.574,,,,,
5/17/2016 11:15,14.9606,77.574,,,,,
5/17/2016 11:30,14.9606,77.574,,,,,
5/17/2016 11:45,14.9544,77.749,,,,,
5/17/2016 12:00,14.9454,77.749,,,,,
5/17/2016 12:15,14.946,77.923,,,,,
5/17/2016 12:30,14.937,77.923,,,,,
5/17/2016 12:45,14.937,77.923,,,,,
5/17/2016 13:00,14.9303,77.923,,,,,
5/17/2016 13:15,14.9258,77.923,,,,,
5/17/2016 13:30,14.9264,78.098,,,,,
5/17/2016 13:45,14.9174,78.098,,,,,
5/17/2016 14:00,14.9196,78.098,,,,,
5/17/2016 14:15,14.9174,78.098,,,,,
5/17/2016 14:30,14.9129,78.098,,,,,
5/17/2016 14:45,14.9129,78.098,,,,,
5/17/2016 15:00,14.9151,78.098,,,,,
5/17/2016 15:15,14.9129,78.098,,,,,
5/17/2016 15:30,14.9106,78.098,,,,,
5/17/2016 15:45,14.9129,78.098,,,,,
5/17/2016 16:00,14.9106,78.098,,,,,
5/17/2016 16:15,14.9084,78.098,,,,,
5/17/2016 16:30,14.91,77.923,,,,,
5/17/2016 16:45,14.9145,77.923,,,,,
5/17/2016 17:00,14.9168,77.923,,,,,
5/17/2016 17:15,14.9145,77.923,,,,,
5/17/2016 17:30,14.9145,77.923,,,,,
5/17/2016 17:45,14.9184,77.749,,,,,
5/17/2016 18:00,14.9229,77.749,,,,,
5/17/2016 18:15,14.9184,77.749,,,,,
5/17/2016 18:30,14.9184,77.749,,,,,
5/17/2016 18:45,14.9224,77.574,,,,,
5/17/2016 19:00,14.9292,77.574,,,,,
5/17/2016 19:15,14.9313,77.574,,,,,
5/17/2016 19:30,14.9337,77.574,,,,,
5/17/2016 19:45,14.9374,77.4,,,,,
5/17/2016 20:00,14.9374,77.4,,,,,
5/17/2016 20:15,14.9374,77.4,,,,,
5/17/2016 20:30,14.9374,77.4,,,,,
5/17/2016 20:45,14.9398,77.4,,,,,
5/17/2016 21:00,14.9414,77.225,,,,,
5/17/2016 21:15,14.9414,77.225,,,,,
5/17/2016 21:30,14.9437,77.225,,,,,
5/17/2016 21:45,14.9458,77.225,,,,,
5/17/2016 22:00,14.9458,77.225,,,,,
5/17/2016 22:15,14.9482,77.225,,,,,
5/17/2016 22:30,14.9482,77.225,,,,,
5/17/2016 22:45,14.9453,77.05,,,,,
5/17/2016 23:00,14.9476,77.05,,,,,
5/17/2016 23:15,14.9476,77.05,,,,,
5/17/2016 23:30,14.9408,77.05,,,,,
5/17/2016 23:45,14.9408,77.05,,,,,
5/18/2016 0:00,14.9386,77.05,,,,,
5/18/2016 0:15,14.9408,77.05,,,,,
5/18/2016 0:30,14.9408,77.05,,,,,
5/18/2016 0:45,14.9408,77.05,,,,,
5/18/2016 1:00,14.9386,77.05,,,,,
5/18/2016 1:15,14.9335,76.876,,,,,
5/18/2016 1:30,14.9312,76.876,,,,,
5/18/2016 1:45,14.9312,76.876,,,,,
5/18/2016 2:00,14.929,76.876,,,,,
5/18/2016 2:15,14.92,76.876,,,,,
5/18/2016 2:30,14.9222,76.876,,,,,
5/18/2016 2:45,14.92,76.876,,,,,
5/18/2016 3:00,14.9222,76.876,,,,,
5/18/2016 3:15,14.9177,76.876,,,,,
5/18/2016 3:30,14.92,76.876,,,,,
5/18/2016 3:45,14.92,76.876,,,,,
5/18/2016 4:00,14.92,76.876,,,,,
5/18/2016 4:15,14.92,76.876,,,,,
5/18/2016 4:30,14.9177,76.876,,,,,
5/18/2016 4:45,14.9216,76.703,,,,,
5/18/2016 5:00,14.9216,76.703,,,,,
5/18/2016 5:15,14.9171,76.703,,,,,
5/18/2016 5:30,14.9216,76.703,,,,,
5/18/2016 5:45,14.9238,76.703,,,,,
5/18/2016 6:00,14.9283,76.703,,,,,
5/18/2016 6:15,14.9328,76.703,,,,,
5/18/2016 6:30,14.9374,76.703,,,,,
5/18/2016 6:45,14.9374,76.703,,,,,
5/18/2016 7:00,14.9374,76.703,,,,,
5/18/2016 7:15,14.9441,76.703,,,,,
5/18/2016 7:30,14.9464,76.703,,,,,
5/18/2016 7:45,14.9486,76.703,,,,,
5/18/2016 8:00,14.9509,76.703,,,,,
5/18/2016 8:15,14.956,76.876,,,,,
5/18/2016 8:30,14.9621,76.703,,,,,
5/18/2016 8:45,14.9644,76.703,,,,,
5/18/2016 9:00,14.965,76.876,,,,,
5/18/2016 9:15,14.9672,76.876,,,,,
5/18/2016 9:30,14.9695,76.876,,,,,
5/18/2016 9:45,14.9695,76.876,,,,,
5/18/2016 10:00,14.9672,76.876,,,,,
5/18/2016 10:15,14.9677,77.05,,,,,
5/18/2016 10:30,14.9633,77.05,,,,,
5/18/2016 10:45,14.9611,77.05,,,,,
5/18/2016 11:00,14.9611,77.05,,,,,
5/18/2016 11:15,14.9548,77.225,,,,,
5/18/2016 11:30,14.9548,77.225,,,,,
5/18/2016 11:45,14.9511,77.4,,,,,
5/18/2016 12:00,14.9466,77.4,,,,,
5/18/2016 12:15,14.9448,77.574,,,,,
5/18/2016 12:30,14.9427,77.574,,,,,
5/18/2016 12:45,14.9358,77.574,,,,,
5/18/2016 13:00,14.9364,77.749,,,,,
5/18/2016 13:15,14.9274,77.749,,,,,
5/18/2016 13:30,14.9258,77.923,,,,,
5/18/2016 13:45,14.919,77.923,,,,,
5/18/2016 14:00,14.9196,78.098,,,,,
5/18/2016 14:15,14.9129,78.098,,,,,
5/18/2016 14:30,14.9106,78.098,,,,,
5/18/2016 14:45,14.9067,78.274,,,,,
5/18/2016 15:00,14.909,78.274,,,,,
5/18/2016 15:15,14.9045,78.274,,,,,
5/18/2016 15:30,14.909,78.274,,,,,
5/18/2016 15:45,14.9022,78.274,,,,,
5/18/2016 16:00,14.9067,78.274,,,,,
5/18/2016 16:15,14.8994,78.098,,,,,
5/18/2016 16:30,14.9061,78.098,,,,,
5/18/2016 16:45,14.9061,78.098,,,,,
5/18/2016 17:00,14.9061,78.098,,,,,
5/18/2016 17:15,14.9055,77.923,,,,,
5/18/2016 17:30,14.9078,77.923,,,,,
5/18/2016 17:45,14.9184,77.749,,,,,
5/18/2016 18:00,14.9163,77.749,,,,,
5/18/2016 18:15,14.9163,77.749,,,,,
5/18/2016 18:30,14.9224,77.574,,,,,
5/18/2016 18:45,14.9247,77.574,,,,,
5/18/2016 19:00,14.9268,77.574,,,,,
5/18/2016 19:15,14.9292,77.574,,,,,
5/18/2016 19:30,14.9308,77.4,,,,,
5/18/2016 19:45,14.9329,77.4,,,,,
5/18/2016 20:00,14.9398,77.4,,,,,
5/18/2016 20:15,14.9392,77.225,,,,,
5/18/2016 20:30,14.9437,77.225,,,,,
5/18/2016 20:45,14.9437,77.225,,,,,
5/18/2016 21:00,14.9453,77.05,,,,,
5/18/2016 21:15,14.9498,77.05,,,,,
5/18/2016 21:30,14.9498,77.05,,,,,
5/18/2016 21:45,14.9521,77.05,,,,,
5/18/2016 22:00,14.9498,77.05,,,,,
5/18/2016 22:15,14.9543,77.05,,,,,
5/18/2016 22:30,14.9476,77.05,,,,,
5/18/2016 22:45,14.9515,76.876,,,,,
5/18/2016 23:00,14.9492,76.876,,,,,
5/18/2016 23:15,14.9492,76.876,,,,,
5/18/2016 23:30,14.9492,76.876,,,,,
5/18/2016 23:45,14.9447,76.876,,,,,
5/19/2016 0:00,14.9447,76.876,,,,,
5/19/2016 0:15,14.9441,76.703,,,,,
5/19/2016 0:30,14.9419,76.703,,,,,
5/19/2016 0:45,14.9419,76.703,,,,,
5/19/2016 1:00,14.9419,76.703,,,,,
5/19/2016 1:15,14.9396,76.703,,,,,
5/19/2016 1:30,14.9351,76.703,,,,,
5/19/2016 1:45,14.9396,76.703,,,,,
5/19/2016 2:00,14.9351,76.703,,,,,
5/19/2016 2:15,14.9374,76.703,,,,,
5/19/2016 2:30,14.9351,76.703,,,,,
5/19/2016 2:45,14.9328,76.703,,,,,
5/19/2016 3:00,14.9345,76.528,,,,,
5/19/2016 3:15,14.93,76.528,,,,,
5/19/2016 3:30,14.9322,76.528,,,,,
5/19/2016 3:45,14.9322,76.528,,,,,
5/19/2016 4:00,14.93,76.528,,,,,
5/19/2016 4:15,14.93,76.528,,,,,
5/19/2016 4:30,14.93,76.528,,,,,
5/19/2016 4:45,14.93,76.528,,,,,
5/19/2016 5:00,14.9322,76.528,,,,,
5/19/2016 5:15,14.9345,76.528,,,,,
5/19/2016 5:30,14.939,76.528,,,,,
5/19/2016 5:45,14.9412,76.528,,,,,
5/19/2016 6:00,14.9412,76.528,,,,,
5/19/2016 6:15,14.939,76.528,,,,,
5/19/2016 6:30,14.9457,76.528,,,,,
5/19/2016 6:45,14.9412,76.528,,,,,
5/19/2016 7:00,14.9435,76.528,,,,,
5/19/2016 7:15,14.9457,76.528,,,,,
5/19/2016 7:30,14.948,76.528,,,,,
5/19/2016 7:45,14.9525,76.528,,,,,
5/19/2016 8:00,14.957,76.528,,,,,
5/19/2016 8:15,14.9592,76.528,,,,,
5/19/2016 8:30,14.9615,76.528,,,,,
5/19/2016 8:45,14.9638,76.528,,,,,
5/19/2016 9:00,14.9683,76.528,,,,,
5/19/2016 9:15,14.9711,76.703,,,,,
5/19/2016 9:30,14.9756,76.703,,,,,
5/19/2016 9:45,14.9734,76.703,,,,,
5/19/2016 10:00,14.9689,76.703,,,,,
5/19/2016 10:15,14.9734,76.703,,,,,
5/19/2016 10:30,14.9695,76.876,,,,,
5/19/2016 10:45,14.9695,76.876,,,,,
5/19/2016 11:00,14.9695,76.876,,,,,
5/19/2016 11:15,14.9672,76.876,,,,,
5/19/2016 11:30,14.9677,77.05,,,,,
5/19/2016 11:45,14.9611,77.05,,,,,
5/19/2016 12:00,14.9566,77.05,,,,,
5/19/2016 12:15,14.9572,77.225,,,,,
5/19/2016 12:30,14.9503,77.225,,,,,
5/19/2016 12:45,14.9458,77.225,,,,,
5/19/2016 13:00,14.9398,77.4,,,,,
5/19/2016 13:15,14.9403,77.574,,,,,
5/19/2016 13:30,14.9358,77.574,,,,,
5/19/2016 13:45,14.9313,77.574,,,,,
5/19/2016 14:00,14.9297,77.749,,,,,
5/19/2016 14:15,14.9253,77.749,,,,,
5/19/2016 14:30,14.9208,77.749,,,,,
5/19/2016 14:45,14.9139,77.749,,,,,
5/19/2016 15:00,14.9118,77.749,,,,,
5/19/2016 15:15,14.9118,77.749,,,,,
5/19/2016 15:30,14.9073,77.749,,,,,
5/19/2016 15:45,14.9123,77.923,,,,,
5/19/2016 16:00,14.9123,77.923,,,,,
5/19/2016 16:15,14.9118,77.749,,,,,
5/19/2016 16:30,14.9184,77.749,,,,,
5/19/2016 16:45,14.9184,77.749,,,,,
5/19/2016 17:00,14.9208,77.749,,,,,
5/19/2016 17:15,14.9163,77.749,,,,,
5/19/2016 17:30,14.9229,77.749,,,,,
5/19/2016 17:45,14.9229,77.749,,,,,
5/19/2016 18:00,14.9202,77.574,,,,,
5/19/2016 18:15,14.9224,77.574,,,,,
5/19/2016 18:30,14.9268,77.574,,,,,
5/19/2016 18:45,14.9292,77.574,,,,,
5/19/2016 19:00,14.9337,77.574,,,,,
5/19/2016 19:15,14.9382,77.574,,,,,
5/19/2016 19:30,14.9419,77.4,,,,,
5/19/2016 19:45,14.9443,77.4,,,,,
5/19/2016 20:00,14.9466,77.4,,,,,
5/19/2016 20:15,14.9487,77.4,,,,,
5/19/2016 20:30,14.9511,77.4,,,,,
5/19/2016 20:45,14.9511,77.4,,,,,
5/19/2016 21:00,14.9577,77.4,,,,,
5/19/2016 21:15,14.9593,77.225,,,,,
5/19/2016 21:30,14.9593,77.225,,,,,
5/19/2016 21:45,14.9617,77.225,,,,,
5/19/2016 22:00,14.9572,77.225,,,,,
5/19/2016 22:15,14.9593,77.225,,,,,
5/19/2016 22:30,14.9593,77.225,,,,,
5/19/2016 22:45,14.9617,77.225,,,,,
5/19/2016 23:00,14.9593,77.225,,,,,
5/19/2016 23:15,14.9593,77.225,,,,,
5/19/2016 23:30,14.9588,77.05,,,,,
5/19/2016 23:45,14.9566,77.05,,,,,
5/20/2016 0:00,14.9543,77.05,,,,,
5/20/2016 0:15,14.9521,77.05,,,,,
5/20/2016 0:30,14.9521,77.05,,,,,
5/20/2016 0:45,14.9521,77.05,,,,,
5/20/2016 1:00,14.9476,77.05,,,,,
5/20/2016 1:15,14.9476,77.05,,,,,
5/20/2016 1:30,14.9431,77.05,,,,,
5/20/2016 1:45,14.9386,77.05,,,,,
5/20/2016 2:00,14.9363,77.05,,,,,
5/20/2016 2:15,14.9341,77.05,,,,,
5/20/2016 2:30,14.9335,76.876,,,,,
5/20/2016 2:45,14.9312,76.876,,,,,
5/20/2016 3:00,14.9267,76.876,,,,,
5/20/2016 3:15,14.9245,76.876,,,,,
5/20/2016 3:30,14.9267,76.876,,,,,
5/20/2016 3:45,14.9222,76.876,,,,,
5/20/2016 4:00,14.92,76.876,,,,,
5/20/2016 4:15,14.9222,76.876,,,,,
5/20/2016 4:30,14.9245,76.876,,,,,
5/20/2016 4:45,14.9222,76.876,,,,,
5/20/2016 5:00,14.9245,76.876,,,,,
5/20/2016 5:15,14.929,76.876,,,,,
5/20/2016 5:30,14.929,76.876,,,,,
5/20/2016 5:45,14.9283,76.703,,,,,
5/20/2016 6:00,14.9261,76.703,,,,,
5/20/2016 6:15,14.9306,76.703,,,,,
5/20/2016 6:30,14.9374,76.703,,,,,
5/20/2016 6:45,14.9351,76.703,,,,,
5/20/2016 7:00,14.9351,76.703,,,,,
5/20/2016 7:15,14.9351,76.703,,,,,
5/20/2016 7:30,14.9374,76.703,,,,,
5/20/2016 7:45,14.9374,76.703,,,,,
5/20/2016 8:00,14.9419,76.703,,,,,
5/20/2016 8:15,14.9441,76.703,,,,,
5/20/2016 8:30,14.9419,76.703,,,,,
5/20/2016 8:45,14.9486,76.703,,,,,
5/20/2016 9:00,14.9509,76.703,,,,,
5/20/2016 9:15,14.9531,76.703,,,,,
5/20/2016 9:30,14.9554,76.703,,,,,
5/20/2016 9:45,14.9576,76.703,,,,,
5/20/2016 10:00,14.9605,76.876,,,,,
5/20/2016 10:15,14.9537,76.876,,,,,
5/20/2016 10:30,14.9582,76.876,,,,,
5/20/2016 10:45,14.9543,77.05,,,,,
5/20/2016 11:00,14.9498,77.05,,,,,
5/20/2016 11:15,14.9476,77.05,,,,,
5/20/2016 11:30,14.9458,77.225,,,,,
5/20/2016 11:45,14.9437,77.225,,,,,
5/20/2016 12:00,14.9419,77.4,,,,,
5/20/2016 12:13,,,,Logged,,,
5/20/2016 12:14,,,,,Logged,,
5/20/2016 12:14,,,,,,Logged,Logged
