Date,Time,Abs Pres (psi) c:1 2,Temp (°F) c:2,Coupler Detached,Coupler Attached,Host Connected,Stopped,End Of File
12/22/2023,12:45,14.5934,87.552,Logged,,,,
12/22/2023,13:00,14.5885,83.935,,,,,
12/22/2023,13:15,14.5866,82.33,,,,,
12/22/2023,13:30,14.5847,82.152,,,,,
12/22/2023,13:45,14.5799,82.152,,,,,
12/22/2023,14:00,14.5799,82.152,,,,,
12/22/2023,14:15,14.578,82.686,,,,,
12/22/2023,14:30,14.5753,82.864,,,,,
12/22/2023,14:45,14.573,82.508,,,,,
12/22/2023,15:00,14.5748,82.686,,,,,
12/22/2023,15:15,14.5748,82.686,,,,,
12/22/2023,15:30,14.5757,82.33,,,,,
12/22/2023,15:45,14.5721,82.152,,,,,
12/22/2023,16:00,14.5714,81.797,,,,,
12/22/2023,16:15,14.5741,81.621,,,,,
12/22/2023,16:30,14.5785,81.442,,,,,
12/22/2023,16:45,14.578,81.266,,,,,
12/22/2023,17:00,14.5785,81.442,,,,,
12/22/2023,17:15,14.5796,81.266,,,,,
12/22/2023,17:30,14.573,81.09,,,,,
12/22/2023,17:45,14.5776,81.09,,,,,
12/22/2023,18:00,14.5789,80.911,,,,,
12/22/2023,18:15,14.5812,80.559,,,,,
12/22/2023,18:30,14.5856,80.382,,,,,
12/22/2023,18:45,14.5902,80.382,,,,,
12/22/2023,19:00,14.5898,80.206,,,,,
12/22/2023,19:15,14.593,80.206,,,,,
12/22/2023,19:30,14.5925,80.029,,,,,
12/22/2023,19:45,14.5957,80.029,,,,,
12/22/2023,20:00,14.5985,79.853,,,,,
12/22/2023,20:15,14.6001,79.853,,,,,
12/22/2023,20:30,14.5988,80.029,,,,,
12/22/2023,20:45,14.6015,79.853,,,,,
12/22/2023,21:00,14.6063,79.853,,,,,
12/22/2023,21:15,14.6091,79.678,,,,,
12/22/2023,21:30,14.6121,79.678,,,,,
12/22/2023,21:45,14.6121,79.678,,,,,
12/22/2023,22:00,14.6153,79.678,,,,,
12/22/2023,22:15,14.6169,79.678,,,,,
12/22/2023,22:30,14.6199,79.678,,,,,
12/22/2023,22:45,14.6188,79.853,,,,,
12/22/2023,23:00,14.6184,79.678,,,,,
12/22/2023,23:15,14.6184,79.678,,,,,
12/22/2023,23:30,14.6199,79.678,,,,,
12/22/2023,23:45,14.6197,79.502,,,,,
12/23/2023,0:00,14.6146,79.326,,,,,
12/23/2023,0:15,14.6111,79.151,,,,,
12/23/2023,0:30,14.6111,79.151,,,,,
12/23/2023,0:45,14.6079,79.151,,,,,
12/23/2023,1:00,14.6044,78.975,,,,,
12/23/2023,1:15,14.6001,79.151,,,,,
12/23/2023,1:30,14.5938,79.151,,,,,
12/23/2023,1:45,14.5922,79.151,,,,,
12/23/2023,2:00,14.5907,79.151,,,,,
12/23/2023,2:15,14.5907,79.151,,,,,
12/23/2023,2:30,14.5841,78.975,,,,,
12/23/2023,2:45,14.5888,78.975,,,,,
12/23/2023,3:00,14.5848,78.624,,,,,
12/23/2023,3:15,14.5857,78.274,,,,,
12/23/2023,3:30,14.5841,78.274,,,,,
12/23/2023,3:45,14.583,78.449,,,,,
12/23/2023,4:00,14.5798,78.449,,,,,
12/23/2023,4:15,14.5834,78.624,,,,,
12/23/2023,4:30,14.5798,78.449,,,,,
12/23/2023,4:45,14.5848,78.624,,,,,
12/23/2023,5:00,14.5864,78.624,,,,,
12/23/2023,5:15,14.5896,78.624,,,,,
12/23/2023,5:30,14.5927,78.624,,,,,
12/23/2023,5:45,14.5989,78.624,,,,,
12/23/2023,6:00,14.6005,78.624,,,,,
12/23/2023,6:15,14.6037,78.624,,,,,
12/23/2023,6:30,14.6037,78.624,,,,,
12/23/2023,6:45,14.604,78.8,,,,,
12/23/2023,7:00,14.6056,78.8,,,,,
12/23/2023,7:15,14.6075,78.975,,,,,
12/23/2023,7:30,14.6095,79.151,,,,,
12/23/2023,7:45,14.6098,79.326,,,,,
12/23/2023,8:00,14.6118,79.502,,,,,
12/23/2023,8:15,14.6107,79.678,,,,,
12/23/2023,8:30,14.6107,79.678,,,,,
12/23/2023,8:45,14.6126,79.853,,,,,
12/23/2023,9:00,14.6149,79.502,,,,,
12/23/2023,9:15,14.6095,78.449,,,,,
12/23/2023,9:30,14.6056,78.8,,,,,
12/23/2023,9:45,14.6072,78.8,,,,,
12/23/2023,10:00,14.6065,78.449,,,,,
12/23/2023,10:15,14.6053,78.624,,,,,
12/23/2023,10:30,14.6047,79.151,,,,,
12/23/2023,10:45,14.6028,79.678,,,,,
12/23/2023,11:00,14.602,80.029,,,,,
12/23/2023,11:15,14.5999,80.559,,,,,
12/23/2023,11:30,14.598,81.09,,,,,
12/23/2023,11:45,14.5967,81.266,,,,,
12/23/2023,12:00,14.5949,81.797,,,,,
12/23/2023,12:15,14.5951,81.975,,,,,
12/23/2023,12:30,14.5912,82.33,,,,,
12/23/2023,12:45,14.5905,82.686,,,,,
12/23/2023,13:00,14.5909,82.864,,,,,
12/23/2023,13:15,14.5924,82.864,,,,,
12/23/2023,13:30,14.5921,82.686,,,,,
12/23/2023,13:45,14.5886,82.508,,,,,
12/23/2023,14:00,14.5882,83.043,,,,,
12/23/2023,14:15,14.5866,83.043,,,,,
12/23/2023,14:30,14.5819,83.043,,,,,
12/23/2023,14:45,14.5783,82.864,,,,,
12/23/2023,15:00,14.5764,82.686,,,,,
12/23/2023,15:15,14.5783,82.864,,,,,
12/23/2023,15:30,14.576,82.508,,,,,
12/23/2023,15:45,14.5772,82.33,,,,,
12/23/2023,16:00,14.5769,82.152,,,,,
12/23/2023,16:15,14.5732,81.975,,,,,
12/23/2023,16:30,14.5764,81.975,,,,,
12/23/2023,16:45,14.5792,81.797,,,,,
12/23/2023,17:00,14.5827,81.975,,,,,
12/23/2023,17:15,14.5838,81.797,,,,,
12/23/2023,17:30,14.5859,81.266,,,,,
12/23/2023,17:45,14.587,81.09,,,,,
12/23/2023,18:00,14.5886,81.09,,,,,
12/23/2023,18:15,14.5914,80.911,,,,,
12/23/2023,18:30,14.5917,81.09,,,,,
12/23/2023,18:45,14.5972,80.735,,,,,
12/23/2023,19:00,14.5999,80.559,,,,,
12/23/2023,19:15,14.5996,80.382,,,,,
12/23/2023,19:30,14.5996,80.382,,,,,
12/23/2023,19:45,14.6043,80.382,,,,,
12/23/2023,20:00,14.6043,80.382,,,,,
12/23/2023,20:15,14.6094,80.559,,,,,
12/23/2023,20:30,14.611,80.559,,,,,
12/23/2023,20:45,14.6105,80.382,,,,,
12/23/2023,21:00,14.6133,80.206,,,,,
12/23/2023,21:15,14.6149,80.206,,,,,
12/23/2023,21:30,14.616,80.029,,,,,
12/23/2023,21:45,14.616,80.029,,,,,
12/23/2023,22:00,14.6157,79.853,,,,,
12/23/2023,22:15,14.622,79.853,,,,,
12/23/2023,22:30,14.6258,80.206,,,,,
12/23/2023,22:45,14.6227,80.206,,,,,
12/23/2023,23:00,14.6227,80.206,,,,,
12/23/2023,23:15,14.6243,80.206,,,,,
12/23/2023,23:30,14.6211,80.206,,,,,
12/23/2023,23:45,14.6181,80.206,,,,,
12/24/2023,0:00,14.6165,80.206,,,,,
12/24/2023,0:15,14.6117,80.206,,,,,
12/24/2023,0:30,14.6117,80.206,,,,,
12/24/2023,0:45,14.6086,80.206,,,,,
12/24/2023,1:00,14.6066,80.029,,,,,
12/24/2023,1:15,14.6001,79.853,,,,,
12/24/2023,1:30,14.5969,79.853,,,,,
12/24/2023,1:45,14.595,79.678,,,,,
12/24/2023,2:00,14.5934,79.678,,,,,
12/24/2023,2:15,14.5902,79.678,,,,,
12/24/2023,2:30,14.5891,79.853,,,,,
12/24/2023,2:45,14.586,79.853,,,,,
12/24/2023,3:00,14.5833,80.029,,,,,
12/24/2023,3:15,14.5833,80.029,,,,,
12/24/2023,3:30,14.5833,80.029,,,,,
12/24/2023,3:45,14.5867,79.502,,,,,
12/24/2023,4:00,14.5844,79.151,,,,,
12/24/2023,4:15,14.5856,78.975,,,,,
12/24/2023,4:30,14.5904,78.975,,,,,
12/24/2023,4:45,14.5899,78.8,,,,,
12/24/2023,5:00,14.5899,78.8,,,,,
12/24/2023,5:15,14.5962,78.8,,,,,
12/24/2023,5:30,14.6005,78.624,,,,,
12/24/2023,5:45,14.6053,78.624,,,,,
12/24/2023,6:00,14.6099,78.624,,,,,
12/24/2023,6:15,14.6115,78.624,,,,,
12/24/2023,6:30,14.6127,78.449,,,,,
12/24/2023,6:45,14.6651,78.8,,,,,
12/24/2023,7:00,14.7089,78.8,,,,,
12/24/2023,7:15,14.6975,78.624,,,,,
12/24/2023,7:30,14.68,78.449,,,,,
12/24/2023,7:45,14.6709,78.624,,,,,
12/24/2023,8:00,14.6632,78.624,,,,,
12/24/2023,8:15,14.6627,78.449,,,,,
12/24/2023,8:30,14.6553,78.624,,,,,
12/24/2023,8:45,14.651,78.8,,,,,
12/24/2023,9:00,14.6466,78.975,,,,,
12/24/2023,9:15,14.6388,78.975,,,,,
12/24/2023,9:30,14.6298,79.151,,,,,
12/24/2023,9:45,14.6211,79.502,,,,,
12/24/2023,10:00,14.6184,79.678,,,,,
12/24/2023,10:15,14.6144,80.029,,,,,
12/24/2023,10:30,14.6137,80.382,,,,,
12/24/2023,10:45,14.6082,80.735,,,,,
12/24/2023,11:00,14.6112,80.735,,,,,
12/24/2023,11:15,14.6117,80.911,,,,,
12/24/2023,11:30,14.6133,80.911,,,,,
12/24/2023,11:45,14.6149,80.911,,,,,
12/24/2023,12:00,14.6128,80.735,,,,,
12/24/2023,12:15,14.6128,80.735,,,,,
12/24/2023,12:30,14.611,81.266,,,,,
12/24/2023,12:45,14.6124,81.266,,,,,
12/24/2023,13:00,14.6097,81.442,,,,,
12/24/2023,13:15,14.6117,81.621,,,,,
12/24/2023,13:30,14.6089,81.797,,,,,
12/24/2023,13:45,14.6089,81.797,,,,,
12/24/2023,14:00,14.6043,81.797,,,,,
12/24/2023,14:15,14.6018,81.442,,,,,
12/24/2023,14:30,14.6073,81.09,,,,,
12/24/2023,14:45,14.6038,80.911,,,,,
12/24/2023,15:00,14.5965,81.09,,,,,
12/24/2023,15:15,14.5949,81.09,,,,,
12/24/2023,15:30,14.5949,81.09,,,,,
12/24/2023,15:45,14.596,80.911,,,,,
12/24/2023,16:00,14.5944,80.911,,,,,
12/24/2023,16:15,14.593,80.911,,,,,
12/24/2023,16:30,14.596,80.911,,,,,
12/24/2023,16:45,14.5969,80.559,,,,,
12/24/2023,17:00,14.6004,80.735,,,,,
12/24/2023,17:15,14.6031,80.559,,,,,
12/24/2023,17:30,14.6036,80.029,,,,,
12/24/2023,17:45,14.5969,79.853,,,,,
12/24/2023,18:00,14.6024,79.502,,,,,
12/24/2023,18:15,14.6056,79.502,,,,,
12/24/2023,18:30,14.6056,79.502,,,,,
12/24/2023,18:45,14.607,79.502,,,,,
12/24/2023,19:00,14.6086,79.502,,,,,
12/24/2023,19:15,14.6181,79.502,,,,,
12/24/2023,19:30,14.6211,79.502,,,,,
12/24/2023,19:45,14.6271,79.326,,,,,
12/24/2023,20:00,14.6263,78.975,,,,,
12/24/2023,20:15,14.6279,78.975,,,,,
12/24/2023,20:30,14.6291,78.8,,,,,
12/24/2023,20:45,14.6314,79.151,,,,,
12/24/2023,21:00,14.6365,79.326,,,,,
12/24/2023,21:15,14.6381,79.326,,,,,
12/24/2023,21:30,14.6427,79.326,,,,,
12/24/2023,21:45,14.6404,78.975,,,,,
12/24/2023,22:00,14.649,78.624,,,,,
12/24/2023,22:15,14.6584,78.624,,,,,
12/24/2023,22:30,14.6475,78.624,,,,,
12/24/2023,22:45,14.644,78.449,,,,,
12/24/2023,23:00,14.6632,78.624,,,,,
12/24/2023,23:15,14.687,78.8,,,,,
12/24/2023,23:30,14.6978,78.8,,,,,
12/24/2023,23:45,14.69,78.8,,,,,
12/25/2023,0:00,14.6823,78.8,,,,,
12/25/2023,0:15,14.6756,78.624,,,,,
12/25/2023,0:30,14.674,78.624,,,,,
12/25/2023,0:45,14.6646,78.624,,,,,
12/25/2023,1:00,14.6553,78.624,,,,,
12/25/2023,1:15,14.6521,78.624,,,,,
12/25/2023,1:30,14.6413,78.624,,,,,
12/25/2023,1:45,14.6365,78.624,,,,,
12/25/2023,2:00,14.6298,78.449,,,,,
12/25/2023,2:15,14.6236,78.449,,,,,
12/25/2023,2:30,14.6205,78.449,,,,,
12/25/2023,2:45,14.6173,78.449,,,,,
12/25/2023,3:00,14.6115,78.624,,,,,
12/25/2023,3:15,14.613,78.624,,,,,
12/25/2023,3:30,14.6083,78.624,,,,,
12/25/2023,3:45,14.6162,78.624,,,,,
12/25/2023,4:00,14.6197,78.8,,,,,
12/25/2023,4:15,14.6228,78.8,,,,,
12/25/2023,4:30,14.6302,78.624,,,,,
12/25/2023,4:45,14.6334,78.624,,,,,
12/25/2023,5:00,14.6307,78.8,,,,,
12/25/2023,5:15,14.6243,78.8,,,,,
12/25/2023,5:30,14.6307,78.8,,,,,
12/25/2023,5:45,14.6307,78.8,,,,,
12/25/2023,6:00,14.6369,78.8,,,,,
12/25/2023,6:15,14.6385,78.8,,,,,
12/25/2023,6:30,14.64,78.8,,,,,
12/25/2023,6:45,14.6432,78.8,,,,,
12/25/2023,7:00,14.6482,78.975,,,,,
12/25/2023,7:15,14.6529,78.975,,,,,
12/25/2023,7:30,14.6564,79.151,,,,,
12/25/2023,7:45,14.6587,79.502,,,,,
12/25/2023,8:00,14.6556,79.502,,,,,
12/25/2023,8:15,14.6529,79.678,,,,,
12/25/2023,8:30,14.6474,80.029,,,,,
12/25/2023,8:45,14.6501,79.853,,,,,
12/25/2023,9:00,14.6532,79.853,,,,,
12/25/2023,9:15,14.6545,79.678,,,,,
12/25/2023,9:30,14.6552,80.029,,,,,
12/25/2023,9:45,14.6532,79.853,,,,,
12/25/2023,10:00,14.6485,80.559,,,,,
12/25/2023,10:15,14.6492,80.911,,,,,
12/25/2023,10:30,14.6492,80.911,,,,,
12/25/2023,10:45,14.6446,80.911,,,,,
12/25/2023,11:00,14.6442,80.735,,,,,
12/25/2023,11:15,14.6391,81.266,,,,,
12/25/2023,11:30,14.6382,81.621,,,,,
12/25/2023,11:45,14.6375,81.975,,,,,
12/25/2023,12:00,14.6331,82.152,,,,,
12/25/2023,12:15,14.6308,81.797,,,,,
12/25/2023,12:30,14.6242,81.621,,,,,
12/25/2023,12:45,14.6269,81.442,,,,,
12/25/2023,13:00,14.6258,81.621,,,,,
12/25/2023,13:15,14.626,82.508,,,,,
12/25/2023,13:30,14.6207,82.152,,,,,
12/25/2023,13:45,14.6214,81.797,,,,,
12/25/2023,14:00,14.6207,82.152,,,,,
12/25/2023,14:15,14.6202,82.686,,,,,
12/25/2023,14:30,14.6182,83.221,,,,,
12/25/2023,14:45,14.6175,83.579,,,,,
12/25/2023,15:00,14.6156,83.399,,,,,
12/25/2023,15:15,14.6143,83.579,,,,,
12/25/2023,15:30,14.6152,83.221,,,,,
12/25/2023,15:45,14.6108,82.686,,,,,
12/25/2023,16:00,14.6136,82.508,,,,,
12/25/2023,16:15,14.614,81.975,,,,,
12/25/2023,16:30,14.6133,81.621,,,,,
12/25/2023,16:45,14.6082,81.442,,,,,
12/25/2023,17:00,14.6112,81.442,,,,,
12/25/2023,17:15,14.6156,81.266,,,,,
12/25/2023,17:30,14.6184,81.09,,,,,
12/25/2023,17:45,14.6227,80.911,,,,,
12/25/2023,18:00,14.6273,80.911,,,,,
12/25/2023,18:15,14.6289,80.911,,,,,
12/25/2023,18:30,14.6331,80.735,,,,,
12/25/2023,18:45,14.6317,80.735,,,,,
12/25/2023,19:00,14.6301,80.735,,,,,
12/25/2023,19:15,14.6297,80.559,,,,,
12/25/2023,19:30,14.6308,80.382,,,,,
12/25/2023,19:45,14.6387,80.382,,,,,
12/25/2023,20:00,14.6434,80.382,,,,,
12/25/2023,20:15,14.6437,80.559,,,,,
12/25/2023,20:30,14.6485,80.559,,,,,
12/25/2023,20:45,14.6488,80.735,,,,,
12/25/2023,21:00,14.655,80.735,,,,,
12/25/2023,21:15,14.6582,80.735,,,,,
12/25/2023,21:30,14.6614,80.735,,,,,
12/25/2023,21:45,14.661,80.559,,,,,
12/25/2023,22:00,14.6642,80.559,,,,,
12/25/2023,22:15,14.6653,80.382,,,,,
12/25/2023,22:30,14.6656,80.559,,,,,
12/25/2023,22:45,14.6688,80.559,,,,,
12/25/2023,23:00,14.6688,80.559,,,,,
12/25/2023,23:15,14.6684,80.382,,,,,
12/25/2023,23:30,14.6653,80.382,,,,,
12/25/2023,23:45,14.6603,80.206,,,,,
12/26/2023,0:00,14.6571,80.206,,,,,
12/26/2023,0:15,14.6555,80.206,,,,,
12/26/2023,0:30,14.6571,80.206,,,,,
12/26/2023,0:45,14.6614,80.029,,,,,
12/26/2023,1:00,14.6579,79.853,,,,,
12/26/2023,1:15,14.6559,79.678,,,,,
12/26/2023,1:30,14.6529,79.678,,,,,
12/26/2023,1:45,14.6529,79.678,,,,,
12/26/2023,2:00,14.6469,79.853,,,,,
12/26/2023,2:15,14.6395,80.029,,,,,
12/26/2023,2:30,14.6363,80.029,,,,,
12/26/2023,2:45,14.6376,79.853,,,,,
12/26/2023,3:00,14.634,79.678,,,,,
12/26/2023,3:15,14.6326,79.678,,,,,
12/26/2023,3:30,14.6282,79.853,,,,,
12/26/2023,3:45,14.6266,79.853,,,,,
12/26/2023,4:00,14.6266,79.853,,,,,
12/26/2023,4:15,14.6326,79.678,,,,,
12/26/2023,4:30,14.634,79.678,,,,,
12/26/2023,4:45,14.6372,79.678,,,,,
12/26/2023,5:00,14.6418,79.678,,,,,
12/26/2023,5:15,14.645,79.678,,,,,
12/26/2023,5:30,14.6462,79.502,,,,,
12/26/2023,5:45,14.6462,79.502,,,,,
12/26/2023,6:00,14.6462,79.502,,,,,
12/26/2023,6:15,14.6494,79.502,,,,,
12/26/2023,6:30,14.6556,79.502,,,,,
12/26/2023,6:45,14.6584,79.326,,,,,
12/26/2023,7:00,14.6727,79.502,,,,,
12/26/2023,7:15,14.6794,79.678,,,,,
12/26/2023,7:30,14.6783,79.853,,,,,
12/26/2023,7:45,14.6817,80.029,,,,,
12/26/2023,8:00,14.6849,80.029,,,,,
12/26/2023,8:15,14.6952,78.274,,,,,
12/26/2023,8:30,14.697,76.876,,,,,
12/26/2023,8:45,14.6978,76.528,,,,,
12/26/2023,9:00,14.7,76.876,,,,,
12/26/2023,9:15,14.697,76.876,,,,,
12/26/2023,9:30,14.698,77.4,,,,,
12/26/2023,9:45,14.6922,77.574,,,,,
12/26/2023,10:00,14.6851,77.923,,,,,
12/26/2023,10:15,14.6855,78.098,,,,,
12/26/2023,10:30,14.6788,77.923,,,,,
12/26/2023,10:45,14.6749,78.274,,,,,
12/26/2023,11:00,14.6784,78.449,,,,,
12/26/2023,11:15,14.6819,78.624,,,,,
12/26/2023,11:30,14.6729,78.8,,,,,
12/26/2023,11:45,14.6697,78.8,,,,,
12/26/2023,12:00,14.6646,78.624,,,,,
12/26/2023,12:15,14.6646,78.624,,,,,
12/26/2023,12:30,14.6646,78.624,,,,,
12/26/2023,12:45,14.6635,78.8,,,,,
12/26/2023,13:00,14.6697,78.8,,,,,
12/26/2023,13:15,14.6619,78.8,,,,,
12/26/2023,13:30,14.6623,78.975,,,,,
12/26/2023,13:45,14.6607,78.975,,,,,
12/26/2023,14:00,14.6556,78.8,,,,,
12/26/2023,14:15,14.6521,78.624,,,,,
12/26/2023,14:30,14.6459,78.624,,,,,
12/26/2023,14:45,14.649,78.624,,,,,
12/26/2023,15:00,14.6537,78.624,,,,,
12/26/2023,15:15,14.6537,78.624,,,,,
12/26/2023,15:30,14.6646,78.624,,,,,
12/26/2023,15:45,14.6662,78.624,,,,,
12/26/2023,16:00,14.674,78.624,,,,,
12/26/2023,16:15,14.6772,78.624,,,,,
12/26/2023,16:30,14.6787,78.624,,,,,
12/26/2023,16:45,14.6787,78.624,,,,,
12/26/2023,17:00,14.6835,78.624,,,,,
12/26/2023,17:15,14.6878,78.449,,,,,
12/26/2023,17:30,14.6941,78.449,,,,,
12/26/2023,17:45,14.7019,78.449,,,,,
12/26/2023,18:00,14.6971,78.449,,,,,
12/26/2023,18:15,14.6971,78.449,,,,,
12/26/2023,18:30,14.7097,78.449,,,,,
12/26/2023,18:45,14.7065,78.449,,,,,
12/26/2023,19:00,14.7112,78.449,,,,,
12/26/2023,19:15,14.7144,78.449,,,,,
12/26/2023,19:30,14.719,78.449,,,,,
12/26/2023,19:45,14.7174,78.449,,,,,
12/26/2023,20:00,14.716,78.449,,,,,
12/26/2023,20:15,14.716,78.449,,,,,
12/26/2023,20:30,14.719,78.449,,,,,
12/26/2023,20:45,14.7139,78.274,,,,,
12/26/2023,21:00,14.7139,78.274,,,,,
12/26/2023,21:15,14.7155,78.274,,,,,
12/26/2023,21:30,14.7155,78.274,,,,,
12/26/2023,21:45,14.7125,78.274,,,,,
12/26/2023,22:00,14.7139,78.274,,,,,
12/26/2023,22:15,14.7109,78.274,,,,,
12/26/2023,22:30,14.7105,78.098,,,,,
12/26/2023,22:45,14.7105,78.098,,,,,
12/26/2023,23:00,14.7136,78.098,,,,,
12/26/2023,23:15,14.712,78.098,,,,,
12/26/2023,23:30,14.7105,78.098,,,,,
12/26/2023,23:45,14.7058,78.098,,,,,
12/27/2023,0:00,14.7026,78.098,,,,,
12/27/2023,0:15,14.6964,78.098,,,,,
12/27/2023,0:30,14.6948,78.098,,,,,
12/27/2023,0:45,14.6945,77.923,,,,,
12/27/2023,1:00,14.6883,77.923,,,,,
12/27/2023,1:15,14.6835,77.923,,,,,
12/27/2023,1:30,14.6756,77.923,,,,,
12/27/2023,1:45,14.6742,77.923,,,,,
12/27/2023,2:00,14.6694,77.923,,,,,
12/27/2023,2:15,14.6678,77.923,,,,,
12/27/2023,2:30,14.6616,77.923,,,,,
12/27/2023,2:45,14.66,77.923,,,,,
12/27/2023,3:00,14.6581,77.749,,,,,
12/27/2023,3:15,14.6565,77.749,,,,,
12/27/2023,3:30,14.6535,77.749,,,,,
12/27/2023,3:45,14.6523,77.923,,,,,
12/27/2023,4:00,14.6523,77.923,,,,,
12/27/2023,4:15,14.6507,77.923,,,,,
12/27/2023,4:30,14.6537,77.923,,,,,
12/27/2023,4:45,14.6535,77.749,,,,,
12/27/2023,5:00,14.6519,77.749,,,,,
12/27/2023,5:15,14.6597,77.749,,,,,
12/27/2023,5:30,14.655,77.749,,,,,
12/27/2023,5:45,14.6565,77.749,,,,,
12/27/2023,6:00,14.6613,77.749,,,,,
12/27/2023,6:15,14.6632,77.923,,,,,
12/27/2023,6:30,14.6616,77.923,,,,,
12/27/2023,6:45,14.6651,78.098,,,,,
12/27/2023,7:00,14.6655,78.274,,,,,
12/27/2023,7:15,14.6706,78.449,,,,,
12/27/2023,7:30,14.6725,78.624,,,,,
12/27/2023,7:45,14.6729,78.8,,,,,
12/27/2023,8:00,14.6748,78.975,,,,,
12/27/2023,8:15,14.6752,79.151,,,,,
12/27/2023,8:30,14.674,79.326,,,,,
12/27/2023,8:45,14.6713,79.502,,,,,
12/27/2023,9:00,14.6764,79.678,,,,,
12/27/2023,9:15,14.6764,79.678,,,,,
12/27/2023,9:30,14.6732,79.678,,,,,
12/27/2023,9:45,14.6723,80.029,,,,,
12/27/2023,10:00,14.6732,80.382,,,,,
12/27/2023,10:15,14.6746,80.382,,,,,
12/27/2023,10:30,14.6704,80.559,,,,,
12/27/2023,10:45,14.6696,80.911,,,,,
12/27/2023,11:00,14.6672,81.266,,,,,
12/27/2023,11:15,14.6677,81.442,,,,,
12/27/2023,11:30,14.6668,81.797,,,,,
12/27/2023,11:45,14.6645,82.152,,,,,
12/27/2023,12:00,14.6624,82.686,,,,,
12/27/2023,12:15,14.661,83.399,,,,,
12/27/2023,12:30,14.6558,83.935,,,,,
12/27/2023,12:45,14.655,84.295,,,,,
12/27/2023,13:00,14.6527,84.654,,,,,
12/27/2023,13:15,14.6508,85.194,,,,,
12/27/2023,13:30,14.6465,85.374,,,,,
12/27/2023,13:45,14.6485,85.554,,,,,
12/27/2023,14:00,14.6458,85.735,,,,,
12/27/2023,14:15,14.6434,86.097,,,,,
12/27/2023,14:30,14.64,86.641,,,,,
12/27/2023,14:45,14.64,86.641,,,,,
12/27/2023,15:00,14.6381,87.186,,,,,
12/27/2023,15:15,14.6374,87.552,,,,,
12/27/2023,15:30,14.6337,86.641,,,,,
12/27/2023,15:45,14.6313,86.277,,,,,
12/27/2023,16:00,14.6372,86.823,,,,,
12/27/2023,16:15,14.6345,86.277,,,,,
12/27/2023,16:30,14.634,85.374,,,,,
12/27/2023,16:45,14.632,84.474,,,,,
12/27/2023,17:00,14.6343,84.115,,,,,
12/27/2023,17:15,14.635,83.757,,,,,
12/27/2023,17:30,14.6343,83.399,,,,,
12/27/2023,17:45,14.635,83.043,,,,,
12/27/2023,18:00,14.6378,82.864,,,,,
12/27/2023,18:15,14.6403,82.508,,,,,
12/27/2023,18:30,14.6426,82.152,,,,,
12/27/2023,18:45,14.6465,81.797,,,,,
12/27/2023,19:00,14.6488,81.442,,,,,
12/27/2023,19:15,14.6492,80.911,,,,,
12/27/2023,19:30,14.6532,80.559,,,,,
12/27/2023,19:45,14.6555,80.206,,,,,
12/27/2023,20:00,14.6564,79.853,,,,,
12/27/2023,20:15,14.6559,79.678,,,,,
12/27/2023,20:30,14.6591,79.678,,,,,
12/27/2023,20:45,14.6603,79.502,,,,,
12/27/2023,21:00,14.6603,79.502,,,,,
12/27/2023,21:15,14.6619,79.502,,,,,
12/27/2023,21:30,14.663,79.326,,,,,
12/27/2023,21:45,14.663,79.326,,,,,
12/27/2023,22:00,14.663,79.326,,,,,
12/27/2023,22:15,14.6658,79.151,,,,,
12/27/2023,22:30,14.669,79.151,,,,,
12/27/2023,22:45,14.6685,78.975,,,,,
12/27/2023,23:00,14.6685,78.975,,,,,
12/27/2023,23:15,14.6667,78.8,,,,,
12/27/2023,23:30,14.6667,78.8,,,,,
12/27/2023,23:45,14.6667,78.8,,,,,
12/28/2023,0:00,14.6646,78.624,,,,,
12/28/2023,0:15,14.66,78.624,,,,,
12/28/2023,0:30,14.6584,78.624,,,,,
12/28/2023,0:45,14.6588,78.8,,,,,
12/28/2023,1:00,14.6577,78.975,,,,,
12/28/2023,1:15,14.6568,79.326,,,,,
12/28/2023,1:30,14.6575,79.678,,,,,
12/28/2023,1:45,14.6997,79.678,,,,,
12/28/2023,2:00,14.6946,79.502,,,,,
12/28/2023,2:15,14.7052,79.326,,,,,
12/28/2023,2:30,14.7601,79.326,,,,,
12/28/2023,2:45,14.7483,78.975,,,,,
12/28/2023,3:00,14.7374,78.975,,,,,
12/28/2023,3:15,14.7245,78.8,,,,,
12/28/2023,3:30,14.7213,78.8,,,,,
12/28/2023,3:45,14.712,78.8,,,,,
12/28/2023,4:00,14.7073,78.8,,,,,
12/28/2023,4:15,14.701,78.8,,,,,
12/28/2023,4:30,14.7054,78.624,,,,,
12/28/2023,4:45,14.7073,78.8,,,,,
12/28/2023,5:00,14.7042,78.8,,,,,
12/28/2023,5:15,14.7073,78.8,,,,,
12/28/2023,5:30,14.707,78.624,,,,,
12/28/2023,5:45,14.7084,78.624,,,,,
12/28/2023,6:00,14.71,78.624,,,,,
12/28/2023,6:15,14.71,78.624,,,,,
12/28/2023,6:30,14.7147,78.624,,,,,
12/28/2023,6:45,14.7151,78.8,,,,,
12/28/2023,7:00,14.7105,78.8,,,,,
12/28/2023,7:15,14.7135,78.8,,,,,
12/28/2023,7:30,14.7155,78.975,,,,,
12/28/2023,7:45,14.7096,79.151,,,,,
12/28/2023,8:00,14.7128,79.151,,,,,
12/28/2023,8:15,14.71,79.326,,,,,
12/28/2023,8:30,14.7103,79.502,,,,,
12/28/2023,8:45,14.7073,79.502,,,,,
12/28/2023,9:00,14.7076,79.678,,,,,
12/28/2023,9:15,14.7036,80.029,,,,,
12/28/2023,9:30,14.7041,80.206,,,,,
12/28/2023,9:45,14.7032,80.559,,,,,
12/28/2023,10:00,14.6962,80.911,,,,,
12/28/2023,10:15,14.6949,81.09,,,,,
12/28/2023,10:30,14.6954,81.266,,,,,
12/28/2023,10:45,14.6899,81.621,,,,,
12/28/2023,11:00,14.688,81.442,,,,,
12/28/2023,11:15,14.6843,81.975,,,,,
12/28/2023,11:30,14.6804,82.33,,,,,
12/28/2023,11:45,14.6758,82.33,,,,,
12/28/2023,12:00,14.6735,81.975,,,,,
12/28/2023,12:15,14.6711,81.621,,,,,
12/28/2023,12:30,14.6707,81.442,,,,,
12/28/2023,12:45,14.6696,81.621,,,,,
12/28/2023,13:00,14.6765,81.975,,,,,
12/28/2023,13:15,14.6841,81.797,,,,,
12/28/2023,13:30,14.679,81.621,,,,,
12/28/2023,13:45,14.6751,81.266,,,,,
12/28/2023,14:00,14.6723,81.442,,,,,
12/28/2023,14:15,14.6672,81.266,,,,,
12/28/2023,14:30,14.6656,81.266,,,,,
12/28/2023,14:45,14.6629,81.442,,,,,
12/28/2023,15:00,14.6601,82.33,,,,,
12/28/2023,15:15,14.6566,82.152,,,,,
12/28/2023,15:30,14.655,82.864,,,,,
12/28/2023,15:45,14.6539,83.043,,,,,
12/28/2023,16:00,14.6558,82.508,,,,,
12/28/2023,16:15,14.6574,81.797,,,,,
12/28/2023,16:30,14.6523,81.621,,,,,
12/28/2023,16:45,14.6539,81.621,,,,,
12/28/2023,17:00,14.6555,81.621,,,,,
12/28/2023,17:15,14.659,81.09,,,,,
12/28/2023,17:30,14.6633,80.911,,,,,
12/28/2023,17:45,14.6645,80.735,,,,,
12/28/2023,18:00,14.6677,80.735,,,,,
12/28/2023,18:15,14.6665,80.911,,,,,
12/28/2023,18:30,14.6642,80.559,,,,,
12/28/2023,18:45,14.6591,80.382,,,,,
12/28/2023,19:00,14.6633,80.206,,,,,
12/28/2023,19:15,14.663,80.029,,,,,
12/28/2023,19:30,14.6626,79.853,,,,,
12/28/2023,19:45,14.6658,79.853,,,,,
12/28/2023,20:00,14.6658,79.853,,,,,
12/28/2023,20:15,14.6669,79.678,,,,,
12/28/2023,20:30,14.6685,79.678,,,,,
12/28/2023,20:45,14.6649,79.502,,,,,
12/28/2023,21:00,14.6665,79.502,,,,,
12/28/2023,21:15,14.6614,79.326,,,,,
12/28/2023,21:30,14.6649,79.502,,,,,
12/28/2023,21:45,14.6677,79.326,,,,,
12/28/2023,22:00,14.6704,79.151,,,,,
12/28/2023,22:15,14.6736,79.151,,,,,
12/28/2023,22:30,14.669,79.151,,,,,
12/28/2023,22:45,14.6704,79.151,,,,,
12/28/2023,23:00,14.672,79.151,,,,,
12/28/2023,23:15,14.6752,79.151,,,,,
12/28/2023,23:30,14.669,79.151,,,,,
12/28/2023,23:45,14.6704,79.151,,,,,
12/29/2023,0:00,14.6653,78.975,,,,,
12/29/2023,0:15,14.6639,78.975,,,,,
12/29/2023,0:30,14.6653,78.975,,,,,
12/29/2023,0:45,14.6653,78.975,,,,,
12/29/2023,1:00,14.6607,78.975,,,,,
12/29/2023,1:15,14.6561,78.975,,,,,
12/29/2023,1:30,14.6572,78.8,,,,,
12/29/2023,1:45,14.654,78.8,,,,,
12/29/2023,2:00,14.6526,78.8,,,,,
12/29/2023,2:15,14.6521,78.624,,,,,
12/29/2023,2:30,14.6506,78.624,,,,,
12/29/2023,2:45,14.6506,78.624,,,,,
12/29/2023,3:00,14.6537,78.624,,,,,
12/29/2023,3:15,14.6537,78.624,,,,,
12/29/2023,3:30,14.6533,78.449,,,,,
12/29/2023,3:45,14.6517,78.449,,,,,
12/29/2023,4:00,14.6549,78.449,,,,,
12/29/2023,4:15,14.6517,78.449,,,,,
12/29/2023,4:30,14.6517,78.449,,,,,
12/29/2023,4:45,14.6533,78.449,,,,,
12/29/2023,5:00,14.6549,78.449,,,,,
12/29/2023,5:15,14.6517,78.449,,,,,
12/29/2023,5:30,14.6549,78.449,,,,,
12/29/2023,5:45,14.6581,78.449,,,,,
12/29/2023,6:00,14.6595,78.449,,,,,
12/29/2023,6:15,14.6611,78.449,,,,,
12/29/2023,6:30,14.6659,78.449,,,,,
12/29/2023,6:45,14.6678,78.624,,,,,
12/29/2023,7:00,14.6678,78.624,,,,,
12/29/2023,7:15,14.6717,78.975,,,,,
12/29/2023,7:30,14.6768,79.151,,,,,
12/29/2023,7:45,14.6775,79.502,,,,,
12/29/2023,8:00,14.6764,79.678,,,,,
12/29/2023,8:15,14.6767,79.853,,,,,
12/29/2023,8:30,14.6739,80.029,,,,,
12/29/2023,8:45,14.6822,80.206,,,,,
12/29/2023,9:00,14.6825,80.382,,,,,
12/29/2023,9:15,14.6833,80.735,,,,,
12/29/2023,9:30,14.6852,80.911,,,,,
12/29/2023,9:45,14.6841,81.09,,,,,
12/29/2023,10:00,14.6813,81.266,,,,,
12/29/2023,10:15,14.6801,81.442,,,,,
12/29/2023,10:30,14.6809,81.797,,,,,
12/29/2023,10:45,14.6797,81.975,,,,,
12/29/2023,11:00,14.682,82.33,,,,,
12/29/2023,11:15,14.6793,82.508,,,,,
12/29/2023,11:30,14.6754,82.864,,,,,
12/29/2023,11:45,14.6778,83.221,,,,,
12/29/2023,12:00,14.6769,83.579,,,,,
12/29/2023,12:15,14.6735,84.115,,,,,
12/29/2023,12:30,14.67,84.654,,,,,
12/29/2023,12:45,14.6688,84.834,,,,,
12/29/2023,13:00,14.6649,85.194,,,,,
12/29/2023,13:15,14.663,85.735,,,,,
12/29/2023,13:30,14.6622,85.374,,,,,
12/29/2023,13:45,14.6626,84.834,,,,,
12/29/2023,14:00,14.6594,84.834,,,,,
12/29/2023,14:15,14.6598,85.735,,,,,
12/29/2023,14:30,14.6611,87.004,,,,,
12/29/2023,14:45,14.6574,88.099,,,,,
12/29/2023,15:00,14.6578,89.017,,,,,
12/29/2023,15:15,14.6548,89.017,,,,,
12/29/2023,15:30,14.6542,88.099,,,,,
12/29/2023,15:45,14.6519,88.466,,,,,
12/29/2023,16:00,14.655,88.466,,,,,
12/29/2023,16:15,14.6537,87.186,,,,,
12/29/2023,16:30,14.6559,86.097,,,,,
12/29/2023,16:45,14.6559,85.374,,,,,
12/29/2023,17:00,14.6598,85.014,,,,,
12/29/2023,17:15,14.6571,84.474,,,,,
12/29/2023,17:30,14.659,83.935,,,,,
12/29/2023,17:45,14.6629,83.579,,,,,
12/29/2023,18:00,14.6636,83.221,,,,,
12/29/2023,18:15,14.6664,83.043,,,,,
12/29/2023,18:30,14.6691,82.864,,,,,
12/29/2023,18:45,14.6719,82.686,,,,,
12/29/2023,19:00,14.67,82.508,,,,,
12/29/2023,19:15,14.6711,82.33,,,,,
12/29/2023,19:30,14.6723,82.152,,,,,
12/29/2023,19:45,14.6751,81.975,,,,,
12/29/2023,20:00,14.6781,81.975,,,,,
12/29/2023,20:15,14.6762,81.797,,,,,
12/29/2023,20:30,14.6762,81.797,,,,,
12/29/2023,20:45,14.6806,81.621,,,,,
12/29/2023,21:00,14.682,81.621,,,,,
12/29/2023,21:15,14.6817,81.442,,,,,
12/29/2023,21:30,14.6864,81.442,,,,,
12/29/2023,21:45,14.6864,81.442,,,,,
12/29/2023,22:00,14.6875,81.266,,,,,
12/29/2023,22:15,14.6859,81.266,,,,,
12/29/2023,22:30,14.6841,81.09,,,,,
12/29/2023,22:45,14.6852,80.911,,,,,
12/29/2023,23:00,14.6852,80.911,,,,,
12/29/2023,23:15,14.6841,81.09,,,,,
12/29/2023,23:30,14.6822,80.911,,,,,
12/29/2023,23:45,14.679,80.911,,,,,
12/30/2023,0:00,14.6806,80.911,,,,,
12/30/2023,0:15,14.6771,80.735,,,,,
12/30/2023,0:30,14.6735,80.559,,,,,
12/30/2023,0:45,14.6732,80.382,,,,,
12/30/2023,1:00,14.6711,80.206,,,,,
12/30/2023,1:15,14.6677,80.029,,,,,
12/30/2023,1:30,14.6642,79.853,,,,,
12/30/2023,1:45,14.6626,79.853,,,,,
12/30/2023,2:00,14.6607,79.678,,,,,
12/30/2023,2:15,14.6556,79.502,,,,,
12/30/2023,2:30,14.6572,79.502,,,,,
12/30/2023,2:45,14.6587,79.502,,,,,
12/30/2023,3:00,14.6619,79.502,,,,,
12/30/2023,3:15,14.6635,79.502,,,,,
12/30/2023,3:30,14.6635,79.502,,,,,
12/30/2023,3:45,14.6646,79.326,,,,,
12/30/2023,4:00,14.663,79.326,,,,,
12/30/2023,4:15,14.6658,79.151,,,,,
12/30/2023,4:30,14.6658,79.151,,,,,
12/30/2023,4:45,14.6685,78.975,,,,,
12/30/2023,5:00,14.6701,78.975,,,,,
12/30/2023,5:15,14.6713,78.8,,,,,
12/30/2023,5:30,14.6756,78.624,,,,,
12/30/2023,5:45,14.6756,78.624,,,,,
12/30/2023,6:00,14.6819,78.624,,,,,
12/30/2023,6:15,14.6835,78.624,,,,,
12/30/2023,6:30,14.6865,78.624,,,,,
12/30/2023,6:45,14.69,78.8,,,,,
12/30/2023,7:00,14.692,78.975,,,,,
12/30/2023,7:15,14.6909,79.151,,,,,
12/30/2023,7:30,14.6946,79.502,,,,,
12/30/2023,7:45,14.6951,79.678,,,,,
12/30/2023,8:00,14.697,79.853,,,,,
12/30/2023,8:15,14.6958,80.029,,,,,
12/30/2023,8:30,14.6951,80.382,,,,,
12/30/2023,8:45,14.697,80.559,,,,,
12/30/2023,9:00,14.6997,80.382,,,,,
12/30/2023,9:15,14.699,80.735,,,,,
12/30/2023,9:30,14.6926,80.735,,,,,
12/30/2023,9:45,14.6958,80.735,,,,,
12/30/2023,10:00,14.6946,80.911,,,,,
12/30/2023,10:15,14.6919,81.09,,,,,
12/30/2023,10:30,14.6891,81.266,,,,,
12/30/2023,10:45,14.6848,81.442,,,,,
12/30/2023,11:00,14.6832,81.442,,,,,
12/30/2023,11:15,14.6806,81.621,,,,,
12/30/2023,11:30,14.6813,81.975,,,,,
12/30/2023,11:45,14.6829,81.975,,,,,
12/30/2023,12:00,14.6813,81.975,,,,,
12/30/2023,12:15,14.6813,82.686,,,,,
12/30/2023,12:30,14.6785,82.152,,,,,
12/30/2023,12:45,14.6809,81.797,,,,,
12/30/2023,13:00,14.6785,81.442,,,,,
12/30/2023,13:15,14.6797,81.266,,,,,
12/30/2023,13:30,14.6751,81.266,,,,,
12/30/2023,13:45,14.6707,82.864,,,,,
12/30/2023,14:00,14.6691,83.579,,,,,
12/30/2023,14:15,14.6664,83.757,,,,,
12/30/2023,14:30,14.664,84.115,,,,,
12/30/2023,14:45,14.6606,84.654,,,,,
12/30/2023,15:00,14.6614,85.014,,,,,
12/30/2023,15:15,14.6594,84.834,,,,,
12/30/2023,15:30,14.6574,84.654,,,,,
12/30/2023,15:45,14.6594,84.834,,,,,
12/30/2023,16:00,14.6564,85.554,,,,,
12/30/2023,16:15,14.6543,84.654,,,,,
12/30/2023,16:30,14.6543,83.935,,,,,
12/30/2023,16:45,14.6546,83.399,,,,,
12/30/2023,17:00,14.6543,83.221,,,,,
12/30/2023,17:15,14.6555,83.043,,,,,
12/30/2023,17:30,14.655,82.864,,,,,
12/30/2023,17:45,14.6578,82.686,,,,,
12/30/2023,18:00,14.6606,82.508,,,,,
12/30/2023,18:15,14.6613,82.152,,,,,
12/30/2023,18:30,14.661,81.975,,,,,
12/30/2023,18:45,14.6649,81.621,,,,,
12/30/2023,19:00,14.6661,81.442,,,,,
12/30/2023,19:15,14.67,81.09,,,,,
12/30/2023,19:30,14.6707,80.735,,,,,
12/30/2023,19:45,14.6735,80.559,,,,,
12/30/2023,20:00,14.6746,80.382,,,,,
12/30/2023,20:15,14.6762,80.382,,,,,
12/30/2023,20:30,14.6762,80.382,,,,,
12/30/2023,20:45,14.6806,80.206,,,,,
12/30/2023,21:00,14.6822,80.206,,,,,
12/30/2023,21:15,14.6817,80.029,,,,,
12/30/2023,21:30,14.6801,80.029,,,,,
12/30/2023,21:45,14.6798,79.853,,,,,
12/30/2023,22:00,14.6814,79.853,,,,,
12/30/2023,22:15,14.6814,79.853,,,,,
12/30/2023,22:30,14.681,79.678,,,,,
12/30/2023,22:45,14.6826,79.678,,,,,
12/30/2023,23:00,14.6806,79.502,,,,,
12/30/2023,23:15,14.6791,79.502,,,,,
12/30/2023,23:30,14.6791,79.502,,,,,
12/30/2023,23:45,14.6775,79.502,,,,,
12/31/2023,0:00,14.6727,79.502,,,,,
12/31/2023,0:15,14.6713,79.502,,,,,
12/31/2023,0:30,14.6697,79.502,,,,,
12/31/2023,0:45,14.6697,79.502,,,,,
12/31/2023,1:00,14.6646,79.326,,,,,
12/31/2023,1:15,14.663,79.326,,,,,
12/31/2023,1:30,14.6603,79.502,,,,,
12/31/2023,1:45,14.6603,79.502,,,,,
12/31/2023,2:00,14.6564,79.151,,,,,
12/31/2023,2:15,14.6549,79.151,,,,,
12/31/2023,2:30,14.6545,78.975,,,,,
12/31/2023,2:45,14.6533,79.151,,,,,
12/31/2023,3:00,14.6517,79.151,,,,,
12/31/2023,3:15,14.6521,79.326,,,,,
12/31/2023,3:30,14.649,79.326,,,,,
12/31/2023,3:45,14.649,79.326,,,,,
12/31/2023,4:00,14.6474,79.326,,,,,
12/31/2023,4:15,14.6443,79.326,,,,,
12/31/2023,4:30,14.6439,79.151,,,,,
12/31/2023,4:45,14.6439,79.151,,,,,
12/31/2023,5:00,14.6466,78.975,,,,,
12/31/2023,5:15,14.6482,78.975,,,,,
12/31/2023,5:30,14.6494,78.8,,,,,
12/31/2023,5:45,14.654,78.8,,,,,
12/31/2023,6:00,14.6553,78.624,,,,,
12/31/2023,6:15,14.6584,78.624,,,,,
12/31/2023,6:30,14.6588,78.8,,,,,
12/31/2023,6:45,14.6619,78.8,,,,,
12/31/2023,7:00,14.6627,79.151,,,,,
12/31/2023,7:15,14.6653,79.678,,,,,
12/31/2023,7:30,14.6665,80.206,,,,,
12/31/2023,7:45,14.6669,80.382,,,,,
12/31/2023,8:00,14.6669,80.382,,,,,
12/31/2023,8:15,14.6669,80.382,,,,,
12/31/2023,8:30,14.6677,80.735,,,,,
12/31/2023,8:45,14.6649,80.911,,,,,
12/31/2023,9:00,14.6622,81.09,,,,,
12/31/2023,9:15,14.6638,81.09,,,,,
12/31/2023,9:30,14.6613,81.442,,,,,
12/31/2023,9:45,14.6594,81.975,,,,,
12/31/2023,10:00,14.6636,82.508,,,,,
12/31/2023,10:15,14.6629,82.864,,,,,
12/31/2023,10:30,14.6622,83.221,,,,,
12/31/2023,10:45,14.661,83.399,,,,,
12/31/2023,11:00,14.6585,83.757,,,,,
12/31/2023,11:15,14.6566,84.295,,,,,
12/31/2023,11:30,14.6548,84.834,,,,,
12/31/2023,11:45,14.6524,85.194,,,,,
12/31/2023,12:00,14.6508,85.915,,,,,
12/31/2023,12:15,14.654,86.641,,,,,
12/31/2023,12:30,14.6471,87.004,,,,,
12/31/2023,12:45,14.6459,87.186,,,,,
12/31/2023,13:00,14.6436,87.552,,,,,
12/31/2023,13:15,14.6424,88.466,,,,,
12/31/2023,13:30,14.6403,88.833,,,,,
12/31/2023,13:45,14.6395,89.2,,,,,
12/31/2023,14:00,14.6384,90.124,,,,,
12/31/2023,14:15,14.6384,90.124,,,,,
12/31/2023,14:30,14.6381,90.68,,,,,
12/31/2023,14:45,14.6371,90.867,,,,,
12/31/2023,15:00,14.633,90.495,,,,,
12/31/2023,15:15,14.6343,91.053,,,,,
12/31/2023,15:30,14.6397,87.915,,,,,
12/31/2023,15:45,14.6359,84.115,,,,,
12/31/2023,16:00,14.6246,83.221,,,,,
12/31/2023,16:15,14.6258,83.043,,,,,
12/31/2023,16:30,14.632,83.043,,,,,
12/31/2023,16:45,14.63,82.864,,,,,
12/31/2023,17:00,14.6304,83.043,,,,,
12/31/2023,17:15,14.6465,82.508,,,,,
12/31/2023,17:30,14.6429,83.043,,,,,
12/31/2023,17:45,14.6378,82.864,,,,,
12/31/2023,18:00,14.6405,82.686,,,,,
12/31/2023,18:15,14.6403,82.508,,,,,
12/31/2023,18:30,14.6472,82.152,,,,,
12/31/2023,18:45,14.6468,81.975,,,,,
12/31/2023,19:00,14.652,81.442,,,,,
12/31/2023,19:15,14.6492,80.911,,,,,
12/31/2023,19:30,14.6564,80.559,,,,,
12/31/2023,19:45,14.654,80.206,,,,,
12/31/2023,20:00,14.6568,80.029,,,,,
12/31/2023,20:15,14.6504,80.029,,,,,
12/31/2023,20:30,14.6548,79.853,,,,,
12/31/2023,20:45,14.6865,80.029,,,,,
12/31/2023,21:00,14.6916,80.206,,,,,
12/31/2023,21:15,14.6861,79.853,,,,,
12/31/2023,21:30,14.6877,79.853,,,,,
12/31/2023,21:45,14.6845,79.853,,,,,
12/31/2023,22:00,14.6829,79.853,,,,,
12/31/2023,22:15,14.6767,79.853,,,,,
12/31/2023,22:30,14.6751,79.853,,,,,
12/31/2023,22:45,14.6716,79.678,,,,,
12/31/2023,23:00,14.6727,79.502,,,,,
12/31/2023,23:15,14.6713,79.502,,,,,
12/31/2023,23:30,14.6713,79.502,,,,,
12/31/2023,23:45,14.6693,79.326,,,,,
1/1/2024,0:00,14.6646,79.326,,,,,
1/1/2024,0:15,14.66,79.326,,,,,
1/1/2024,0:30,14.6552,79.326,,,,,
1/1/2024,0:45,14.6524,79.502,,,,,
1/1/2024,1:00,14.6536,79.326,,,,,
1/1/2024,1:15,14.6474,79.326,,,,,
1/1/2024,1:30,14.6395,79.326,,,,,
1/1/2024,1:45,14.6411,79.326,,,,,
1/1/2024,2:00,14.6381,79.326,,,,,
1/1/2024,2:15,14.6411,79.326,,,,,
1/1/2024,2:30,14.6392,79.151,,,,,
1/1/2024,2:45,14.636,79.151,,,,,
1/1/2024,3:00,14.6342,78.975,,,,,
1/1/2024,3:15,14.6321,78.8,,,,,
1/1/2024,3:30,14.6302,78.624,,,,,
1/1/2024,3:45,14.6321,78.8,,,,,
1/1/2024,4:00,14.6302,78.624,,,,,
1/1/2024,4:15,14.6291,78.8,,,,,
1/1/2024,4:30,14.6307,78.8,,,,,
1/1/2024,4:45,14.6369,78.8,,,,,
1/1/2024,5:00,14.6349,78.624,,,,,
1/1/2024,5:15,14.6365,78.624,,,,,
1/1/2024,5:30,14.6408,78.449,,,,,
1/1/2024,5:45,14.6404,78.274,,,,,
1/1/2024,6:00,14.6436,78.274,,,,,
1/1/2024,6:15,14.6452,78.274,,,,,
1/1/2024,6:30,14.6471,78.449,,,,,
1/1/2024,6:45,14.649,78.624,,,,,
1/1/2024,7:00,14.6478,78.8,,,,,
1/1/2024,7:15,14.6517,79.151,,,,,
1/1/2024,7:30,14.654,79.502,,,,,
1/1/2024,7:45,14.6579,79.853,,,,,
1/1/2024,8:00,14.6555,80.206,,,,,
1/1/2024,8:15,14.6568,80.029,,,,,
1/1/2024,8:30,14.6606,80.382,,,,,
1/1/2024,8:45,14.6638,80.382,,,,,
1/1/2024,9:00,14.6626,80.559,,,,,
1/1/2024,9:15,14.6587,80.911,,,,,
1/1/2024,9:30,14.6559,81.09,,,,,
1/1/2024,9:45,14.6543,81.09,,,,,
1/1/2024,10:00,14.6548,81.266,,,,,
1/1/2024,10:15,14.6543,81.09,,,,,
1/1/2024,10:30,14.6543,81.09,,,,,
1/1/2024,10:45,14.652,81.442,,,,,
1/1/2024,11:00,14.6535,82.152,,,,,
1/1/2024,11:15,14.65,82.686,,,,,
1/1/2024,11:30,14.6461,83.043,,,,,
1/1/2024,11:45,14.6484,83.399,,,,,
1/1/2024,12:00,14.6465,83.935,,,,,
1/1/2024,12:15,14.643,85.194,,,,,
1/1/2024,12:30,14.6426,85.735,,,,,
1/1/2024,12:45,14.6439,86.277,,,,,
1/1/2024,13:00,14.6446,86.641,,,,,
1/1/2024,13:15,14.6443,87.186,,,,,
1/1/2024,13:30,14.6452,87.552,,,,,
1/1/2024,13:45,14.641,88.466,,,,,
1/1/2024,14:00,14.6432,88.099,,,,,
1/1/2024,14:15,14.6376,87.004,,,,,
1/1/2024,14:30,14.634,86.097,,,,,
1/1/2024,14:45,14.6324,85.374,,,,,
1/1/2024,15:00,14.6343,84.834,,,,,
1/1/2024,15:15,14.6288,84.474,,,,,
1/1/2024,15:30,14.6288,84.474,,,,,
1/1/2024,15:45,14.6234,84.834,,,,,
1/1/2024,16:00,14.625,86.277,,,,,
1/1/2024,16:15,14.625,85.554,,,,,
1/1/2024,16:30,14.6276,84.654,,,,,
1/1/2024,16:45,14.6285,83.579,,,,,
1/1/2024,17:00,14.6281,82.686,,,,,
1/1/2024,17:15,14.632,81.621,,,,,
1/1/2024,17:30,14.6317,80.735,,,,,
1/1/2024,17:45,14.6273,80.911,,,,,
1/1/2024,18:00,14.6292,81.09,,,,,
1/1/2024,18:15,14.6285,81.442,,,,,
1/1/2024,18:30,14.6316,81.442,,,,,
1/1/2024,18:45,14.6308,81.09,,,,,
1/1/2024,19:00,14.6352,80.911,,,,,
1/1/2024,19:15,14.6347,80.735,,,,,
1/1/2024,19:30,14.6418,80.382,,,,,
1/1/2024,19:45,14.6418,80.382,,,,,
1/1/2024,20:00,14.6462,80.206,,,,,
1/1/2024,20:15,14.649,80.029,,,,,
1/1/2024,20:30,14.6501,79.853,,,,,
1/1/2024,20:45,14.6497,79.678,,,,,
1/1/2024,21:00,14.6506,79.326,,,,,
1/1/2024,21:15,14.6501,79.151,,,,,
1/1/2024,21:30,14.6498,78.975,,,,,
1/1/2024,21:45,14.6529,78.975,,,,,
1/1/2024,22:00,14.6533,79.151,,,,,
1/1/2024,22:15,14.6513,78.975,,,,,
1/1/2024,22:30,14.6513,78.975,,,,,
1/1/2024,22:45,14.6513,78.975,,,,,
1/1/2024,23:00,14.651,78.8,,,,,
1/1/2024,23:15,14.6513,78.975,,,,,
1/1/2024,23:30,14.6482,78.975,,,,,
1/1/2024,23:45,14.6482,78.975,,,,,
1/2/2024,0:00,14.6434,78.975,,,,,
1/2/2024,0:15,14.6423,79.151,,,,,
1/2/2024,0:30,14.6369,78.8,,,,,
1/2/2024,0:45,14.6369,78.8,,,,,
1/2/2024,1:00,14.6334,78.624,,,,,
1/2/2024,1:15,14.6318,78.624,,,,,
1/2/2024,1:30,14.6349,78.624,,,,,
1/2/2024,1:45,14.6287,78.624,,,,,
1/2/2024,2:00,14.6271,78.624,,,,,
1/2/2024,2:15,14.624,78.624,,,,,
1/2/2024,2:30,14.6213,78.8,,,,,
1/2/2024,2:45,14.6213,78.8,,,,,
1/2/2024,3:00,14.6185,78.975,,,,,
1/2/2024,3:15,14.6166,78.8,,,,,
1/2/2024,3:30,14.615,78.8,,,,,
1/2/2024,3:45,14.6162,78.624,,,,,
1/2/2024,4:00,14.6173,78.449,,,,,
1/2/2024,4:15,14.617,78.274,,,,,
1/2/2024,4:30,14.6185,78.274,,,,,
1/2/2024,4:45,14.6217,78.274,,,,,
1/2/2024,5:00,14.6249,78.274,,,,,
1/2/2024,5:15,14.6263,78.274,,,,,
1/2/2024,5:30,14.626,78.098,,,,,
1/2/2024,5:45,14.6291,78.098,,,,,
1/2/2024,6:00,14.6318,77.923,,,,,
1/2/2024,6:15,14.635,77.923,,,,,
1/2/2024,6:30,14.6385,78.098,,,,,
1/2/2024,6:45,14.6389,78.274,,,,,
1/2/2024,7:00,14.6392,78.449,,,,,
1/2/2024,7:15,14.6416,78.8,,,,,
1/2/2024,7:30,14.6411,79.326,,,,,
1/2/2024,7:45,14.6439,79.853,,,,,
1/2/2024,8:00,14.643,80.206,,,,,
1/2/2024,8:15,14.643,80.206,,,,,
1/2/2024,8:30,14.6462,80.206,,,,,
1/2/2024,8:45,14.6449,80.382,,,,,
1/2/2024,9:00,14.6434,80.382,,,,,
1/2/2024,9:15,14.6407,80.559,,,,,
1/2/2024,9:30,14.6423,80.559,,,,,
1/2/2024,9:45,14.6442,80.735,,,,,
1/2/2024,10:00,14.6414,80.911,,,,,
1/2/2024,10:15,14.6407,81.266,,,,,
1/2/2024,10:30,14.6394,81.442,,,,,
1/2/2024,10:45,14.6421,81.266,,,,,
1/2/2024,11:00,14.6426,81.442,,,,,
1/2/2024,11:15,14.6394,81.442,,,,,
1/2/2024,11:30,14.6391,81.266,,,,,
1/2/2024,11:45,14.6359,81.266,,,,,
1/2/2024,12:00,14.6355,81.09,,,,,
1/2/2024,12:15,14.6317,80.735,,,,,
1/2/2024,12:30,14.6278,80.382,,,,,
1/2/2024,12:45,14.6258,80.206,,,,,
1/2/2024,13:00,14.625,80.559,,,,,
1/2/2024,13:15,14.6207,80.735,,,,,
1/2/2024,13:30,14.6258,80.911,,,,,
1/2/2024,13:45,14.7068,80.735,,,,,
1/2/2024,14:00,14.7318,80.029,,,,,
1/2/2024,14:15,14.7221,79.853,,,,,
1/2/2024,14:30,14.7255,80.029,,,,,
1/2/2024,14:45,14.7299,79.853,,,,,
1/2/2024,15:00,14.7154,79.678,,,,,
1/2/2024,15:15,14.7018,79.853,,,,,
1/2/2024,15:30,14.6955,79.853,,,,,
1/2/2024,15:45,14.6861,79.853,,,,,
1/2/2024,16:00,14.6783,79.853,,,,,
1/2/2024,16:15,14.6771,80.029,,,,,
1/2/2024,16:30,14.6783,79.853,,,,,
1/2/2024,16:45,14.6767,79.853,,,,,
1/2/2024,17:00,14.6751,79.853,,,,,
1/2/2024,17:15,14.6732,79.678,,,,,
1/2/2024,17:30,14.6716,79.678,,,,,
1/2/2024,17:45,14.6681,79.502,,,,,
1/2/2024,18:00,14.6693,79.326,,,,,
1/2/2024,18:15,14.6693,79.326,,,,,
1/2/2024,18:30,14.6662,79.326,,,,,
1/2/2024,18:45,14.6677,79.326,,,,,
1/2/2024,19:00,14.6693,79.326,,,,,
1/2/2024,19:15,14.6674,79.151,,,,,
1/2/2024,19:30,14.6642,79.151,,,,,
1/2/2024,19:45,14.6642,79.151,,,,,
1/2/2024,20:00,14.6658,79.151,,,,,
1/2/2024,20:15,14.6658,79.151,,,,,
1/2/2024,20:30,14.6653,78.975,,,,,
1/2/2024,20:45,14.6685,78.975,,,,,
1/2/2024,21:00,14.6701,78.975,,,,,
1/2/2024,21:15,14.6717,78.975,,,,,
1/2/2024,21:30,14.6729,78.8,,,,,
1/2/2024,21:45,14.6681,78.8,,,,,
1/2/2024,22:00,14.6681,78.8,,,,,
1/2/2024,22:15,14.6667,78.8,,,,,
1/2/2024,22:30,14.6667,78.8,,,,,
1/2/2024,22:45,14.6667,78.8,,,,,
1/2/2024,23:00,14.6667,78.8,,,,,
1/2/2024,23:15,14.6635,78.8,,,,,
1/2/2024,23:30,14.6604,78.8,,,,,
1/2/2024,23:45,14.6572,78.8,,,,,
1/3/2024,0:00,14.6553,78.624,,,,,
1/3/2024,0:15,14.649,78.624,,,,,
1/3/2024,0:30,14.6427,78.624,,,,,
1/3/2024,0:45,14.6397,78.624,,,,,
1/3/2024,1:00,14.6381,78.624,,,,,
1/3/2024,1:15,14.6346,78.449,,,,,
1/3/2024,1:30,14.6346,78.449,,,,,
1/3/2024,1:45,14.6326,78.274,,,,,
1/3/2024,2:00,14.6298,78.449,,,,,
1/3/2024,2:15,14.6279,78.274,,,,,
1/3/2024,2:30,14.6263,78.274,,,,,
1/3/2024,2:45,14.6217,78.274,,,,,
1/3/2024,3:00,14.6201,78.274,,,,,
1/3/2024,3:15,14.6185,78.274,,,,,
1/3/2024,3:30,14.615,78.098,,,,,
1/3/2024,3:45,14.6136,78.098,,,,,
1/3/2024,4:00,14.6136,78.098,,,,,
1/3/2024,4:15,14.6136,78.098,,,,,
1/3/2024,4:30,14.6136,78.098,,,,,
1/3/2024,4:45,14.612,78.098,,,,,
1/3/2024,5:00,14.6131,77.923,,,,,
1/3/2024,5:15,14.6178,77.923,,,,,
1/3/2024,5:30,14.6178,77.923,,,,,
1/3/2024,5:45,14.621,77.923,,,,,
1/3/2024,6:00,14.6226,77.923,,,,,
1/3/2024,6:15,14.624,77.923,,,,,
1/3/2024,6:30,14.6304,77.923,,,,,
1/3/2024,6:45,14.6291,78.098,,,,,
1/3/2024,7:00,14.6358,78.274,,,,,
1/3/2024,7:15,14.6346,78.449,,,,,
1/3/2024,7:30,14.6342,78.975,,,,,
1/3/2024,7:45,14.631,78.975,,,,,
1/3/2024,8:00,14.6326,78.975,,,,,
1/3/2024,8:15,14.6345,79.151,,,,,
1/3/2024,8:30,14.6381,79.326,,,,,
1/3/2024,8:45,14.6368,79.502,,,,,
1/3/2024,9:00,14.6379,80.029,,,,,
1/3/2024,9:15,14.6384,80.206,,,,,
1/3/2024,9:30,14.64,80.206,,,,,
1/3/2024,9:45,14.6372,80.382,,,,,
1/3/2024,10:00,14.6352,80.911,,,,,
1/3/2024,10:15,14.634,81.09,,,,,
1/3/2024,10:30,14.6363,81.442,,,,,
1/3/2024,10:45,14.6304,81.621,,,,,
1/3/2024,11:00,14.6292,81.797,,,,,
1/3/2024,11:15,14.6281,81.975,,,,,
1/3/2024,11:30,14.6253,82.152,,,,,
1/3/2024,11:45,14.6242,82.33,,,,,
1/3/2024,12:00,14.623,82.508,,,,,
1/3/2024,12:15,14.6198,82.508,,,,,
1/3/2024,12:30,14.6191,82.864,,,,,
1/3/2024,12:45,14.6179,83.043,,,,,
1/3/2024,13:00,14.6152,83.221,,,,,
1/3/2024,13:15,14.6163,83.757,,,,,
1/3/2024,13:30,14.6156,84.115,,,,,
1/3/2024,13:45,14.6152,84.654,,,,,
1/3/2024,14:00,14.6124,84.834,,,,,
1/3/2024,14:15,14.6105,85.374,,,,,
1/3/2024,14:30,14.607,85.915,,,,,
1/3/2024,14:45,14.6075,86.097,,,,,
1/3/2024,15:00,14.6031,87.004,,,,,
1/3/2024,15:15,14.6054,86.641,,,,,
1/3/2024,15:30,14.602,86.459,,,,,
1/3/2024,15:45,14.6015,86.277,,,,,
1/3/2024,16:00,14.6028,86.823,,,,,
1/3/2024,16:15,14.6027,86.097,,,,,
1/3/2024,16:30,14.6015,85.554,,,,,
1/3/2024,16:45,14.6034,85.014,,,,,
1/3/2024,17:00,14.6057,84.654,,,,,
1/3/2024,17:15,14.6089,84.654,,,,,
1/3/2024,17:30,14.6136,83.935,,,,,
1/3/2024,17:45,14.6112,82.152,,,,,
1/3/2024,18:00,14.6128,81.442,,,,,
1/3/2024,18:15,14.6152,81.09,,,,,
1/3/2024,18:30,14.6179,80.911,,,,,
1/3/2024,18:45,14.6176,80.735,,,,,
1/3/2024,19:00,14.6204,80.559,,,,,
1/3/2024,19:15,14.623,80.382,,,,,
1/3/2024,19:30,14.6243,80.206,,,,,
1/3/2024,19:45,14.6223,80.029,,,,,
1/3/2024,20:00,14.6234,79.853,,,,,
1/3/2024,20:15,14.6278,79.678,,,,,
1/3/2024,20:30,14.6278,79.678,,,,,
1/3/2024,20:45,14.6289,79.502,,,,,
1/3/2024,21:00,14.6337,79.502,,,,,
1/3/2024,21:15,14.6333,79.326,,,,,
1/3/2024,21:30,14.6349,79.326,,,,,
1/3/2024,21:45,14.6365,79.326,,,,,
1/3/2024,22:00,14.6381,79.326,,,,,
1/3/2024,22:15,14.6411,79.326,,,,,
1/3/2024,22:30,14.6392,79.151,,,,,
1/3/2024,22:45,14.636,79.151,,,,,
1/3/2024,23:00,14.6392,79.151,,,,,
1/3/2024,23:15,14.6392,79.151,,,,,
1/3/2024,23:30,14.6388,78.975,,,,,
1/3/2024,23:45,14.6342,78.975,,,,,
1/4/2024,0:00,14.6326,78.975,,,,,
1/4/2024,0:15,14.6326,78.975,,,,,
1/4/2024,0:30,14.6263,78.975,,,,,
1/4/2024,0:45,14.6252,79.151,,,,,
1/4/2024,1:00,14.6189,79.151,,,,,
1/4/2024,1:15,14.6204,79.151,,,,,
1/4/2024,1:30,14.6153,78.975,,,,,
1/4/2024,1:45,14.6123,78.975,,,,,
1/4/2024,2:00,14.6123,78.975,,,,,
1/4/2024,2:15,14.6123,78.975,,,,,
1/4/2024,2:30,14.6107,78.975,,,,,
1/4/2024,2:45,14.6091,78.975,,,,,
1/4/2024,3:00,14.6079,79.151,,,,,
1/4/2024,3:15,14.6079,79.151,,,,,
1/4/2024,3:30,14.6075,78.975,,,,,
1/4/2024,3:45,14.6075,78.975,,,,,
1/4/2024,4:00,14.6088,78.8,,,,,
1/4/2024,4:15,14.6056,78.8,,,,,
1/4/2024,4:30,14.6072,78.8,,,,,
1/4/2024,4:45,14.6088,78.8,,,,,
1/4/2024,5:00,14.6102,78.8,,,,,
1/4/2024,5:15,14.6134,78.8,,,,,
1/4/2024,5:30,14.6162,78.624,,,,,
1/4/2024,5:45,14.6173,78.449,,,,,
1/4/2024,6:00,14.6205,78.449,,,,,
1/4/2024,6:15,14.6208,78.624,,,,,
1/4/2024,6:30,14.6243,78.8,,,,,
1/4/2024,6:45,14.6247,78.975,,,,,
1/4/2024,7:00,14.6252,79.151,,,,,
1/4/2024,7:15,14.6287,79.326,,,,,
1/4/2024,7:30,14.6282,79.853,,,,,
1/4/2024,7:45,14.6273,80.206,,,,,
1/4/2024,8:00,14.6289,80.206,,,,,
1/4/2024,8:15,14.6308,80.382,,,,,
1/4/2024,8:30,14.6317,80.735,,,,,
1/4/2024,8:45,14.6308,81.09,,,,,
1/4/2024,9:00,14.6329,81.266,,,,,
1/4/2024,9:15,14.6316,81.442,,,,,
1/4/2024,9:30,14.6304,81.621,,,,,
1/4/2024,9:45,14.6313,81.975,,,,,
1/4/2024,10:00,14.632,82.33,,,,,
1/4/2024,10:15,14.6292,82.508,,,,,
1/4/2024,10:30,14.6285,82.864,,,,,
1/4/2024,10:45,14.6246,83.221,,,,,
1/4/2024,11:00,14.6237,83.579,,,,,
1/4/2024,11:15,14.6207,83.579,,,,,
1/4/2024,11:30,14.6195,83.757,,,,,
1/4/2024,11:45,14.6156,84.115,,,,,
1/4/2024,12:00,14.6147,84.474,,,,,
1/4/2024,12:15,14.6094,84.834,,,,,
1/4/2024,12:30,14.612,84.654,,,,,
1/4/2024,12:45,14.6097,84.295,,,,,
1/4/2024,13:00,14.6081,84.295,,,,,
1/4/2024,13:15,14.6101,85.194,,,,,
1/4/2024,13:30,14.6066,86.459,,,,,
1/4/2024,13:45,14.6059,86.823,,,,,
1/4/2024,14:00,14.6031,87.004,,,,,
1/4/2024,14:15,14.5985,86.277,,,,,
1/4/2024,14:30,14.5988,86.459,,,,,
1/4/2024,14:45,14.5949,86.097,,,,,
1/4/2024,15:00,14.5937,85.554,,,,,
1/4/2024,15:15,14.5898,85.915,,,,,
1/4/2024,15:30,14.5893,85.735,,,,,
1/4/2024,15:45,14.594,85.014,,,,,
1/4/2024,16:00,14.5937,85.554,,,,,
1/4/2024,16:15,14.5937,85.554,,,,,
1/4/2024,16:30,14.5956,85.014,,,,,
1/4/2024,16:45,14.5979,84.654,,,,,
1/4/2024,17:00,14.5988,84.295,,,,,
1/4/2024,17:15,14.6011,83.935,,,,,
1/4/2024,17:30,14.6069,83.757,,,,,
1/4/2024,17:45,14.6097,83.579,,,,,
1/4/2024,18:00,14.6089,83.221,,,,,
1/4/2024,18:15,14.6112,82.864,,,,,
1/4/2024,18:30,14.6112,82.864,,,,,
1/4/2024,18:45,14.6152,82.508,,,,,
1/4/2024,19:00,14.6207,82.152,,,,,
1/4/2024,19:15,14.6202,81.975,,,,,
1/4/2024,19:30,14.6184,81.797,,,,,
1/4/2024,19:45,14.6223,81.442,,,,,
1/4/2024,20:00,14.6223,81.442,,,,,
1/4/2024,20:15,14.6258,81.621,,,,,
1/4/2024,20:30,14.6276,81.797,,,,,
1/4/2024,20:45,14.6308,81.797,,,,,
1/4/2024,21:00,14.6324,81.797,,,,,
1/4/2024,21:15,14.6343,81.975,,,,,
1/4/2024,21:30,14.6355,81.797,,,,,
1/4/2024,21:45,14.6355,81.797,,,,,
1/4/2024,22:00,14.6355,81.797,,,,,
1/4/2024,22:15,14.6366,81.621,,,,,
1/4/2024,22:30,14.6366,81.621,,,,,
1/4/2024,22:45,14.6379,81.442,,,,,
1/4/2024,23:00,14.6379,81.442,,,,,
1/4/2024,23:15,14.6379,81.442,,,,,
1/4/2024,23:30,14.6375,81.266,,,,,
1/4/2024,23:45,14.6343,81.266,,,,,
1/5/2024,0:00,14.6343,81.266,,,,,
1/5/2024,0:15,14.6297,81.266,,,,,
1/5/2024,0:30,14.6262,81.09,,,,,
1/5/2024,0:45,14.625,81.266,,,,,
1/5/2024,1:00,14.623,81.09,,,,,
1/5/2024,1:15,14.623,81.09,,,,,
1/5/2024,1:30,14.6184,81.09,,,,,
1/5/2024,1:45,14.6184,81.09,,,,,
1/5/2024,2:00,14.6163,80.911,,,,,
1/5/2024,2:15,14.6149,80.911,,,,,
1/5/2024,2:30,14.6163,80.911,,,,,
1/5/2024,2:45,14.6179,80.911,,,,,
1/5/2024,3:00,14.6149,80.911,,,,,
1/5/2024,3:15,14.6133,80.911,,,,,
1/5/2024,3:30,14.6149,80.911,,,,,
1/5/2024,3:45,14.6149,80.911,,,,,
1/5/2024,4:00,14.6163,80.911,,,,,
1/5/2024,4:15,14.616,80.735,,,,,
1/5/2024,4:30,14.6176,80.735,,,,,
1/5/2024,4:45,14.6188,80.559,,,,,
1/5/2024,5:00,14.6204,80.559,,,,,
1/5/2024,5:15,14.6218,80.559,,,,,
1/5/2024,5:30,14.625,80.559,,,,,
1/5/2024,5:45,14.625,80.559,,,,,
1/5/2024,6:00,14.6266,80.559,,,,,
1/5/2024,6:15,14.6308,80.382,,,,,
1/5/2024,6:30,14.634,80.382,,,,,
1/5/2024,6:45,14.6372,80.382,,,,,
1/5/2024,7:00,14.6363,80.735,,,,,
1/5/2024,7:15,14.6398,80.911,,,,,
1/5/2024,7:30,14.6433,81.09,,,,,
1/5/2024,7:45,14.6465,81.09,,,,,
1/5/2024,8:00,14.6488,81.442,,,,,
1/5/2024,8:15,14.6465,81.797,,,,,
1/5/2024,8:30,14.6484,81.975,,,,,
1/5/2024,8:45,14.6484,81.975,,,,,
1/5/2024,9:00,14.6495,82.508,,,,,
1/5/2024,9:15,14.6468,82.686,,,,,
1/5/2024,9:30,14.6456,82.864,,,,,
1/5/2024,9:45,14.6504,82.864,,,,,
1/5/2024,10:00,14.6492,83.043,,,,,
1/5/2024,10:15,14.6484,83.399,,,,,
1/5/2024,10:30,14.6453,83.399,,,,,
1/5/2024,10:45,14.6437,83.399,,,,,
1/5/2024,11:00,14.6426,83.579,,,,,
1/5/2024,11:15,14.6414,83.757,,,,,
1/5/2024,11:30,14.6405,84.115,,,,,
1/5/2024,11:45,14.6363,84.295,,,,,
1/5/2024,12:00,14.6382,84.474,,,,,
1/5/2024,12:15,14.6336,85.194,,,,,
1/5/2024,12:30,14.6329,85.554,,,,,
1/5/2024,12:45,14.634,85.374,,,,,
1/5/2024,13:00,14.6304,85.194,,,,,
1/5/2024,13:15,14.6266,85.554,,,,,
1/5/2024,13:30,14.6285,85.735,,,,,
1/5/2024,13:45,14.6255,85.735,,,,,
1/5/2024,14:00,14.6297,85.554,,,,,
1/5/2024,14:15,14.6278,85.374,,,,,
1/5/2024,14:30,14.6278,85.374,,,,,
1/5/2024,14:45,14.6255,85.735,,,,,
1/5/2024,15:00,14.6218,86.277,,,,,
1/5/2024,15:15,14.6218,86.277,,,,,
1/5/2024,15:30,14.6211,85.915,,,,,
1/5/2024,15:45,14.6179,85.915,,,,,
1/5/2024,16:00,14.6165,85.915,,,,,
1/5/2024,16:15,14.6176,85.735,,,,,
1/5/2024,16:30,14.6184,85.374,,,,,
1/5/2024,16:45,14.623,85.374,,,,,
1/5/2024,17:00,14.6218,84.834,,,,,
1/5/2024,17:15,14.6262,84.654,,,,,
1/5/2024,17:30,14.6265,84.834,,,,,
1/5/2024,17:45,14.6292,84.654,,,,,
1/5/2024,18:00,14.6352,84.474,,,,,
1/5/2024,18:15,14.6366,84.474,,,,,
1/5/2024,18:30,14.6371,83.935,,,,,
1/5/2024,18:45,14.6366,83.757,,,,,
1/5/2024,19:00,14.6421,83.399,,,,,
1/5/2024,19:15,14.6449,83.221,,,,,
1/5/2024,19:30,14.6472,82.864,,,,,
1/5/2024,19:45,14.6495,82.508,,,,,
1/5/2024,20:00,14.6516,81.975,,,,,
1/5/2024,20:15,14.6511,81.797,,,,,
1/5/2024,20:30,14.6555,81.621,,,,,
1/5/2024,20:45,14.6535,81.442,,,,,
1/5/2024,21:00,14.6582,81.442,,,,,
1/5/2024,21:15,14.6594,81.266,,,,,
1/5/2024,21:30,14.6562,81.266,,,,,
1/5/2024,21:45,14.659,81.09,,,,,
1/5/2024,22:00,14.6575,81.09,,,,,
1/5/2024,22:15,14.659,81.09,,,,,
1/5/2024,22:30,14.6559,81.09,,,,,
1/5/2024,22:45,14.6559,81.09,,,,,
1/5/2024,23:00,14.6532,81.266,,,,,
1/5/2024,23:15,14.6511,81.09,,,,,
1/5/2024,23:30,14.6524,80.911,,,,,
1/5/2024,23:45,14.6477,80.911,,,,,
1/6/2024,0:00,14.6461,80.911,,,,,
1/6/2024,0:15,14.6449,81.09,,,,,
1/6/2024,0:30,14.643,80.911,,,,,
1/6/2024,0:45,14.6379,80.735,,,,,
1/6/2024,1:00,14.6331,80.735,,,,,
1/6/2024,1:15,14.6305,80.911,,,,,
1/6/2024,1:30,14.6308,81.09,,,,,
1/6/2024,1:45,14.6292,81.09,,,,,
1/6/2024,2:00,14.6258,80.911,,,,,
1/6/2024,2:15,14.6255,80.735,,,,,
1/6/2024,2:30,14.625,80.559,,,,,
1/6/2024,2:45,14.6234,80.559,,,,,
1/6/2024,3:00,14.6199,80.382,,,,,
1/6/2024,3:15,14.6215,80.382,,,,,
1/6/2024,3:30,14.6199,80.382,,,,,
1/6/2024,3:45,14.6168,80.382,,,,,
1/6/2024,4:00,14.6188,80.559,,,,,
1/6/2024,4:15,14.6172,80.559,,,,,
1/6/2024,4:30,14.6234,80.559,,,,,
1/6/2024,4:45,14.6211,80.206,,,,,
1/6/2024,5:00,14.6234,79.853,,,,,
1/6/2024,5:15,14.6262,79.678,,,,,
1/6/2024,5:30,14.6287,79.326,,,,,
1/6/2024,5:45,14.6321,79.502,,,,,
1/6/2024,6:00,14.6321,79.502,,,,,
1/6/2024,6:15,14.6333,79.326,,,,,
1/6/2024,6:30,14.6353,79.502,,,,,
1/6/2024,6:45,14.6388,79.678,,,,,
1/6/2024,7:00,14.6407,79.853,,,,,
1/6/2024,7:15,14.6426,80.029,,,,,
1/6/2024,7:30,14.6449,80.382,,,,,
1/6/2024,7:45,14.641,80.735,,,,,
1/6/2024,8:00,14.6426,80.735,,,,,
1/6/2024,8:15,14.6453,80.559,,,,,
1/6/2024,8:30,14.641,80.735,,,,,
1/6/2024,8:45,14.6449,81.09,,,,,
1/6/2024,9:00,14.6449,81.09,,,,,
1/6/2024,9:15,14.643,81.621,,,,,
1/6/2024,9:30,14.643,81.621,,,,,
1/6/2024,9:45,14.6375,81.975,,,,,
1/6/2024,10:00,14.6366,82.33,,,,,
1/6/2024,10:15,14.6355,82.508,,,,,
1/6/2024,10:30,14.6347,82.864,,,,,
1/6/2024,10:45,14.6336,83.043,,,,,
1/6/2024,11:00,14.6363,83.579,,,,,
1/6/2024,11:15,14.6378,83.579,,,,,
1/6/2024,11:30,14.635,83.757,,,,,
1/6/2024,11:45,14.632,83.757,,,,,
1/6/2024,12:00,14.6297,84.115,,,,,
1/6/2024,12:15,14.63,84.295,,,,,
1/6/2024,12:30,14.6276,84.654,,,,,
1/6/2024,12:45,14.6258,85.194,,,,,
1/6/2024,13:00,14.6239,85.735,,,,,
1/6/2024,13:15,14.6218,86.277,,,,,
1/6/2024,13:30,14.6207,86.459,,,,,
1/6/2024,13:45,14.6199,86.823,,,,,
1/6/2024,14:00,14.6176,87.186,,,,,
1/6/2024,14:15,14.6149,86.641,,,,,
1/6/2024,14:30,14.6098,85.735,,,,,
1/6/2024,14:45,14.6078,85.554,,,,,
1/6/2024,15:00,14.6102,86.641,,,,,
1/6/2024,15:15,14.6141,87.004,,,,,
1/6/2024,15:30,14.611,86.277,,,,,
1/6/2024,15:45,14.6121,86.097,,,,,
1/6/2024,16:00,14.6102,86.641,,,,,
1/6/2024,16:15,14.6137,86.097,,,,,
1/6/2024,16:30,14.6124,85.554,,,,,
1/6/2024,16:45,14.6144,85.735,,,,,
1/6/2024,17:00,14.614,85.554,,,,,
1/6/2024,17:15,14.6195,85.194,,,,,
1/6/2024,17:30,14.6175,85.014,,,,,
1/6/2024,17:45,14.6218,84.834,,,,,
1/6/2024,18:00,14.625,84.834,,,,,
1/6/2024,18:15,14.6297,84.834,,,,,
1/6/2024,18:30,14.6288,84.474,,,,,
1/6/2024,18:45,14.6297,84.115,,,,,
1/6/2024,19:00,14.632,83.757,,,,,
1/6/2024,19:15,14.6343,83.399,,,,,
1/6/2024,19:30,14.6403,83.221,,,,,
1/6/2024,19:45,14.6461,83.043,,,,,
1/6/2024,20:00,14.6479,82.508,,,,,
1/6/2024,20:15,14.6488,82.152,,,,,
1/6/2024,20:30,14.6546,81.975,,,,,
1/6/2024,20:45,14.6546,81.975,,,,,
1/6/2024,21:00,14.6546,81.975,,,,,
1/6/2024,21:15,14.6594,81.975,,,,,
1/6/2024,21:30,14.6606,81.797,,,,,
1/6/2024,21:45,14.659,81.797,,,,,
1/6/2024,22:00,14.6601,81.621,,,,,
1/6/2024,22:15,14.6601,81.621,,,,,
1/6/2024,22:30,14.6601,81.621,,,,,
1/6/2024,22:45,14.6585,81.621,,,,,
1/6/2024,23:00,14.659,81.797,,,,,
1/6/2024,23:15,14.6585,81.621,,,,,
1/6/2024,23:30,14.6535,81.442,,,,,
1/6/2024,23:45,14.652,81.442,,,,,
1/7/2024,0:00,14.6488,81.442,,,,,
1/7/2024,0:15,14.6421,81.266,,,,,
1/7/2024,0:30,14.6407,81.266,,,,,
1/7/2024,0:45,14.6375,81.266,,,,,
1/7/2024,1:00,14.6347,81.442,,,,,
1/7/2024,1:15,14.6329,81.266,,,,,
1/7/2024,1:30,14.6347,81.442,,,,,
1/7/2024,1:45,14.6292,81.797,,,,,
1/7/2024,2:00,14.6292,81.797,,,,,
1/7/2024,2:15,14.6265,81.975,,,,,
1/7/2024,2:30,14.6223,82.152,,,,,
1/7/2024,2:45,14.6195,82.33,,,,,
1/7/2024,3:00,14.6175,82.152,,,,,
1/7/2024,3:15,14.6156,81.975,,,,,
1/7/2024,3:30,14.6133,81.621,,,,,
1/7/2024,3:45,14.6133,81.621,,,,,
1/7/2024,4:00,14.6128,81.442,,,,,
1/7/2024,4:15,14.614,81.266,,,,,
1/7/2024,4:30,14.6184,81.09,,,,,
1/7/2024,4:45,14.6191,80.735,,,,,
1/7/2024,5:00,14.6204,80.559,,,,,
1/7/2024,5:15,14.623,80.382,,,,,
1/7/2024,5:30,14.6262,80.382,,,,,
1/7/2024,5:45,14.6289,80.206,,,,,
1/7/2024,6:00,14.6333,80.029,,,,,
1/7/2024,6:15,14.6363,80.029,,,,,
1/7/2024,6:30,14.6363,80.029,,,,,
1/7/2024,6:45,14.6414,80.206,,,,,
1/7/2024,7:00,14.6434,80.382,,,,,
1/7/2024,7:15,14.643,80.911,,,,,
1/7/2024,7:30,14.6418,81.09,,,,,
1/7/2024,7:45,14.6442,81.442,,,,,
1/7/2024,8:00,14.6449,81.797,,,,,
1/7/2024,8:15,14.6477,82.33,,,,,
1/7/2024,8:30,14.6472,82.864,,,,,
1/7/2024,8:45,14.65,83.399,,,,,
1/7/2024,9:00,14.6523,83.757,,,,,
1/7/2024,9:15,14.6523,83.757,,,,,
1/7/2024,9:30,14.65,84.115,,,,,
1/7/2024,9:45,14.6527,84.654,,,,,
1/7/2024,10:00,14.652,85.014,,,,,
1/7/2024,10:15,14.6516,85.554,,,,,
1/7/2024,10:30,14.6474,85.735,,,,,
1/7/2024,10:45,14.6434,86.097,,,,,
1/7/2024,11:00,14.6442,86.459,,,,,
1/7/2024,11:15,14.6418,86.823,,,,,
1/7/2024,11:30,14.64,87.368,,,,,
1/7/2024,11:45,14.6397,87.915,,,,,
1/7/2024,12:00,14.6362,88.466,,,,,
1/7/2024,12:15,14.6366,88.65,,,,,
1/7/2024,12:30,14.6334,88.65,,,,,
1/7/2024,12:45,14.6324,88.833,,,,,
1/7/2024,13:00,14.6269,89.2,,,,,
1/7/2024,13:15,14.6246,88.833,,,,,
1/7/2024,13:30,14.625,89.755,,,,,
1/7/2024,13:45,14.6255,89.938,,,,,
1/7/2024,14:00,14.6233,91.053,,,,,
1/7/2024,14:15,14.6228,90.867,,,,,
1/7/2024,14:30,14.621,90.68,,,,,
1/7/2024,14:45,14.6198,90.867,,,,,
1/7/2024,15:00,14.6126,89.755,,,,,
1/7/2024,15:15,14.6139,90.309,,,,,
1/7/2024,15:30,14.6105,89.569,,,,,
1/7/2024,15:45,14.6094,89.755,,,,,
1/7/2024,16:00,14.6115,90.68,,,,,
1/7/2024,16:15,14.6086,90.124,,,,,
1/7/2024,16:30,14.6101,88.65,,,,,
1/7/2024,16:45,14.6118,87.368,,,,,
1/7/2024,17:00,14.6107,86.823,,,,,
1/7/2024,17:15,14.6126,86.277,,,,,
1/7/2024,17:30,14.6133,85.915,,,,,
1/7/2024,17:45,14.6184,85.374,,,,,
1/7/2024,18:00,14.6163,85.194,,,,,
1/7/2024,18:15,14.6218,84.834,,,,,
1/7/2024,18:30,14.6265,84.834,,,,,
1/7/2024,18:45,14.6297,84.834,,,,,
1/7/2024,19:00,14.6355,84.654,,,,,
1/7/2024,19:15,14.6371,83.935,,,,,
1/7/2024,19:30,14.6389,83.399,,,,,
1/7/2024,19:45,14.6433,83.221,,,,,
1/7/2024,20:00,14.6426,82.864,,,,,
1/7/2024,20:15,14.6449,82.508,,,,,
1/7/2024,20:30,14.6461,82.33,,,,,
1/7/2024,20:45,14.6484,81.975,,,,,
1/7/2024,21:00,14.6527,81.797,,,,,
1/7/2024,21:15,14.6527,81.797,,,,,
1/7/2024,21:30,14.6582,81.442,,,,,
1/7/2024,21:45,14.6562,81.266,,,,,
1/7/2024,22:00,14.6587,80.911,,,,,
1/7/2024,22:15,14.6582,80.735,,,,,
1/7/2024,22:30,14.6582,80.735,,,,,
1/7/2024,22:45,14.6566,80.735,,,,,
1/7/2024,23:00,14.655,80.735,,,,,
1/7/2024,23:15,14.655,80.735,,,,,
1/7/2024,23:30,14.655,80.735,,,,,
1/7/2024,23:45,14.6508,80.911,,,,,
1/8/2024,0:00,14.6504,80.735,,,,,
1/8/2024,0:15,14.6504,80.735,,,,,
1/8/2024,0:30,14.6485,80.559,,,,,
1/8/2024,0:45,14.6469,80.559,,,,,
1/8/2024,1:00,14.6403,80.382,,,,,
1/8/2024,1:15,14.6368,80.206,,,,,
1/8/2024,1:30,14.6349,80.029,,,,,
1/8/2024,1:45,14.6285,80.029,,,,,
1/8/2024,2:00,14.6282,79.853,,,,,
1/8/2024,2:15,14.6266,79.853,,,,,
1/8/2024,2:30,14.6234,79.853,,,,,
1/8/2024,2:45,14.622,79.853,,,,,
1/8/2024,3:00,14.6204,79.853,,,,,
1/8/2024,3:15,14.6199,79.678,,,,,
1/8/2024,3:30,14.6199,79.678,,,,,
1/8/2024,3:45,14.6231,79.678,,,,,
1/8/2024,4:00,14.6215,79.678,,,,,
1/8/2024,4:15,14.6215,79.678,,,,,
1/8/2024,4:30,14.6199,79.678,,,,,
1/8/2024,4:45,14.6215,79.678,,,,,
1/8/2024,5:00,14.6231,79.678,,,,,
1/8/2024,5:15,14.6262,79.678,,,,,
1/8/2024,5:30,14.6262,79.678,,,,,
1/8/2024,5:45,14.6294,79.678,,,,,
1/8/2024,6:00,14.6337,79.502,,,,,
1/8/2024,6:15,14.6353,79.502,,,,,
1/8/2024,6:30,14.6384,79.502,,,,,
1/8/2024,6:45,14.6434,79.678,,,,,
1/8/2024,7:00,14.6439,79.853,,,,,
1/8/2024,7:15,14.6458,80.029,,,,,
1/8/2024,7:30,14.6449,80.382,,,,,
1/8/2024,7:45,14.6453,80.559,,,,,
1/8/2024,8:00,14.6461,80.911,,,,,
1/8/2024,8:15,14.6453,81.266,,,,,
1/8/2024,8:30,14.6492,81.621,,,,,
1/8/2024,8:45,14.65,81.975,,,,,
1/8/2024,9:00,14.6477,82.33,,,,,
1/8/2024,9:15,14.6453,82.686,,,,,
1/8/2024,9:30,14.6465,83.221,,,,,
1/8/2024,9:45,14.6442,83.579,,,,,
1/8/2024,10:00,14.6465,83.935,,,,,
1/8/2024,10:15,14.6426,84.295,,,,,
1/8/2024,10:30,14.6403,84.654,,,,,
1/8/2024,10:45,14.6379,85.014,,,,,
1/8/2024,11:00,14.6352,85.194,,,,,
1/8/2024,11:15,14.6379,85.735,,,,,
1/8/2024,11:30,14.6375,86.277,,,,,
1/8/2024,11:45,14.6321,86.641,,,,,
1/8/2024,12:00,14.6317,87.186,,,,,
1/8/2024,12:15,14.6284,87.733,,,,,
1/8/2024,12:30,14.6242,88.65,,,,,
1/8/2024,12:45,14.6279,88.282,,,,,
1/8/2024,13:00,14.6266,87.004,,,,,
1/8/2024,13:15,14.6234,86.277,,,,,
1/8/2024,13:30,14.6195,85.915,,,,,
1/8/2024,13:45,14.6191,85.735,,,,,
1/8/2024,14:00,14.6137,86.097,,,,,
1/8/2024,14:15,14.6118,86.641,,,,,
1/8/2024,14:30,14.6098,86.459,,,,,
1/8/2024,14:45,14.611,86.277,,,,,
1/8/2024,15:00,14.6047,86.277,,,,,
1/8/2024,15:15,14.6036,86.459,,,,,
1/8/2024,15:30,14.6028,87.552,,,,,
1/8/2024,15:45,14.5991,88.65,,,,,
1/8/2024,16:00,14.5976,89.384,,,,,
1/8/2024,16:15,14.5979,88.833,,,,,
1/8/2024,16:30,14.5954,88.466,,,,,
1/8/2024,16:45,14.5922,87.733,,,,,
1/8/2024,17:00,14.5941,87.186,,,,,
1/8/2024,17:15,14.5989,87.186,,,,,
1/8/2024,17:30,14.5992,86.641,,,,,
1/8/2024,17:45,14.5996,86.097,,,,,
1/8/2024,18:00,14.6066,85.735,,,,,
1/8/2024,18:15,14.6085,85.194,,,,,
1/8/2024,18:30,14.6069,84.474,,,,,
1/8/2024,18:45,14.6117,83.757,,,,,
1/8/2024,19:00,14.6136,83.221,,,,,
1/8/2024,19:15,14.6143,82.864,,,,,
1/8/2024,19:30,14.6147,82.33,,,,,
1/8/2024,19:45,14.617,81.975,,,,,
1/8/2024,20:00,14.6226,81.621,,,,,
1/8/2024,20:15,14.6234,81.266,,,,,
1/8/2024,20:30,14.623,81.09,,,,,
1/8/2024,20:45,14.6242,80.911,,,,,
1/8/2024,21:00,14.6273,80.911,,,,,
1/8/2024,21:15,14.6285,80.735,,,,,
1/8/2024,21:30,14.6239,80.735,,,,,
1/8/2024,21:45,14.6255,80.735,,,,,
1/8/2024,22:00,14.6301,80.735,,,,,
1/8/2024,22:15,14.6266,80.559,,,,,
1/8/2024,22:30,14.6266,80.559,,,,,
1/8/2024,22:45,14.6266,80.559,,,,,
1/8/2024,23:00,14.625,80.559,,,,,
1/8/2024,23:15,14.6239,80.735,,,,,
1/8/2024,23:30,14.6207,80.735,,,,,
1/8/2024,23:45,14.6207,80.735,,,,,
1/9/2024,0:00,14.616,80.735,,,,,
1/9/2024,0:15,14.6144,80.735,,,,,
1/9/2024,0:30,14.611,80.559,,,,,
1/9/2024,0:45,14.6078,80.559,,,,,
1/9/2024,1:00,14.6075,80.382,,,,,
1/9/2024,1:15,14.6075,80.382,,,,,
1/9/2024,1:30,14.6054,80.206,,,,,
1/9/2024,1:45,14.6024,80.206,,,,,
1/9/2024,2:00,14.6004,80.029,,,,,
1/9/2024,2:15,14.602,80.029,,,,,
1/9/2024,2:30,14.6015,79.853,,,,,
1/9/2024,2:45,14.6004,80.029,,,,,
1/9/2024,3:00,14.5988,80.029,,,,,
1/9/2024,3:15,14.6004,80.029,,,,,
1/9/2024,3:30,14.5965,79.678,,,,,
1/9/2024,3:45,14.5965,79.678,,,,,
1/9/2024,4:00,14.5978,79.502,,,,,
1/9/2024,4:15,14.5978,79.502,,,,,
1/9/2024,4:30,14.5992,79.502,,,,,
1/9/2024,4:45,14.6012,79.678,,,,,
1/9/2024,5:00,14.6059,79.678,,,,,
1/9/2024,5:15,14.6059,79.678,,,,,
1/9/2024,5:30,14.6107,79.678,,,,,
1/9/2024,5:45,14.6107,79.678,,,,,
1/9/2024,6:00,14.6121,79.678,,,,,
1/9/2024,6:15,14.6149,79.502,,,,,
1/9/2024,6:30,14.6184,79.678,,,,,
1/9/2024,6:45,14.6199,79.678,,,,,
1/9/2024,7:00,14.6255,80.029,,,,,
1/9/2024,7:15,14.6255,80.735,,,,,
1/9/2024,7:30,14.6308,81.09,,,,,
1/9/2024,7:45,14.6301,81.442,,,,,
1/9/2024,8:00,14.6336,81.621,,,,,
1/9/2024,8:15,14.6327,81.975,,,,,
1/9/2024,8:30,14.6316,82.152,,,,,
1/9/2024,8:45,14.6339,82.508,,,,,
1/9/2024,9:00,14.635,83.043,,,,,
1/9/2024,9:15,14.6359,83.399,,,,,
1/9/2024,9:30,14.635,83.757,,,,,
1/9/2024,9:45,14.6366,83.757,,,,,
1/9/2024,10:00,14.6355,83.935,,,,,
1/9/2024,10:15,14.6336,83.757,,,,,
1/9/2024,10:30,14.6292,83.221,,,,,
1/9/2024,10:45,14.6276,83.221,,,,,
1/9/2024,11:00,14.6304,83.757,,,,,
1/9/2024,11:15,14.6285,84.295,,,,,
1/9/2024,11:30,14.6242,85.194,,,,,
1/9/2024,11:45,14.6211,85.915,,,,,
1/9/2024,12:00,14.6234,86.277,,,,,
1/9/2024,12:15,14.622,87.004,,,,,
1/9/2024,12:30,14.6208,87.186,,,,,
1/9/2024,12:45,14.6197,87.368,,,,,
1/9/2024,13:00,14.6178,88.65,,,,,
1/9/2024,13:15,14.6137,89.569,,,,,
1/9/2024,13:30,14.6146,89.938,,,,,
1/9/2024,13:45,14.6141,89.755,,,,,
1/9/2024,14:00,14.6085,88.65,,,,,
1/9/2024,14:15,14.6101,88.65,,,,,
1/9/2024,14:30,14.6078,89.017,,,,,
1/9/2024,14:45,14.605,89.2,,,,,
1/9/2024,15:00,14.6041,90.867,,,,,
1/9/2024,15:15,14.6031,91.8,,,,,
1/9/2024,15:30,14.5975,90.68,,,,,
1/9/2024,15:45,14.5976,89.384,,,,,
1/9/2024,16:00,14.597,90.495,,,,,
1/9/2024,16:15,14.5989,90.68,,,,,
1/9/2024,16:30,14.5965,89.569,,,,,
1/9/2024,16:45,14.5991,88.65,,,,,
1/9/2024,17:00,14.6014,88.282,,,,,
1/9/2024,17:15,14.6005,87.915,,,,,
1/9/2024,17:30,14.6036,87.186,,,,,
1/9/2024,17:45,14.6024,86.641,,,,,
1/9/2024,18:00,14.607,85.915,,,,,
1/9/2024,18:15,14.6085,85.194,,,,,
1/9/2024,18:30,14.6131,84.474,,,,,
1/9/2024,18:45,14.6105,83.935,,,,,
1/9/2024,19:00,14.614,83.399,,,,,
1/9/2024,19:15,14.6159,82.864,,,,,
1/9/2024,19:30,14.6182,82.508,,,,,
1/9/2024,19:45,14.621,82.33,,,,,
1/9/2024,20:00,14.6249,81.975,,,,,
1/9/2024,20:15,14.6246,81.797,,,,,
1/9/2024,20:30,14.6273,81.621,,,,,
1/9/2024,20:45,14.6301,81.442,,,,,
1/9/2024,21:00,14.6329,81.266,,,,,
1/9/2024,21:15,14.6343,81.266,,,,,
1/9/2024,21:30,14.6371,81.09,,,,,
1/9/2024,21:45,14.6355,81.09,,,,,
1/9/2024,22:00,14.6382,80.911,,,,,
1/9/2024,22:15,14.6382,80.911,,,,,
1/9/2024,22:30,14.6398,80.911,,,,,
1/9/2024,22:45,14.6398,80.911,,,,,
1/9/2024,23:00,14.6395,80.735,,,,,
1/9/2024,23:15,14.6395,80.735,,,,,
1/9/2024,23:30,14.6347,80.735,,,,,
1/9/2024,23:45,14.6313,80.559,,,,,
1/10/2024,0:00,14.6329,80.559,,,,,
1/10/2024,0:15,14.6313,80.559,,,,,
1/10/2024,0:30,14.6262,80.382,,,,,
1/10/2024,0:45,14.625,80.559,,,,,
1/10/2024,1:00,14.6215,80.382,,,,,
1/10/2024,1:15,14.6181,80.206,,,,,
1/10/2024,1:30,14.6144,80.029,,,,,
1/10/2024,1:45,14.6126,79.853,,,,,
1/10/2024,2:00,14.6141,79.853,,,,,
1/10/2024,2:15,14.6141,79.853,,,,,
1/10/2024,2:30,14.611,79.853,,,,,
1/10/2024,2:45,14.6098,80.029,,,,,
1/10/2024,3:00,14.6094,79.853,,,,,
1/10/2024,3:15,14.6031,79.853,,,,,
1/10/2024,3:30,14.6043,79.678,,,,,
1/10/2024,3:45,14.6059,79.678,,,,,
1/10/2024,4:00,14.6028,79.678,,,,,
1/10/2024,4:15,14.604,79.502,,,,,
1/10/2024,4:30,14.604,79.502,,,,,
1/10/2024,4:45,14.6052,79.326,,,,,
1/10/2024,5:00,14.6083,79.326,,,,,
1/10/2024,5:15,14.6083,79.326,,,,,
1/10/2024,5:30,14.6114,79.326,,,,,
1/10/2024,5:45,14.613,79.326,,,,,
1/10/2024,6:00,14.6162,79.326,,,,,
1/10/2024,6:15,14.6176,79.326,,,,,
1/10/2024,6:30,14.6208,79.326,,,,,
1/10/2024,6:45,14.6259,79.502,,,,,
1/10/2024,7:00,14.6234,79.853,,,,,
1/10/2024,7:15,14.6258,80.206,,,,,
1/10/2024,7:30,14.6281,80.559,,,,,
1/10/2024,7:45,14.6269,80.735,,,,,
1/10/2024,8:00,14.6285,81.442,,,,,
1/10/2024,8:15,14.6292,81.797,,,,,
1/10/2024,8:30,14.6265,81.975,,,,,
1/10/2024,8:45,14.6285,82.152,,,,,
1/10/2024,9:00,14.6308,82.508,,,,,
1/10/2024,9:15,14.6316,82.864,,,,,
1/10/2024,9:30,14.6308,83.221,,,,,
1/10/2024,9:45,14.6297,83.399,,,,,
1/10/2024,10:00,14.63,83.579,,,,,
1/10/2024,10:15,14.6297,84.115,,,,,
1/10/2024,10:30,14.6316,84.295,,,,,
1/10/2024,10:45,14.6292,84.654,,,,,
1/10/2024,11:00,14.6281,84.834,,,,,
1/10/2024,11:15,14.6273,85.194,,,,,
1/10/2024,11:30,14.6292,85.374,,,,,
1/10/2024,11:45,14.6266,85.554,,,,,
1/10/2024,12:00,14.6273,85.915,,,,,
1/10/2024,12:15,14.6247,86.823,,,,,
1/10/2024,12:30,14.6223,86.459,,,,,
1/10/2024,12:45,14.623,86.097,,,,,
1/10/2024,13:00,14.6234,86.277,,,,,
1/10/2024,13:15,14.6255,86.459,,,,,
1/10/2024,13:30,14.6195,85.915,,,,,
1/10/2024,13:45,14.6195,85.915,,,,,
1/10/2024,14:00,14.6197,87.368,,,,,
1/10/2024,14:15,14.6165,86.641,,,,,
1/10/2024,14:30,14.6155,88.282,,,,,
1/10/2024,14:45,14.6143,88.466,,,,,
1/10/2024,15:00,14.6128,89.2,,,,,
1/10/2024,15:15,14.6136,90.867,,,,,
1/10/2024,15:30,14.6101,91.425,,,,,
1/10/2024,15:45,14.6094,91.8,,,,,
1/10/2024,16:00,14.6115,92.737,,,,,
1/10/2024,16:15,14.614,93.115,,,,,
1/10/2024,16:30,14.611,91.8,,,,,
1/10/2024,16:45,14.6105,89.569,,,,,
1/10/2024,17:00,14.6108,89.017,,,,,
1/10/2024,17:15,14.6131,88.65,,,,,
1/10/2024,17:30,14.6182,88.099,,,,,
1/10/2024,17:45,14.6192,87.186,,,,,
1/10/2024,18:00,14.6199,86.823,,,,,
1/10/2024,18:15,14.6204,86.277,,,,,
1/10/2024,18:30,14.6234,85.554,,,,,
1/10/2024,18:45,14.6234,84.834,,,,,
1/10/2024,19:00,14.6281,84.115,,,,,
1/10/2024,19:15,14.632,83.757,,,,,
1/10/2024,19:30,14.6339,83.221,,,,,
1/10/2024,19:45,14.6343,82.686,,,,,
1/10/2024,20:00,14.6398,82.33,,,,,
1/10/2024,20:15,14.6421,81.975,,,,,
1/10/2024,20:30,14.6465,81.797,,,,,
1/10/2024,20:45,14.6461,81.621,,,,,
1/10/2024,21:00,14.6472,81.442,,,,,
1/10/2024,21:15,14.65,81.266,,,,,
1/10/2024,21:30,14.6532,81.266,,,,,
1/10/2024,21:45,14.6548,81.266,,,,,
1/10/2024,22:00,14.6543,81.09,,,,,
1/10/2024,22:15,14.659,81.09,,,,,
1/10/2024,22:30,14.6571,80.911,,,,,
1/10/2024,22:45,14.6587,80.911,,,,,
1/10/2024,23:00,14.6582,80.735,,,,,
1/10/2024,23:15,14.6536,80.735,,,,,
1/10/2024,23:30,14.6516,80.559,,,,,
1/10/2024,23:45,14.6485,80.559,,,,,
1/11/2024,0:00,14.6434,80.382,,,,,
1/11/2024,0:15,14.6434,80.382,,,,,
1/11/2024,0:30,14.64,80.206,,,,,
1/11/2024,0:45,14.6379,80.029,,,,,
1/11/2024,1:00,14.6349,80.029,,,,,
1/11/2024,1:15,14.636,79.853,,,,,
1/11/2024,1:30,14.6294,79.678,,,,,
1/11/2024,1:45,14.6294,79.678,,,,,
1/11/2024,2:00,14.6259,79.502,,,,,
1/11/2024,2:15,14.6224,79.326,,,,,
1/11/2024,2:30,14.6239,79.326,,,,,
1/11/2024,2:45,14.6227,79.502,,,,,
1/11/2024,3:00,14.6211,79.502,,,,,
1/11/2024,3:15,14.6181,79.502,,,,,
1/11/2024,3:30,14.6197,79.502,,,,,
1/11/2024,3:45,14.6197,79.502,,,,,
1/11/2024,4:00,14.6176,79.326,,,,,
1/11/2024,4:15,14.6208,79.326,,,,,
1/11/2024,4:30,14.6204,79.151,,,,,
1/11/2024,4:45,14.6204,79.151,,,,,
1/11/2024,5:00,14.622,79.151,,,,,
1/11/2024,5:15,14.6239,79.326,,,,,
1/11/2024,5:30,14.6259,79.502,,,,,
1/11/2024,5:45,14.6294,79.678,,,,,
1/11/2024,6:00,14.6329,79.853,,,,,
1/11/2024,6:15,14.636,79.853,,,,,
1/11/2024,6:30,14.6379,80.029,,,,,
1/11/2024,6:45,14.6426,80.029,,,,,
1/11/2024,7:00,14.6446,80.206,,,,,
1/11/2024,7:15,14.6469,80.559,,,,,
1/11/2024,7:30,14.6458,80.735,,,,,
1/11/2024,7:45,14.6481,81.09,,,,,
1/11/2024,8:00,14.6484,81.266,,,,,
1/11/2024,8:15,14.6511,81.797,,,,,
1/11/2024,8:30,14.6539,82.33,,,,,
1/11/2024,8:45,14.6532,82.686,,,,,
1/11/2024,9:00,14.6495,83.221,,,,,
1/11/2024,9:15,14.6507,83.757,,,,,
1/11/2024,9:30,14.6546,84.115,,,,,
1/11/2024,9:45,14.655,84.295,,,,,
1/11/2024,10:00,14.6535,84.295,,,,,
1/11/2024,10:15,14.6566,84.295,,,,,
1/11/2024,10:30,14.6527,83.935,,,,,
1/11/2024,10:45,14.6535,83.579,,,,,
1/11/2024,11:00,14.6468,82.686,,,,,
1/11/2024,11:15,14.6449,82.508,,,,,
1/11/2024,11:30,14.6429,83.043,,,,,
1/11/2024,11:45,14.6429,83.757,,,,,
1/11/2024,12:00,14.6394,83.579,,,,,
1/11/2024,12:15,14.6366,83.757,,,,,
1/11/2024,12:30,14.6382,83.757,,,,,
1/11/2024,12:45,14.6382,83.757,,,,,
1/11/2024,13:00,14.632,83.757,,,,,
1/11/2024,13:15,14.6308,83.935,,,,,
1/11/2024,13:30,14.6276,83.935,,,,,
1/11/2024,13:45,14.6202,83.399,,,,,
1/11/2024,14:00,14.6159,82.864,,,,,
1/11/2024,14:15,14.6156,82.686,,,,,
1/11/2024,14:30,14.6136,82.508,,,,,
1/11/2024,14:45,14.6179,82.33,,,,,
1/11/2024,15:00,14.6159,82.152,,,,,
1/11/2024,15:15,14.6175,82.152,,,,,
1/11/2024,15:30,14.6168,82.508,,,,,
1/11/2024,15:45,14.6124,82.686,,,,,
1/11/2024,16:00,14.6097,82.864,,,,,
1/11/2024,16:15,14.6101,83.043,,,,,
1/11/2024,16:30,14.6112,82.864,,,,,
1/11/2024,16:45,14.6097,82.864,,,,,
1/11/2024,17:00,14.6101,83.043,,,,,
1/11/2024,17:15,14.6128,82.864,,,,,
1/11/2024,17:30,14.6147,83.043,,,,,
1/11/2024,17:45,14.6159,82.864,,,,,
1/11/2024,18:00,14.6159,82.864,,,,,
1/11/2024,18:15,14.6156,82.686,,,,,
1/11/2024,18:30,14.6182,82.508,,,,,
1/11/2024,18:45,14.621,82.33,,,,,
1/11/2024,19:00,14.6237,82.152,,,,,
1/11/2024,19:15,14.6246,81.797,,,,,
1/11/2024,19:30,14.6269,81.442,,,,,
1/11/2024,19:45,14.6262,81.09,,,,,
1/11/2024,20:00,14.6269,80.735,,,,,
1/11/2024,20:15,14.6266,80.559,,,,,
1/11/2024,20:30,14.6262,80.382,,,,,
1/11/2024,20:45,14.6289,80.206,,,,,
1/11/2024,21:00,14.6271,80.029,,,,,
1/11/2024,21:15,14.6317,80.029,,,,,
1/11/2024,21:30,14.6329,79.853,,,,,
1/11/2024,21:45,14.6313,79.853,,,,,
1/11/2024,22:00,14.6329,79.853,,,,,
1/11/2024,22:15,14.6333,80.029,,,,,
1/11/2024,22:30,14.6317,80.029,,,,,
1/11/2024,22:45,14.6271,80.029,,,,,
1/11/2024,23:00,14.6271,80.029,,,,,
1/11/2024,23:15,14.6207,80.029,,,,,
1/11/2024,23:30,14.6195,80.206,,,,,
1/11/2024,23:45,14.616,80.029,,,,,
1/12/2024,0:00,14.6144,80.029,,,,,
1/12/2024,0:15,14.6144,80.029,,,,,
1/12/2024,0:30,14.611,79.853,,,,,
1/12/2024,0:45,14.6079,79.853,,,,,
1/12/2024,1:00,14.6075,79.678,,,,,
1/12/2024,1:15,14.6107,79.678,,,,,
1/12/2024,1:30,14.6079,79.853,,,,,
1/12/2024,1:45,14.6079,79.853,,,,,
1/12/2024,2:00,14.6079,79.853,,,,,
1/12/2024,2:15,14.6079,79.853,,,,,
1/12/2024,2:30,14.6052,80.029,,,,,
1/12/2024,2:45,14.6052,80.029,,,,,
1/12/2024,3:00,14.6052,80.029,,,,,
1/12/2024,3:15,14.6052,80.029,,,,,
1/12/2024,3:30,14.6043,79.678,,,,,
1/12/2024,3:45,14.6024,79.502,,,,,
1/12/2024,4:00,14.604,79.502,,,,,
1/12/2024,4:15,14.604,79.502,,,,,
1/12/2024,4:30,14.6056,79.502,,,,,
1/12/2024,4:45,14.6036,79.326,,,,,
1/12/2024,5:00,14.6063,79.151,,,,,
1/12/2024,5:15,14.606,78.975,,,,,
1/12/2024,5:30,14.6075,78.975,,,,,
1/12/2024,5:45,14.6102,78.8,,,,,
1/12/2024,6:00,14.6102,78.8,,,,,
1/12/2024,6:15,14.615,78.8,,,,,
1/12/2024,6:30,14.6166,78.8,,,,,
1/12/2024,6:45,14.6166,78.8,,,,,
1/12/2024,7:00,14.6189,79.151,,,,,
1/12/2024,7:15,14.6208,79.326,,,,,
1/12/2024,7:30,14.6231,79.678,,,,,
1/12/2024,7:45,14.6239,80.029,,,,,
1/12/2024,8:00,14.6234,80.559,,,,,
1/12/2024,8:15,14.6218,81.266,,,,,
1/12/2024,8:30,14.6214,81.09,,,,,
1/12/2024,8:45,14.6218,81.266,,,,,
1/12/2024,9:00,14.6202,81.266,,,,,
1/12/2024,9:15,14.6214,81.797,,,,,
1/12/2024,9:30,14.6211,81.621,,,,,
1/12/2024,9:45,14.6234,81.975,,,,,
1/12/2024,10:00,14.6198,82.508,,,,,
1/12/2024,10:15,14.6202,82.686,,,,,
1/12/2024,10:30,14.6163,83.043,,,,,
1/12/2024,10:45,14.6112,83.579,,,,,
1/12/2024,11:00,14.6128,84.295,,,,,
1/12/2024,11:15,14.6112,85.014,,,,,
1/12/2024,11:30,14.6117,85.194,,,,,
1/12/2024,11:45,14.6082,85.735,,,,,
1/12/2024,12:00,14.6082,86.459,,,,,
1/12/2024,12:15,14.6068,87.186,,,,,
1/12/2024,12:30,14.6072,88.099,,,,,
1/12/2024,12:45,14.6046,89.017,,,,,
1/12/2024,13:00,14.5996,89.569,,,,,
1/12/2024,13:15,14.6024,90.124,,,,,
1/12/2024,13:30,14.5999,91.8,,,,,
1/12/2024,13:45,14.6002,91.24,,,,,
1/12/2024,14:00,14.5999,91.8,,,,,
1/12/2024,14:15,14.5949,91.612,,,,,
1/12/2024,14:30,14.5922,90.495,,,,,
1/12/2024,14:45,14.5889,89.017,,,,,
1/12/2024,15:00,14.5864,87.915,,,,,
1/12/2024,15:15,14.584,86.823,,,,,
1/12/2024,15:30,14.5847,86.459,,,,,
1/12/2024,15:45,14.5835,85.915,,,,,
1/12/2024,16:00,14.5824,85.374,,,,,
1/12/2024,16:15,14.5804,85.194,,,,,
1/12/2024,16:30,14.5811,84.834,,,,,
1/12/2024,16:45,14.585,84.474,,,,,
1/12/2024,17:00,14.5878,84.295,,,,,
1/12/2024,17:15,14.5889,84.115,,,,,
1/12/2024,17:30,14.5909,83.579,,,,,
1/12/2024,17:45,14.5912,83.043,,,,,
1/12/2024,18:00,14.5889,82.686,,,,,
1/12/2024,18:15,14.5905,82.686,,,,,
1/12/2024,18:30,14.5901,82.508,,,,,
1/12/2024,18:45,14.5901,82.508,,,,,
1/12/2024,19:00,14.5933,82.508,,,,,
1/12/2024,19:15,14.5933,82.508,,,,,
1/12/2024,19:30,14.5944,82.33,,,,,
1/12/2024,19:45,14.5988,82.152,,,,,
1/12/2024,20:00,14.5967,81.975,,,,,
1/12/2024,20:15,14.5995,81.797,,,,,
1/12/2024,20:30,14.6007,81.621,,,,,
1/12/2024,20:45,14.6054,81.621,,,,,
1/12/2024,21:00,14.6038,81.621,,,,,
1/12/2024,21:15,14.6057,81.797,,,,,
1/12/2024,21:30,14.6101,81.621,,,,,
1/12/2024,21:45,14.6133,81.621,,,,,
1/12/2024,22:00,14.6163,81.621,,,,,
1/12/2024,22:15,14.6163,81.621,,,,,
1/12/2024,22:30,14.6191,81.442,,,,,
1/12/2024,22:45,14.6156,81.266,,,,,
1/12/2024,23:00,14.6121,81.09,,,,,
1/12/2024,23:15,14.6195,80.911,,,,,
1/12/2024,23:30,14.6176,80.735,,,,,
1/12/2024,23:45,14.6188,80.559,,,,,
1/13/2024,0:00,14.6126,80.559,,,,,
1/13/2024,0:15,14.6089,80.382,,,,,
1/13/2024,0:30,14.607,80.206,,,,,
1/13/2024,0:45,14.6008,80.206,,,,,
1/13/2024,1:00,14.5946,80.206,,,,,
1/13/2024,1:15,14.5946,80.206,,,,,
1/13/2024,1:30,14.593,80.206,,,,,
1/13/2024,1:45,14.5867,80.206,,,,,
1/13/2024,2:00,14.5819,80.206,,,,,
1/13/2024,2:15,14.5819,80.206,,,,,
1/13/2024,2:30,14.5805,80.206,,,,,
1/13/2024,2:45,14.5863,80.029,,,,,
1/13/2024,3:00,14.586,79.853,,,,,
1/13/2024,3:15,14.5844,79.853,,,,,
1/13/2024,3:30,14.5809,79.678,,,,,
1/13/2024,3:45,14.5793,79.678,,,,,
1/13/2024,4:00,14.5821,79.502,,,,,
1/13/2024,4:15,14.5805,79.502,,,,,
1/13/2024,4:30,14.5837,79.502,,,,,
1/13/2024,4:45,14.5867,79.502,,,,,
1/13/2024,5:00,14.5883,79.502,,,,,
1/13/2024,5:15,14.5911,79.326,,,,,
1/13/2024,5:30,14.5911,79.326,,,,,
1/13/2024,5:45,14.593,79.502,,,,,
1/13/2024,6:00,14.5962,79.502,,,,,
1/13/2024,6:15,14.5992,79.502,,,,,
1/13/2024,6:30,14.6008,79.502,,,,,
1/13/2024,6:45,14.6028,79.678,,,,,
1/13/2024,7:00,14.6031,79.853,,,,,
1/13/2024,7:15,14.6038,80.206,,,,,
1/13/2024,7:30,14.6004,80.735,,,,,
1/13/2024,7:45,14.6043,81.09,,,,,
1/13/2024,8:00,14.6069,81.621,,,,,
1/13/2024,8:15,14.6089,81.797,,,,,
1/13/2024,8:30,14.6112,82.152,,,,,
1/13/2024,8:45,14.612,82.508,,,,,
1/13/2024,9:00,14.6108,82.686,,,,,
1/13/2024,9:15,14.6117,83.043,,,,,
1/13/2024,9:30,14.612,83.221,,,,,
1/13/2024,9:45,14.614,83.399,,,,,
1/13/2024,10:00,14.6101,83.757,,,,,
1/13/2024,10:15,14.6124,84.115,,,,,
1/13/2024,10:30,14.6108,84.115,,,,,
1/13/2024,10:45,14.6066,84.295,,,,,
1/13/2024,11:00,14.6002,84.295,,,,,
1/13/2024,11:15,14.6023,84.474,,,,,
1/13/2024,11:30,14.5995,84.654,,,,,
1/13/2024,11:45,14.5976,85.194,,,,,
1/13/2024,12:00,14.5965,85.374,,,,,
1/13/2024,12:15,14.5928,85.194,,,,,
1/13/2024,12:30,14.5905,85.554,,,,,
1/13/2024,12:45,14.5925,86.459,,,,,
1/13/2024,13:00,14.5899,87.368,,,,,
1/13/2024,13:15,14.5883,87.368,,,,,
1/13/2024,13:30,14.5821,87.368,,,,,
1/13/2024,13:45,14.5848,87.186,,,,,
1/13/2024,14:00,14.5821,87.368,,,,,
1/13/2024,14:15,14.5789,87.368,,,,,
1/13/2024,14:30,14.5782,87.733,,,,,
1/13/2024,14:45,14.5777,87.552,,,,,
1/13/2024,15:00,14.5759,88.099,,,,,
1/13/2024,15:15,14.5728,88.099,,,,,
1/13/2024,15:30,14.5706,87.186,,,,,
1/13/2024,15:45,14.5706,87.186,,,,,
1/13/2024,16:00,14.5738,87.186,,,,,
1/13/2024,16:15,14.5754,87.186,,,,,
1/13/2024,16:30,14.5743,87.368,,,,,
1/13/2024,16:45,14.5727,87.368,,,,,
1/13/2024,17:00,14.5764,86.277,,,,,
1/13/2024,17:15,14.5815,85.735,,,,,
1/13/2024,17:30,14.5827,85.554,,,,,
1/13/2024,17:45,14.587,85.374,,,,,
1/13/2024,18:00,14.5859,84.115,,,,,
1/13/2024,18:15,14.5901,83.221,,,,,
1/13/2024,18:30,14.5917,82.508,,,,,
1/13/2024,18:45,14.5972,82.152,,,,,
1/13/2024,19:00,14.5956,82.152,,,,,
1/13/2024,19:15,14.5983,81.975,,,,,
1/13/2024,19:30,14.6015,81.975,,,,,
1/13/2024,19:45,14.6057,81.797,,,,,
1/13/2024,20:00,14.6027,81.797,,,,,
1/13/2024,20:15,14.6094,81.975,,,,,
1/13/2024,20:30,14.6094,81.975,,,,,
1/13/2024,20:45,14.6108,81.975,,,,,
1/13/2024,21:00,14.6062,81.975,,,,,
1/13/2024,21:15,14.6046,81.975,,,,,
1/13/2024,21:30,14.6094,81.975,,,,,
1/13/2024,21:45,14.6073,81.797,,,,,
1/13/2024,22:00,14.612,81.797,,,,,
1/13/2024,22:15,14.6105,81.797,,,,,
1/13/2024,22:30,14.612,81.797,,,,,
1/13/2024,22:45,14.6105,81.797,,,,,
1/13/2024,23:00,14.6152,81.797,,,,,
1/13/2024,23:15,14.6108,81.975,,,,,
1/13/2024,23:30,14.6078,81.975,,,,,
1/13/2024,23:45,14.6062,81.975,,,,,
1/14/2024,0:00,14.6073,81.797,,,,,
1/14/2024,0:15,14.6043,81.797,,,,,
1/14/2024,0:30,14.5967,81.266,,,,,
1/14/2024,0:45,14.5933,81.09,,,,,
1/14/2024,1:00,14.5866,80.911,,,,,
1/14/2024,1:15,14.5851,80.911,,,,,
1/14/2024,1:30,14.5831,80.735,,,,,
1/14/2024,1:45,14.5801,80.735,,,,,
1/14/2024,2:00,14.5812,80.559,,,,,
1/14/2024,2:15,14.5766,80.559,,,,,
1/14/2024,2:30,14.5734,80.559,,,,,
1/14/2024,2:45,14.5753,80.735,,,,,
1/14/2024,3:00,14.5738,80.735,,,,,
1/14/2024,3:15,14.5753,80.735,,,,,
1/14/2024,3:30,14.5725,80.911,,,,,
1/14/2024,3:45,14.5711,80.911,,,,,
1/14/2024,4:00,14.5679,80.911,,,,,
1/14/2024,4:15,14.5706,80.735,,,,,
1/14/2024,4:30,14.5706,80.735,,,,,
1/14/2024,4:45,14.5718,80.559,,,,,
1/14/2024,5:00,14.5718,80.559,,,,,
1/14/2024,5:15,14.5702,80.559,,,,,
1/14/2024,5:30,14.5734,80.559,,,,,
1/14/2024,5:45,14.5769,80.735,,,,,
1/14/2024,6:00,14.5785,80.735,,,,,
1/14/2024,6:15,14.5835,80.911,,,,,
1/14/2024,6:30,14.5866,80.911,,,,,
1/14/2024,6:45,14.5917,81.09,,,,,
1/14/2024,7:00,14.5917,81.09,,,,,
1/14/2024,7:15,14.5941,81.442,,,,,
1/14/2024,7:30,14.5928,81.621,,,,,
1/14/2024,7:45,14.5933,81.797,,,,,
1/14/2024,8:00,14.594,82.152,,,,,
1/14/2024,8:15,14.5937,82.686,,,,,
1/14/2024,8:30,14.5944,83.043,,,,,
1/14/2024,8:45,14.5917,83.221,,,,,
1/14/2024,9:00,14.5933,83.221,,,,,
1/14/2024,9:15,14.5905,83.399,,,,,
1/14/2024,9:30,14.5933,83.935,,,,,
1/14/2024,9:45,14.5924,84.295,,,,,
1/14/2024,10:00,14.5949,84.654,,,,,
1/14/2024,10:15,14.5909,85.014,,,,,
1/14/2024,10:30,14.5951,84.834,,,,,
1/14/2024,10:45,14.5905,84.115,,,,,
1/14/2024,11:00,14.5901,83.935,,,,,
1/14/2024,11:15,14.5854,83.935,,,,,
1/14/2024,11:30,14.5815,84.295,,,,,
1/14/2024,11:45,14.5822,84.654,,,,,
1/14/2024,12:00,14.5785,85.014,,,,,
1/14/2024,12:15,14.5753,83.579,,,,,
1/14/2024,12:30,14.5741,82.33,,,,,
1/14/2024,12:45,14.5732,81.975,,,,,
1/14/2024,13:00,14.5709,82.33,,,,,
1/14/2024,13:15,14.5693,82.33,,,,,
1/14/2024,13:30,14.5686,82.686,,,,,
1/14/2024,13:45,14.5686,82.686,,,,,
1/14/2024,14:00,14.5658,82.864,,,,,
1/14/2024,14:15,14.5619,83.221,,,,,
1/14/2024,14:30,14.5619,83.935,,,,,
1/14/2024,14:45,14.5624,84.834,,,,,
1/14/2024,15:00,14.558,85.014,,,,,
1/14/2024,15:15,14.5608,84.834,,,,,
1/14/2024,15:30,14.5589,84.654,,,,,
1/14/2024,15:45,14.5585,84.474,,,,,
1/14/2024,16:00,14.5596,84.295,,,,,
1/14/2024,16:15,14.5576,84.115,,,,,
1/14/2024,16:30,14.5585,83.757,,,,,
1/14/2024,16:45,14.5603,83.221,,,,,
1/14/2024,17:00,14.5557,81.09,,,,,
1/14/2024,17:15,14.5609,80.559,,,,,
1/14/2024,17:30,14.5628,80.029,,,,,
1/14/2024,17:45,14.5641,79.853,,,,,
1/14/2024,18:00,14.5664,80.206,,,,,
1/14/2024,18:15,14.5699,80.382,,,,,
1/14/2024,18:30,14.5718,80.559,,,,,
1/14/2024,18:45,14.5734,80.559,,,,,
1/14/2024,19:00,14.5789,80.206,,,,,
1/14/2024,19:15,14.5819,80.206,,,,,
1/14/2024,19:30,14.5777,80.382,,,,,
1/14/2024,19:45,14.5761,80.382,,,,,
1/14/2024,20:00,14.5761,80.382,,,,,
1/14/2024,20:15,14.5792,80.382,,,,,
1/14/2024,20:30,14.5828,80.559,,,,,
1/14/2024,20:45,14.578,80.559,,,,,
1/14/2024,21:00,14.5801,80.735,,,,,
1/14/2024,21:15,14.5851,80.911,,,,,
1/14/2024,21:30,14.5863,80.735,,,,,
1/14/2024,21:45,14.5875,80.559,,,,,
1/14/2024,22:00,14.5893,80.735,,,,,
1/14/2024,22:15,14.5879,80.735,,,,,
1/14/2024,22:30,14.5847,80.735,,,,,
1/14/2024,22:45,14.5851,80.911,,,,,
1/14/2024,23:00,14.5851,80.911,,,,,
1/14/2024,23:15,14.587,81.09,,,,,
1/14/2024,23:30,14.5854,81.09,,,,,
1/14/2024,23:45,14.5808,81.09,,,,,
1/15/2024,0:00,14.5792,81.09,,,,,
1/15/2024,0:15,14.5776,81.09,,,,,
1/15/2024,0:30,14.5776,81.09,,,,,
1/15/2024,0:45,14.5776,81.09,,,,,
1/15/2024,1:00,14.5773,80.206,,,,,
1/15/2024,1:15,14.5708,78.624,,,,,
1/15/2024,1:30,14.5682,78.098,,,,,
1/15/2024,1:45,14.5724,78.624,,,,,
1/15/2024,2:00,14.6314,79.151,,,,,
1/15/2024,2:15,14.6662,79.326,,,,,
1/15/2024,2:30,14.6755,79.326,,,,,
1/15/2024,2:45,14.8292,79.502,,,,,
1/15/2024,3:00,14.8082,79.151,,,,,
1/15/2024,3:15,14.7545,78.975,,,,,
1/15/2024,3:30,14.7135,78.8,,,,,
1/15/2024,3:45,14.6807,78.8,,,,,
1/15/2024,4:00,14.6669,78.975,,,,,
1/15/2024,4:15,14.6545,78.975,,,,,
1/15/2024,4:30,14.6388,78.975,,,,,
1/15/2024,4:45,14.6326,78.975,,,,,
1/15/2024,5:00,14.6372,78.975,,,,,
1/15/2024,5:15,14.6345,79.151,,,,,
1/15/2024,5:30,14.6376,79.151,,,,,
1/15/2024,5:45,14.6392,79.151,,,,,
1/15/2024,6:00,14.6423,79.151,,,,,
1/15/2024,6:15,14.6439,79.151,,,,,
1/15/2024,6:30,14.6407,79.151,,,,,
1/15/2024,6:45,14.6376,79.151,,,,,
1/15/2024,7:00,14.6298,79.151,,,,,
1/15/2024,7:15,14.6298,79.151,,,,,
1/15/2024,7:30,14.6271,79.326,,,,,
1/15/2024,7:45,14.6271,79.326,,,,,
1/15/2024,8:00,14.6211,79.502,,,,,
1/15/2024,8:15,14.6153,79.678,,,,,
1/15/2024,8:30,14.6172,79.853,,,,,
1/15/2024,8:45,14.613,80.029,,,,,
1/15/2024,9:00,14.6105,80.382,,,,,
1/15/2024,9:15,14.6098,80.735,,,,,
1/15/2024,9:30,14.6023,80.911,,,,,
1/15/2024,9:45,14.5965,81.09,,,,,
1/15/2024,10:00,14.5976,80.911,,,,,
1/15/2024,10:15,14.5944,80.911,,,,,
1/15/2024,10:30,14.5944,80.911,,,,,
1/15/2024,10:45,14.5933,81.09,,,,,
1/15/2024,11:00,14.5882,81.621,,,,,
1/15/2024,11:15,14.5859,81.975,,,,,
1/15/2024,11:30,14.5847,81.442,,,,,
1/15/2024,11:45,14.5827,81.266,,,,,
1/15/2024,12:00,14.5764,81.266,,,,,
1/15/2024,12:15,14.5757,81.621,,,,,
1/15/2024,12:30,14.5799,82.152,,,,,
1/15/2024,12:45,14.5799,82.152,,,,,
1/15/2024,13:00,14.5799,82.152,,,,,
1/15/2024,13:15,14.5796,81.975,,,,,
1/15/2024,13:30,14.5799,82.152,,,,,
1/15/2024,13:45,14.5799,82.152,,,,,
1/15/2024,14:00,14.5827,81.975,,,,,
1/15/2024,14:15,14.5799,81.442,,,,,
1/15/2024,14:30,14.5883,80.206,,,,,
1/15/2024,14:45,14.6345,80.559,,,,,
1/15/2024,15:00,14.6497,80.382,,,,,
1/15/2024,15:15,14.8105,79.502,,,,,
1/15/2024,15:30,15.1566,78.8,,,,,
1/15/2024,15:45,15.384,78.098,,,,,
1/15/2024,16:00,15.2894,77.923,,,,,
1/15/2024,16:15,15.2111,77.923,,,,,
1/15/2024,16:30,15.1865,78.098,,,,,
1/15/2024,16:45,15.13,78.098,,,,,
1/15/2024,17:00,15.0881,78.274,,,,,
1/15/2024,17:15,15.0678,78.274,,,,,
1/15/2024,17:30,15.0427,78.274,,,,,
1/15/2024,17:45,15.013,78.274,,,,,
1/15/2024,18:00,14.9941,78.274,,,,,
1/15/2024,18:15,14.9801,78.274,,,,,
1/15/2024,18:30,14.9676,78.274,,,,,
1/15/2024,18:45,14.9534,78.274,,,,,
1/15/2024,19:00,14.9414,78.449,,,,,
1/15/2024,19:15,14.9287,78.449,,,,,
1/15/2024,19:30,14.9209,78.449,,,,,
1/15/2024,19:45,14.9038,78.449,,,,,
1/15/2024,20:00,14.8928,78.449,,,,,
1/15/2024,20:15,14.8877,78.274,,,,,
1/15/2024,20:30,14.8783,78.274,,,,,
1/15/2024,20:45,14.8674,78.274,,,,,
1/15/2024,21:00,14.8548,78.274,,,,,
1/15/2024,21:15,14.8485,78.274,,,,,
1/15/2024,21:30,14.8377,78.274,,,,,
1/15/2024,21:45,14.8298,78.274,,,,,
1/15/2024,22:00,14.8204,78.274,,,,,
1/15/2024,22:15,14.8126,78.274,,,,,
1/15/2024,22:30,14.8079,78.274,,,,,
1/15/2024,22:45,14.802,78.449,,,,,
1/15/2024,23:00,14.7911,78.449,,,,,
1/15/2024,23:15,14.7847,78.449,,,,,
1/15/2024,23:30,14.7785,78.449,,,,,
1/15/2024,23:45,14.7727,78.624,,,,,
1/16/2024,0:00,14.7679,78.624,,,,,
1/16/2024,0:15,14.7586,78.624,,,,,
1/16/2024,0:30,14.7522,78.624,,,,,
1/16/2024,0:45,14.7508,78.624,,,,,
1/16/2024,1:00,14.7448,78.8,,,,,
1/16/2024,1:15,14.7432,78.8,,,,,
1/16/2024,1:30,14.737,78.8,,,,,
1/16/2024,1:45,14.7324,78.8,,,,,
1/16/2024,2:00,14.7261,78.8,,,,,
1/16/2024,2:15,14.7197,78.8,,,,,
1/16/2024,2:30,14.7167,78.8,,,,,
1/16/2024,2:45,14.712,78.8,,,,,
1/16/2024,3:00,14.7135,78.8,,,,,
1/16/2024,3:15,14.7105,78.8,,,,,
1/16/2024,3:30,14.7057,78.8,,,,,
1/16/2024,3:45,14.7042,78.8,,,,,
1/16/2024,4:00,14.7042,78.8,,,,,
1/16/2024,4:15,14.7089,78.8,,,,,
1/16/2024,4:30,14.7105,78.8,,,,,
1/16/2024,4:45,14.712,78.8,,,,,
1/16/2024,5:00,14.7151,78.8,,,,,
1/16/2024,5:15,14.7105,78.8,,,,,
1/16/2024,5:30,14.7292,78.8,,,,,
1/16/2024,5:45,14.7276,78.8,,,,,
1/16/2024,6:00,14.7261,78.8,,,,,
1/16/2024,6:15,14.7276,78.8,,,,,
1/16/2024,6:30,14.7308,78.8,,,,,
1/16/2024,6:45,14.7292,78.8,,,,,
1/16/2024,7:00,14.7296,78.975,,,,,
1/16/2024,7:15,14.7296,78.975,,,,,
1/16/2024,7:30,14.7312,78.975,,,,,
1/16/2024,7:45,14.7331,79.151,,,,,
1/16/2024,8:00,14.7299,79.151,,,,,
1/16/2024,8:15,14.7257,79.326,,,,,
1/16/2024,8:30,14.7241,79.326,,,,,
1/16/2024,8:45,14.7197,79.502,,,,,
1/16/2024,9:00,14.7216,79.678,,,,,
1/16/2024,9:15,14.7174,79.853,,,,,
1/16/2024,9:30,14.7158,79.853,,,,,
1/16/2024,9:45,14.7131,80.029,,,,,
1/16/2024,10:00,14.7103,80.206,,,,,
1/16/2024,10:15,14.7076,80.382,,,,,
1/16/2024,10:30,14.7107,80.382,,,,,
1/16/2024,10:45,14.7076,80.382,,,,,
1/16/2024,11:00,14.7013,80.382,,,,,
1/16/2024,11:15,14.7002,80.559,,,,,
1/16/2024,11:30,14.6974,80.735,,,,,
1/16/2024,11:45,14.6919,81.09,,,,,
1/16/2024,12:00,14.6875,81.266,,,,,
1/16/2024,12:15,14.6848,81.442,,,,,
1/16/2024,12:30,14.6813,81.266,,,,,
1/16/2024,12:45,14.6801,81.442,,,,,
1/16/2024,13:00,14.6774,81.621,,,,,
1/16/2024,13:15,14.6758,81.621,,,,,
1/16/2024,13:30,14.6774,81.621,,,,,
1/16/2024,13:45,14.6723,81.442,,,,,
1/16/2024,14:00,14.6677,81.442,,,,,
1/16/2024,14:15,14.6656,81.266,,,,,
1/16/2024,14:30,14.6656,81.266,,,,,
1/16/2024,14:45,14.6594,81.266,,,,,
1/16/2024,15:00,14.6578,81.266,,,,,
1/16/2024,15:15,14.6532,81.266,,,,,
1/16/2024,15:30,14.65,81.266,,,,,
1/16/2024,15:45,14.6453,81.266,,,,,
1/16/2024,16:00,14.6453,81.266,,,,,
1/16/2024,16:15,14.6469,81.266,,,,,
1/16/2024,16:30,14.6418,81.09,,,,,
1/16/2024,16:45,14.6403,81.09,,,,,
1/16/2024,17:00,14.6433,81.09,,,,,
1/16/2024,17:15,14.6418,81.09,,,,,
1/16/2024,17:30,14.6414,80.911,,,,,
1/16/2024,17:45,14.643,80.911,,,,,
1/16/2024,18:00,14.6446,80.911,,,,,
1/16/2024,18:15,14.6442,80.735,,,,,
1/16/2024,18:30,14.6458,80.735,,,,,
1/16/2024,18:45,14.6458,80.735,,,,,
1/16/2024,19:00,14.6485,80.559,,,,,
1/16/2024,19:15,14.65,80.559,,,,,
1/16/2024,19:30,14.6497,80.382,,,,,
1/16/2024,19:45,14.6513,80.382,,,,,
1/16/2024,20:00,14.6543,80.382,,,,,
1/16/2024,20:15,14.6575,80.382,,,,,
1/16/2024,20:30,14.6559,80.382,,,,,
1/16/2024,20:45,14.6559,80.382,,,,,
1/16/2024,21:00,14.6555,80.206,,,,,
1/16/2024,21:15,14.6587,80.206,,,,,
1/16/2024,21:30,14.6633,80.206,,,,,
1/16/2024,21:45,14.6633,80.206,,,,,
1/16/2024,22:00,14.6633,80.206,,,,,
1/16/2024,22:15,14.6633,80.206,,,,,
1/16/2024,22:30,14.6649,80.206,,,,,
1/16/2024,22:45,14.6603,80.206,,,,,
1/16/2024,23:00,14.6649,80.206,,,,,
1/16/2024,23:15,14.663,80.029,,,,,
1/16/2024,23:30,14.663,80.029,,,,,
1/16/2024,23:45,14.6614,80.029,,,,,
1/17/2024,0:00,14.6598,80.029,,,,,
1/17/2024,0:15,14.6626,79.853,,,,,
1/17/2024,0:30,14.6564,79.853,,,,,
1/17/2024,0:45,14.6548,79.853,,,,,
1/17/2024,1:00,14.6517,79.853,,,,,
1/17/2024,1:15,14.6532,79.853,,,,,
1/17/2024,1:30,14.6548,79.853,,,,,
1/17/2024,1:45,14.6517,79.853,,,,,
1/17/2024,2:00,14.6672,79.853,,,,,
1/17/2024,2:15,14.6704,79.853,,,,,
1/17/2024,2:30,14.6736,79.853,,,,,
1/17/2024,2:45,14.681,79.678,,,,,
1/17/2024,3:00,14.6935,79.678,,,,,
1/17/2024,3:15,14.7041,79.502,,,,,
1/17/2024,3:30,14.811,78.975,,,,,
1/17/2024,3:45,15.0066,78.975,,,,,
1/17/2024,4:00,15.1328,78.624,,,,,
1/17/2024,4:15,15.0529,78.624,,,,,
1/17/2024,4:30,15.067,78.624,,,,,
1/17/2024,4:45,15.2641,78.449,,,,,
1/17/2024,5:00,15.195,78.449,,,,,
1/17/2024,5:15,15.1105,78.449,,,,,
1/17/2024,5:30,15.0716,78.624,,,,,
1/17/2024,5:45,15.0654,78.624,,,,,
1/17/2024,6:00,15.0298,78.8,,,,,
1/17/2024,6:15,15.0188,78.8,,,,,
1/17/2024,6:30,15.0126,78.8,,,,,
1/17/2024,6:45,14.9863,78.975,,,,,
1/17/2024,7:00,14.9753,78.975,,,,,
1/17/2024,7:15,14.9722,78.975,,,,,
1/17/2024,7:30,14.955,78.975,,,,,
1/17/2024,7:45,14.9425,78.975,,,,,
1/17/2024,8:00,14.9315,78.975,,,,,
1/17/2024,8:15,14.9253,78.975,,,,,
1/17/2024,8:30,14.9068,79.151,,,,,
1/17/2024,8:45,14.9068,79.151,,,,,
1/17/2024,9:00,14.8958,79.151,,,,,
1/17/2024,9:15,14.8806,79.326,,,,,
1/17/2024,9:30,14.8822,79.326,,,,,
1/17/2024,9:43,,,,Logged,Logged,,
1/17/2024,9:44,,,,,,Logged,
