Date and Time   ,TMPA,TMPB,TMPC,TMPD,TMPE,SRD,HMD,TMP,RNF,WND,WNG,WNS,DEW
2016-05-20 11:30:00,,,,,,841,70.5,83.2,0.0,56,4,1,72.8
2016-05-20 11:45:00,,,,,,850,70.7,83.5,0.0,43,3,0,73.2
2016-05-20 12:00:00,,,,,,779,68.7,84.4,0.0,62,2,0,73.2
2016-05-20 12:15:00,,,,,,876,68.6,84.1,0.0,66,4,0,72.9
2016-05-20 12:30:00,,,,,,901,67.5,84.8,0.0,103,3,0,73.1
2016-05-20 12:45:00,,,,,,889,66.5,85.5,0.0,43,2,0,73.3
2016-05-20 13:00:00,,,,,,854,65.9,85.5,0.0,63,3,0,73.1
2016-05-20 13:15:00,,,,,,843,65.5,85.6,0.0,57,2,0,73.0
2016-05-20 13:30:00,,,,,,826,65.5,85.9,0.0,62,2,0,73.3
2016-05-20 13:45:00,,,,,,772,65.9,85.6,0.0,48,2,0,73.2
2016-05-20 14:00:00,,,,,,709,65.5,85.7,0.0,107,2,0,73.1
2016-05-20 14:15:00,,,,,,720,66.0,85.6,0.0,84,2,0,73.2
2016-05-20 14:30:00,,,,,,649,66.9,85.2,0.0,112,2,0,73.2
2016-05-20 14:45:00,,,,,,604,68.1,84.6,0.0,80,2,0,73.2
2016-05-20 15:00:00,,,,,,635,67.8,84.5,0.0,76,3,0,73.0
2016-05-20 15:15:00,,,,,,241,69.7,83.9,0.0,110,2,0,73.2
2016-05-20 15:30:00,,,,,,133,68.3,83.8,0.0,111,4,0,72.5
2016-05-20 15:45:00,,,,,,209,68.7,83.6,0.0,144,3,0,72.5
2016-05-20 16:00:00,,,,,,383,68.0,84.0,0.0,114,4,0,72.6
2016-05-20 16:15:00,,,,,,304,68.0,84.2,0.0,38,4,0,72.8
2016-05-20 16:30:00,,,,,,310,68.6,83.5,0.0,29,2,0,72.3
2016-05-20 16:45:00,,,,,,233,69.8,83.2,0.0,84,2,0,72.6
2016-05-20 17:00:00,,,,,,162,71.1,82.6,0.0,175,3,0,72.5
2016-05-20 17:15:00,,,,,,83,74.8,81.1,0.0,38,1,0,72.5
2016-05-20 17:30:00,,,,,,44,77.4,80.1,0.0,121,1,0,72.5
2016-05-20 17:45:00,,,,,,14,80.7,78.8,0.0,26,1,0,72.5
2016-05-20 18:00:00,,,,,,4,82.1,78.2,0.0,39,2,0,72.4
2016-05-20 18:15:00,,,,,,0,83.1,77.9,0.0,40,3,0,72.4
2016-05-20 18:30:00,,,,,,0,83.2,77.8,0.0,79,2,0,72.4
2016-05-20 18:45:00,,,,,,0,83.7,77.6,0.0,52,1,0,72.3
2016-05-20 19:00:00,,,,,,0,83.7,77.6,0.0,179,2,0,72.3
2016-05-20 19:15:00,,,,,,0,84.6,77.5,0.0,88,1,0,72.5
2016-05-20 19:30:00,,,,,,0,84.1,77.5,0.0,40,4,0,72.4
2016-05-20 19:45:00,,,,,,0,84.3,77.6,0.0,53,2,0,72.5
2016-05-20 20:00:00,,,,,,0,84.4,77.5,0.0,48,2,0,72.5
2016-05-20 20:15:00,,,,,,0,84.3,77.5,0.0,52,2,0,72.4
2016-05-20 20:30:00,,,,,,0,84.7,77.6,0.0,206,3,0,72.7
2016-05-20 20:45:00,,,,,,0,85.0,77.5,0.0,46,2,0,72.7
2016-05-20 21:00:00,,,,,,0,85.0,77.5,0.0,40,3,0,72.7
2016-05-20 21:15:00,,,,,,0,85.0,77.7,0.0,169,2,0,72.9
2016-05-20 21:30:00,,,,,,0,84.8,77.9,0.0,74,4,0,73.0
2016-05-20 21:45:00,,,,,,0,84.9,77.9,0.0,189,2,0,73.0
2016-05-20 22:00:00,,,,,,0,85.1,77.9,0.0,36,0,0,73.1
2016-05-20 22:15:00,,,,,,0,85.8,77.8,0.0,33,2,0,73.2
2016-05-20 22:30:00,,,,,,0,86.2,77.6,0.0,55,0,0,73.2
2016-05-20 22:45:00,,,,,,0,86.8,77.5,0.0,104,3,0,73.3
2016-05-20 23:00:00,,,,,,0,87.1,77.4,0.0,128,0,0,73.3
2016-05-20 23:15:00,,,,,,0,87.6,77.4,0.0,282,1,0,73.4
2016-05-20 23:30:00,,,,,,0,86.9,77.5,0.0,35,2,0,73.3
2016-05-20 23:45:00,,,,,,0,87.0,77.5,0.0,240,2,0,73.3
2016-05-21 00:00:00,,,,,,0,87.2,77.5,0.0,350,1,0,73.4
2016-05-21 00:15:00,,,,,,0,88.1,77.5,0.0,350,0,0,73.7
2016-05-21 00:30:00,,,,,,0,87.9,77.5,0.0,350,0,0,73.6
2016-05-21 00:45:00,,,,,,0,88.0,77.6,0.0,350,0,0,73.8
2016-05-21 01:00:00,,,,,,0,88.5,77.6,0.0,350,0,0,73.9
2016-05-21 01:15:00,,,,,,0,90.6,77.5,0.01,355,0,0,74.5
2016-05-21 01:30:00,,,,,,0,91.2,77.2,0.0,323,3,0,74.4
2016-05-21 01:45:00,,,,,,0,92.5,76.6,0.0,259,1,0,74.2
2016-05-21 02:00:00,,,,,,0,93.9,76.6,0.0,316,1,0,74.7
2016-05-21 02:15:00,,,,,,0,94.7,76.7,0.0,300,1,0,75.0
2016-05-21 02:30:00,,,,,,0,95.1,76.7,0.0,124,1,0,75.2
2016-05-21 02:45:00,,,,,,0,95.4,76.7,0.0,18,3,0,75.3
2016-05-21 03:00:00,,,,,,0,95.7,76.9,0.0,36,2,0,75.6
2016-05-21 03:15:00,,,,,,0,95.6,76.9,0.0,39,2,0,75.5
2016-05-21 03:30:00,,,,,,0,95.6,76.8,0.0,18,0,0,75.4
2016-05-21 03:45:00,,,,,,0,95.6,76.8,0.0,18,0,0,75.4
2016-05-21 04:00:00,,,,,,0,95.6,77.0,0.0,151,0,0,75.6
2016-05-21 04:15:00,,,,,,0,95.1,77.0,0.0,304,1,0,75.5
2016-05-21 04:30:00,,,,,,0,94.6,77.1,0.0,292,2,0,75.4
2016-05-21 04:45:00,,,,,,0,93.8,77.1,0.0,232,2,0,75.1
2016-05-21 05:00:00,,,,,,0,92.9,77.2,0.0,264,1,0,75.0
2016-05-21 05:15:00,,,,,,0,92.2,77.0,0.0,264,0,0,74.5
2016-05-21 05:30:00,,,,,,0,90.1,76.6,0.0,264,0,0,73.5
2016-05-21 05:45:00,,,,,,0,89.7,76.5,0.0,216,2,0,73.2
2016-05-21 06:00:00,,,,,,0,89.1,76.5,0.0,258,1,0,73.0
2016-05-21 06:15:00,,,,,,0,89.6,76.5,0.0,258,0,0,73.2
2016-05-21 06:30:00,,,,,,0,90.3,76.4,0.0,258,0,0,73.3
2016-05-21 06:45:00,,,,,,2,91.2,76.4,0.0,302,1,0,73.6
2016-05-21 07:00:00,,,,,,16,91.9,76.5,0.0,324,0,0,73.9
2016-05-21 07:15:00,,,,,,43,92.2,76.8,0.0,324,0,0,74.3
2016-05-21 07:30:00,,,,,,57,91.0,77.2,0.0,324,0,0,74.4
2016-05-21 07:45:00,,,,,,59,89.4,77.6,0.0,324,0,0,74.2
2016-05-21 08:00:00,,,,,,45,88.9,77.7,0.0,204,2,0,74.2
2016-05-21 08:15:00,,,,,,69,90.6,77.6,0.0,242,5,0,74.6
2016-05-21 08:30:00,,,,,,126,91.4,78.1,0.01,238,4,0,75.4
2016-05-21 08:45:00,,,,,,38,91.7,78.1,0.0,264,9,0,75.5
2016-05-21 09:00:00,,,,,,40,92.9,77.1,0.02,317,2,0,74.9
2016-05-21 09:15:00,,,,,,27,94.4,76.5,0.03,223,0,0,74.7
2016-05-21 09:30:00,,,,,,29,95.1,76.5,0.03,187,1,0,75.0
2016-05-21 09:45:00,,,,,,77,95.5,76.4,0.0,317,2,0,75.0
2016-05-21 10:00:00,,,,,,102,96.0,76.4,0.01,351,2,0,75.1
2016-05-21 10:15:00,,,,,,127,95.6,77.0,0.0,327,1,0,75.6
2016-05-21 10:30:00,,,,,,100,95.2,76.8,0.01,264,0,0,75.3
2016-05-21 10:45:00,,,,,,58,94.9,77.0,0.0,264,0,0,75.4
2016-05-21 11:00:00,,,,,,86,94.9,76.9,0.01,264,0,0,75.3
2016-05-21 11:15:00,,,,,,112,94.6,77.5,0.0,264,0,0,75.8
2016-05-21 11:30:00,,,,,,92,94.5,77.4,0.0,264,0,0,75.7
2016-05-21 11:45:00,,,,,,239,94.6,78.1,0.0,264,0,0,76.4
2016-05-21 12:00:00,,,,,,671,91.2,80.7,0.0,252,0,0,77.9
2016-05-21 12:15:00,,,,,,409,86.6,81.0,0.0,214,0,0,76.7
2016-05-21 12:30:00,,,,,,444,86.0,81.3,0.0,160,0,0,76.8
2016-05-21 12:45:00,,,,,,326,85.5,81.5,0.0,162,0,0,76.8
2016-05-21 13:00:00,,,,,,371,84.3,82.1,0.0,227,0,0,77.0
2016-05-21 13:15:00,,,,,,520,82.5,83.2,0.0,7,1,0,77.4
2016-05-21 13:30:00,,,,,,370,77.9,84.2,0.0,283,3,0,76.7
2016-05-21 13:45:00,,,,,,347,77.8,82.8,0.0,142,4,0,75.3
2016-05-21 14:00:00,,,,,,271,79.2,81.9,0.0,244,4,0,75.0
2016-05-21 14:15:00,,,,,,326,78.6,81.0,0.0,203,4,0,73.9
2016-05-21 14:30:00,,,,,,303,77.6,81.4,0.0,232,5,0,73.9
2016-05-21 14:45:00,,,,,,296,78.3,81.5,0.0,224,6,0,74.2
2016-05-21 15:00:00,,,,,,234,79.3,80.9,0.0,204,4,0,74.0
2016-05-21 15:15:00,,,,,,197,80.1,80.6,0.0,245,4,0,74.0
2016-05-21 15:30:00,,,,,,206,80.0,80.6,0.0,297,3,0,74.0
2016-05-21 15:45:00,,,,,,183,80.4,80.6,0.0,218,3,0,74.1
2016-05-21 16:00:00,,,,,,176,80.3,80.6,0.0,194,3,0,74.1
2016-05-21 16:15:00,,,,,,165,81.2,80.5,0.0,304,2,0,74.3
2016-05-21 16:30:00,,,,,,134,82.2,80.5,0.0,230,0,0,74.7
2016-05-21 16:45:00,,,,,,95,82.7,79.9,0.0,290,2,0,74.2
2016-05-21 17:00:00,,,,,,73,83.9,79.0,0.0,199,4,0,73.8
2016-05-21 17:15:00,,,,,,54,84.2,78.6,0.0,231,5,0,73.5
2016-05-21 17:30:00,,,,,,34,85.2,78.4,0.0,231,2,0,73.6
2016-05-21 17:45:00,,,,,,19,86.4,78.1,0.0,114,3,0,73.7
2016-05-21 18:00:00,,,,,,4,86.7,77.8,0.0,262,3,0,73.5
2016-05-21 18:15:00,,,,,,1,86.9,77.8,0.0,244,3,0,73.6
2016-05-21 18:30:00,,,,,,0,87.5,77.8,0.0,286,4,0,73.8
2016-05-21 18:45:00,,,,,,0,87.8,77.8,0.0,182,3,0,73.9
2016-05-21 19:00:00,,,,,,0,87.7,78.0,0.0,316,5,0,74.1
2016-05-21 19:15:00,,,,,,0,87.9,77.9,0.0,265,6,0,74.0
2016-05-21 19:30:00,,,,,,0,88.0,77.8,0.0,235,2,0,74.0
2016-05-21 19:45:00,,,,,,0,88.1,77.8,0.0,275,1,0,74.0
2016-05-21 20:00:00,,,,,,0,88.1,77.8,0.0,261,3,0,74.0
2016-05-21 20:15:00,,,,,,0,88.3,78.0,0.0,296,2,0,74.3
2016-05-21 20:30:00,,,,,,0,88.7,77.8,0.0,200,2,0,74.2
2016-05-21 20:45:00,,,,,,0,89.0,77.8,0.0,217,2,0,74.3
2016-05-21 21:00:00,,,,,,0,89.5,77.8,0.0,289,1,0,74.5
2016-05-21 21:15:00,,,,,,0,90.1,77.7,0.0,254,0,0,74.6
2016-05-21 21:30:00,,,,,,0,90.5,77.8,0.0,272,0,0,74.8
2016-05-21 21:45:00,,,,,,0,90.8,77.9,0.0,248,3,0,75.0
2016-05-21 22:00:00,,,,,,0,90.2,78.1,0.0,323,4,0,75.0
2016-05-21 22:15:00,,,,,,0,90.4,78.0,0.0,323,1,0,75.0
2016-05-21 22:30:00,,,,,,0,90.0,78.1,0.0,296,0,0,74.9
2016-05-21 22:45:00,,,,,,0,90.1,78.1,0.0,351,1,0,75.0
2016-05-21 23:00:00,,,,,,0,90.5,77.9,0.0,299,3,0,74.9
2016-05-21 23:15:00,,,,,,0,90.6,78.0,0.0,214,4,0,75.0
2016-05-21 23:30:00,,,,,,0,90.6,78.0,0.0,275,3,0,75.0
2016-05-21 23:45:00,,,,,,0,91.3,78.1,0.0,230,3,0,75.3
2016-05-22 00:00:00,,,,,,0,92.1,78.2,0.0,172,6,0,75.7
2016-05-22 00:15:00,,,,,,0,92.9,78.2,0.0,288,5,0,76.0
2016-05-22 00:30:00,,,,,,0,93.3,78.1,0.0,218,2,0,76.0
2016-05-22 00:45:00,,,,,,0,93.5,78.0,0.0,303,1,0,75.9
2016-05-22 01:00:00,,,,,,0,94.1,78.1,0.0,134,1,0,76.2
2016-05-22 01:15:00,,,,,,0,94.0,78.1,0.0,279,2,0,76.2
2016-05-22 01:30:00,,,,,,0,93.7,78.1,0.0,228,4,0,76.1
2016-05-22 01:45:00,,,,,,0,93.4,78.0,0.0,207,4,0,75.9
2016-05-22 02:00:00,,,,,,0,94.9,77.7,0.0,227,4,0,76.1
2016-05-22 02:15:00,,,,,,0,95.6,77.6,0.0,230,3,0,76.2
2016-05-22 02:30:00,,,,,,0,96.1,77.8,0.0,230,7,0,76.6
2016-05-22 02:45:00,,,,,,0,96.0,77.6,0.0,259,3,0,76.3
2016-05-22 03:00:00,,,,,,0,95.3,77.5,0.0,237,6,0,76.0
2016-05-22 03:15:00,,,,,,0,96.1,77.7,0.0,252,5,0,76.5
2016-05-22 03:30:00,,,,,,0,96.3,77.8,0.0,242,3,0,76.6
2016-05-22 03:45:00,,,,,,0,96.2,78.0,0.0,206,2,0,76.8
2016-05-22 04:00:00,,,,,,0,96.2,77.9,0.0,210,4,0,76.7
2016-05-22 04:15:00,,,,,,0,96.0,78.1,0.0,210,3,0,76.8
2016-05-22 04:30:00,,,,,,0,95.8,78.2,0.0,220,5,0,76.9
2016-05-22 04:45:00,,,,,,0,95.7,78.3,0.0,193,3,0,76.9
2016-05-22 05:00:00,,,,,,0,94.9,78.1,0.0,213,2,0,76.5
2016-05-22 05:15:00,,,,,,0,94.8,78.0,0.0,203,2,0,76.4
2016-05-22 05:30:00,,,,,,0,95.3,78.1,0.0,208,1,0,76.6
2016-05-22 05:45:00,,,,,,0,95.1,78.2,0.0,122,1,0,76.7
2016-05-22 06:00:00,,,,,,0,94.9,78.1,0.0,204,1,0,76.5
2016-05-22 06:15:00,,,,,,0,94.4,78.1,0.0,149,2,0,76.3
2016-05-22 06:30:00,,,,,,0,94.3,78.2,0.0,272,4,0,76.4
2016-05-22 06:45:00,,,,,,6,93.9,78.2,0.0,160,2,0,76.3
2016-05-22 07:00:00,,,,,,20,93.6,78.3,0.0,194,0,0,76.3
2016-05-22 07:15:00,,,,,,32,92.6,78.3,0.0,192,1,0,76.0
2016-05-22 07:30:00,,,,,,60,92.1,78.6,0.0,225,3,0,76.1
2016-05-22 07:45:00,,,,,,59,90.8,79.0,0.0,148,1,0,76.1
2016-05-22 08:00:00,,,,,,71,90.5,79.1,0.0,194,2,0,76.1
2016-05-22 08:15:00,,,,,,98,90.0,79.4,0.0,196,2,0,76.2
2016-05-22 08:30:00,,,,,,93,88.9,79.6,0.0,196,2,0,76.0
2016-05-22 08:45:00,,,,,,95,88.7,80.0,0.0,108,1,0,76.4
2016-05-22 09:00:00,,,,,,116,87.9,80.4,0.0,46,0,0,76.5
2016-05-22 09:15:00,,,,,,304,86.8,81.3,0.0,208,1,0,77.0
2016-05-22 09:30:00,,,,,,551,81.3,83.4,0.0,254,2,0,77.2
2016-05-22 09:45:00,,,,,,306,80.0,84.1,0.0,168,1,0,77.4
2016-05-22 10:00:00,,,,,,538,78.5,84.4,0.0,232,0,0,77.1
2016-05-22 10:15:00,,,,,,638,75.6,86.2,0.0,122,1,0,77.8
2016-05-22 10:30:00,,,,,,743,73.3,87.4,0.0,237,1,0,78.0
2016-05-22 10:45:00,,,,,,469,75.1,87.1,0.0,131,0,0,78.5
2016-05-22 11:00:00,,,,,,696,73.4,87.3,0.0,122,0,0,78.0
2016-05-22 11:15:00,,,,,,750,70.1,89.7,0.0,336,1,0,78.9
2016-05-22 11:30:00,,,,,,659,67.7,90.0,0.0,214,1,0,78.2
2016-05-22 11:45:00,,,,,,703,69.8,89.4,0.0,182,1,0,78.5
2016-05-22 12:00:00,,,,,,903,65.7,91.0,0.0,172,0,0,78.2
2016-05-22 12:15:00,,,,,,886,66.2,91.7,0.0,182,2,0,79.1
2016-05-22 12:30:00,,,,,,808,66.2,91.3,0.0,296,1,0,78.7
2016-05-22 12:45:00,,,,,,941,65.8,91.1,0.0,142,1,0,78.4
2016-05-22 13:00:00,,,,,,837,64.7,91.3,0.0,169,0,0,78.1
2016-05-22 13:15:00,,,,,,508,67.4,90.7,0.0,184,0,0,78.7
2016-05-22 13:30:00,,,,,,607,68.2,89.0,0.0,199,0,0,77.4
2016-05-22 13:45:00,,,,,,527,66.8,90.2,0.0,193,0,0,78.0
2016-05-22 14:00:00,,,,,,693,66.6,89.5,0.0,345,1,0,77.2
2016-05-22 14:15:00,,,,,,756,64.3,91.1,0.0,307,0,0,77.7
2016-05-22 14:30:00,,,,,,479,67.9,90.0,0.0,290,0,0,78.3
2016-05-22 14:45:00,,,,,,343,68.1,88.3,0.0,290,0,0,76.7
2016-05-22 15:00:00,,,,,,180,71.1,85.6,0.0,290,0,0,75.4
2016-05-22 15:15:00,,,,,,155,74.8,83.6,0.0,290,0,0,75.0
2016-05-22 15:30:00,,,,,,210,75.4,83.5,0.0,290,0,0,75.1
2016-05-22 15:45:00,,,,,,175,74.8,83.6,0.0,290,0,0,75.0
2016-05-22 16:00:00,,,,,,151,76.4,82.9,0.0,290,0,0,74.9
2016-05-22 16:15:00,,,,,,274,75.9,83.4,0.0,290,0,0,75.2
2016-05-22 16:30:00,,,,,,294,70.5,85.7,0.0,289,0,0,75.2
2016-05-22 16:45:00,,,,,,120,73.7,84.6,0.0,288,0,0,75.5
2016-05-22 17:00:00,,,,,,46,78.9,82.3,0.0,288,0,0,75.2
2016-05-22 17:15:00,,,,,,33,82.5,80.9,0.0,288,0,0,75.2
2016-05-22 17:30:00,,,,,,22,84.2,80.5,0.0,288,0,0,75.4
2016-05-22 17:45:00,,,,,,11,84.8,79.9,0.0,288,0,0,75.0
2016-05-22 18:00:00,,,,,,1,85.6,79.5,0.0,288,0,0,74.8
2016-05-22 18:15:00,,,,,,0,86.0,79.2,0.0,288,0,0,74.7
2016-05-22 18:30:00,,,,,,0,86.6,79.1,0.0,288,0,0,74.8
2016-05-22 18:45:00,,,,,,0,86.6,79.1,0.0,288,0,0,74.8
2016-05-22 19:00:00,,,,,,0,86.5,79.1,0.0,288,0,0,74.8
2016-05-22 19:15:00,,,,,,0,86.7,79.1,0.0,288,0,0,74.8
2016-05-22 19:30:00,,,,,,0,87.1,79.0,0.0,288,0,0,74.9
2016-05-22 19:45:00,,,,,,0,87.4,78.9,0.0,288,0,0,74.9
2016-05-22 20:00:00,,,,,,0,87.9,78.8,0.0,288,0,0,74.9
2016-05-22 20:15:00,,,,,,0,87.7,78.7,0.0,288,0,0,74.8
2016-05-22 20:30:00,,,,,,0,86.9,78.5,0.0,288,0,0,74.3
2016-05-22 20:45:00,,,,,,0,87.8,78.7,0.0,288,0,0,74.8
2016-05-22 21:00:00,,,,,,0,87.9,79.0,0.0,288,0,0,75.1
2016-05-22 21:15:00,,,,,,0,87.8,78.9,0.0,288,0,0,75.0
2016-05-22 21:30:00,,,,,,0,88.0,78.9,0.0,288,0,0,75.1
2016-05-22 21:45:00,,,,,,0,88.5,78.7,0.02,288,0,0,75.0
2016-05-22 22:00:00,,,,,,0,90.8,78.3,0.01,288,0,0,75.4
2016-05-22 22:15:00,,,,,,0,91.9,78.1,0.19,288,0,0,75.5
2016-05-22 22:30:00,,,,,,0,93.2,77.7,0.01,289,0,0,75.6
2016-05-22 22:45:00,,,,,,0,93.8,77.1,0.0,289,0,0,75.1
2016-05-22 23:00:00,,,,,,0,94.9,77.0,0.0,289,0,0,75.4
2016-05-22 23:15:00,,,,,,0,95.2,76.7,0.0,289,0,0,75.2
2016-05-22 23:30:00,,,,,,0,95.8,76.7,0.0,289,0,0,75.4
2016-05-22 23:45:00,,,,,,0,95.5,76.5,0.0,289,0,0,75.1
2016-05-23 00:00:00,,,,,,0,95.5,75.9,0.0,289,0,0,74.5
2016-05-23 00:15:00,,,,,,0,95.9,76.1,0.0,289,0,0,74.8
2016-05-23 00:30:00,,,,,,0,96.1,76.2,0.0,289,0,0,75.0
2016-05-23 00:45:00,,,,,,0,96.2,76.4,0.0,323,2,0,75.2
2016-05-23 01:00:00,,,,,,0,96.2,76.6,0.0,252,2,0,75.4
2016-05-23 01:15:00,,,,,,0,96.0,76.7,0.0,290,3,0,75.4
2016-05-23 01:30:00,,,,,,0,95.2,76.9,0.0,299,0,0,75.4
2016-05-23 01:45:00,,,,,,0,95.0,76.9,0.0,265,0,0,75.3
2016-05-23 02:00:00,,,,,,0,94.1,77.1,0.0,297,0,0,75.2
2016-05-23 02:15:00,,,,,,0,94.3,76.7,0.0,297,0,0,74.9
2016-05-23 02:30:00,,,,,,0,94.2,76.8,0.0,297,0,0,75.0
2016-05-23 02:45:00,,,,,,0,93.7,76.5,0.0,307,2,0,74.5
2016-05-23 03:00:00,,,,,,0,92.1,76.5,0.0,159,2,0,74.0
2016-05-23 03:15:00,,,,,,0,91.2,77.1,0.0,217,3,0,74.3
2016-05-23 03:30:00,,,,,,0,91.0,77.2,0.0,232,2,0,74.4
2016-05-23 03:45:00,,,,,,0,91.3,77.3,0.0,331,2,0,74.5
2016-05-23 04:00:00,,,,,,0,89.7,77.2,0.0,280,2,0,73.9
2016-05-23 04:15:00,,,,,,0,87.7,77.1,0.0,252,6,0,73.2
2016-05-23 04:30:00,,,,,,0,87.3,77.2,0.0,238,4,0,73.1
2016-05-23 04:45:00,,,,,,0,87.1,77.5,0.0,254,4,0,73.4
2016-05-23 05:00:00,,,,,,0,88.9,77.6,0.0,232,2,0,74.1
2016-05-23 05:15:00,,,,,,0,89.2,77.6,0.0,271,3,0,74.2
2016-05-23 05:30:00,,,,,,0,90.2,77.7,0.0,347,3,0,74.6
2016-05-23 05:45:00,,,,,,0,91.7,77.6,0.0,338,2,0,75.0
2016-05-23 06:00:00,,,,,,0,91.5,77.6,0.0,225,1,0,74.9
2016-05-23 06:15:00,,,,,,0,92.7,77.6,0.0,235,3,0,75.3
2016-05-23 06:30:00,,,,,,0,93.3,77.4,0.0,242,3,0,75.3
2016-05-23 06:45:00,,,,,,3,94.0,77.4,0.0,288,4,0,75.5
2016-05-23 07:00:00,,,,,,10,93.6,77.5,0.0,199,3,0,75.5
2016-05-23 07:15:00,,,,,,14,93.8,77.8,0.0,221,7,0,75.8
2016-05-23 07:30:00,,,,,,18,93.8,77.9,0.0,283,3,0,75.9
2016-05-23 07:45:00,,,,,,21,93.7,78.1,0.0,266,5,0,76.1
2016-05-23 08:00:00,,,,,,24,93.8,78.4,0.0,292,4,0,76.4
2016-05-23 08:15:00,,,,,,41,94.0,78.6,0.0,168,2,0,76.7
2016-05-23 08:30:00,,,,,,109,93.7,79.4,0.0,234,5,0,77.4
2016-05-23 08:45:00,,,,,,164,92.7,80.2,0.0,292,2,0,77.9
2016-05-23 09:00:00,,,,,,261,89.8,81.3,0.0,182,2,0,78.0
2016-05-23 09:15:00,,,,,,231,87.7,82.0,0.0,21,4,0,78.0
2016-05-23 09:30:00,,,,,,200,86.7,81.9,0.0,156,3,0,77.6
2016-05-23 09:45:00,,,,,,382,84.3,82.2,0.0,63,1,0,77.1
2016-05-23 10:00:00,,,,,,284,80.2,82.0,0.0,245,3,0,75.4
2016-05-23 10:15:00,,,,,,179,82.6,81.2,0.0,169,2,0,75.5
2016-05-23 10:30:00,,,,,,316,83.1,80.7,0.0,134,3,0,75.2
2016-05-23 10:45:00,,,,,,355,79.1,82.4,0.0,153,2,0,75.4
2016-05-23 11:00:00,,,,,,240,82.8,81.1,0.0,146,3,0,75.5
2016-05-23 11:15:00,,,,,,226,85.1,79.3,0.0,70,3,0,74.5
2016-05-23 11:30:00,,,,,,243,87.8,78.3,0.0,73,2,0,74.4
2016-05-23 11:45:00,,,,,,390,87.1,79.0,0.0,56,2,0,74.9
2016-05-23 12:00:00,,,,,,269,85.7,79.2,0.0,56,0,0,74.6
2016-05-23 12:15:00,,,,,,251,83.9,79.4,0.0,56,0,0,74.2
2016-05-23 12:30:00,,,,,,436,80.0,81.0,0.0,159,0,0,74.4
2016-05-23 12:45:00,,,,,,187,79.8,81.2,0.0,211,0,0,74.5
2016-05-23 13:00:00,,,,,,99,81.8,79.8,0.0,306,0,0,73.8
2016-05-23 13:15:00,,,,,,77,84.9,79.1,0.01,354,0,0,74.2
2016-05-23 13:30:00,,,,,,164,86.6,78.5,0.0,354,0,0,74.2
2016-05-23 13:45:00,,,,,,162,86.0,78.5,0.01,354,0,0,74.0
2016-05-23 14:00:00,,,,,,284,88.2,78.7,0.0,354,0,0,74.9
2016-05-23 14:15:00,,,,,,218,87.5,80.1,0.0,122,0,0,76.1
2016-05-23 14:30:00,,,,,,267,86.1,80.6,0.0,8,2,0,76.1
2016-05-23 14:45:00,,,,,,130,85.8,80.5,0.0,8,0,0,75.9
2016-05-23 15:00:00,,,,,,175,86.5,80.0,0.0,8,0,0,75.6
2016-05-23 15:15:00,,,,,,245,83.3,80.5,0.0,101,1,0,75.0
2016-05-23 15:30:00,,,,,,182,83.0,80.6,0.0,258,0,0,75.0
2016-05-23 15:45:00,,,,,,178,84.0,80.6,0.0,232,1,0,75.4
2016-05-23 16:00:00,,,,,,254,84.2,80.6,0.0,238,1,0,75.4
2016-05-23 16:15:00,,,,,,367,76.3,83.0,0.0,210,1,0,74.9
2016-05-23 16:30:00,,,,,,283,75.4,83.4,0.0,213,1,0,75.0
2016-05-23 16:45:00,,,,,,215,75.9,82.7,0.0,197,1,0,74.5
2016-05-23 17:00:00,,,,,,123,79.5,81.1,0.0,196,2,0,74.3
2016-05-23 17:15:00,,,,,,105,79.0,81.0,0.0,201,2,0,74.0
2016-05-23 17:30:00,,,,,,93,79.2,80.3,0.0,175,1,0,73.4
2016-05-23 17:45:00,,,,,,48,80.5,80.1,0.0,176,0,0,73.7
2016-05-23 18:00:00,,,,,,10,84.2,79.0,0.0,179,0,0,73.9
2016-05-23 18:15:00,,,,,,0,86.4,78.0,0.0,182,0,0,73.6
2016-05-23 18:30:00,,,,,,0,87.9,77.6,0.0,145,0,0,73.7
2016-05-23 18:45:00,,,,,,0,89.5,77.8,0.0,285,0,0,74.5
2016-05-23 19:00:00,,,,,,0,89.7,77.9,0.0,168,1,0,74.6
2016-05-23 19:15:00,,,,,,0,90.5,78.1,0.0,168,1,0,75.1
2016-05-23 19:30:00,,,,,,0,90.4,78.2,0.0,179,2,0,75.1
2016-05-23 19:45:00,,,,,,0,90.1,78.1,0.0,182,1,0,75.0
2016-05-23 20:00:00,,,,,,0,90.2,77.8,0.0,180,1,0,74.7
2016-05-23 20:15:00,,,,,,0,90.5,77.6,0.0,180,1,0,74.6
2016-05-23 20:30:00,,,,,,0,91.1,77.8,0.0,180,0,0,75.0
2016-05-23 20:45:00,,,,,,0,90.8,77.7,0.0,180,0,0,74.8
2016-05-23 21:00:00,,,,,,0,91.2,77.7,0.0,182,0,0,74.9
2016-05-23 21:15:00,,,,,,0,91.1,77.6,0.0,182,0,0,74.8
2016-05-23 21:30:00,,,,,,0,91.9,77.4,0.0,182,0,0,74.8
2016-05-23 21:45:00,,,,,,0,92.1,77.4,0.0,208,0,0,74.9
2016-05-23 22:00:00,,,,,,0,91.4,77.4,0.0,264,0,0,74.7
2016-05-23 22:15:00,,,,,,0,91.2,77.4,0.0,258,0,0,74.6
2016-05-23 22:30:00,,,,,,0,90.6,77.5,0.0,247,0,0,74.5
2016-05-23 22:45:00,,,,,,0,92.0,77.7,0.0,55,3,0,75.2
2016-05-23 23:00:00,,,,,,0,92.4,77.4,0.0,59,2,0,75.0
2016-05-23 23:15:00,,,,,,0,93.2,77.2,0.0,49,0,0,75.1
2016-05-23 23:30:00,,,,,,0,93.6,77.1,0.0,25,0,0,75.1
2016-05-23 23:45:00,,,,,,0,93.7,77.0,0.0,38,0,0,75.0
2016-05-24 00:00:00,,,,,,0,93.9,76.9,0.0,29,2,0,75.0
2016-05-24 00:15:00,,,,,,0,94.3,77.1,0.0,28,0,0,75.3
2016-05-24 00:30:00,,,,,,0,94.6,77.0,0.0,28,0,0,75.3
2016-05-24 00:45:00,,,,,,0,95.0,77.0,0.0,28,0,0,75.4
2016-05-24 01:00:00,,,,,,0,95.2,76.8,0.0,28,0,0,75.3
2016-05-24 01:15:00,,,,,,0,95.3,76.5,0.0,28,0,0,75.0
2016-05-24 01:30:00,,,,,,0,95.6,76.3,0.0,28,0,0,74.9
2016-05-24 01:45:00,,,,,,0,96.0,76.4,0.0,28,0,0,75.1
2016-05-24 02:00:00,,,,,,0,95.9,76.2,0.0,28,0,0,74.9
2016-05-24 02:15:00,,,,,,0,96.0,76.0,0.0,28,0,0,74.7
2016-05-24 02:30:00,,,,,,0,96.3,76.0,0.0,28,0,0,74.8
2016-05-24 02:45:00,,,,,,0,96.4,76.2,0.0,28,0,0,75.1
2016-05-24 03:00:00,,,,,,0,96.0,76.3,0.0,28,0,0,75.0
2016-05-24 03:15:00,,,,,,0,95.6,76.1,0.0,28,0,0,74.7
2016-05-24 03:30:00,,,,,,0,95.4,76.0,0.0,28,0,0,74.6
2016-05-24 03:45:00,,,,,,0,95.0,76.0,0.0,28,0,0,74.4
2016-05-24 04:00:00,,,,,,0,93.8,76.2,0.0,28,0,0,74.3
2016-05-24 04:15:00,,,,,,0,93.4,76.0,0.0,28,0,0,73.9
2016-05-24 04:30:00,,,,,,0,92.9,76.0,0.0,317,0,0,73.8
2016-05-24 04:45:00,,,,,,0,91.9,76.0,0.0,317,0,0,73.5
2016-05-24 05:00:00,,,,,,0,89.7,76.3,0.0,317,0,0,73.0
2016-05-24 05:15:00,,,,,,0,88.7,76.3,0.0,317,0,0,72.7
2016-05-24 05:30:00,,,,,,0,90.2,76.3,0.0,317,0,0,73.2
2016-05-24 05:45:00,,,,,,0,90.8,76.3,0.0,221,0,0,73.4
2016-05-24 06:00:00,,,,,,0,91.2,76.4,0.0,199,0,0,73.6
2016-05-24 06:15:00,,,,,,0,84.3,76.8,0.0,289,0,0,71.8
2016-05-24 06:30:00,,,,,,0,82.1,77.4,0.0,221,1,0,71.6
2016-05-24 06:45:00,,,,,,4,85.0,77.3,0.0,290,0,0,72.5
2016-05-24 07:00:00,,,,,,9,86.8,77.3,0.0,249,1,0,73.1
2016-05-24 07:15:00,,,,,,14,88.3,77.0,0.0,269,2,0,73.3
2016-05-24 07:30:00,,,,,,16,88.1,77.1,0.0,238,0,0,73.3
2016-05-24 07:45:00,,,,,,19,88.9,77.2,0.0,244,0,0,73.7
2016-05-24 08:00:00,,,,,,27,91.0,77.3,0.0,244,0,0,74.5
2016-05-24 08:15:00,,,,,,27,91.5,77.4,0.0,166,0,0,74.7
2016-05-24 08:30:00,,,,,,72,92.5,77.8,0.0,122,1,0,75.4
2016-05-24 08:45:00,,,,,,86,92.0,78.5,0.0,348,1,0,76.0
2016-05-24 09:00:00,,,,,,77,91.5,78.9,0.0,348,0,0,76.2
2016-05-24 09:15:00,,,,,,243,88.9,79.7,0.0,2,0,0,76.1
2016-05-24 09:30:00,,,,,,279,88.2,80.0,0.0,2,0,0,76.2
2016-05-24 09:45:00,,,,,,653,78.7,83.2,0.0,347,0,0,76.0
2016-05-24 10:00:00,,,,,,574,74.2,85.4,0.0,297,0,0,76.5
2016-05-24 10:15:00,,,,,,226,80.0,83.2,0.0,33,2,0,76.5
2016-05-24 10:30:00,,,,,,184,80.7,82.3,0.03,203,2,0,75.9
2016-05-24 10:45:00,,,,,,188,86.4,80.0,0.03,265,2,0,75.6
2016-05-24 11:00:00,,,,,,347,87.4,80.2,0.01,280,1,0,76.1
2016-05-24 11:15:00,,,,,,229,86.4,80.4,0.12,279,3,0,76.0
2016-05-24 11:30:00,,,,,,313,87.4,79.6,0.0,225,2,0,75.5
2016-05-24 11:45:00,,,,,,343,87.6,80.6,0.0,204,0,0,76.6
2016-05-24 12:00:00,,,,,,246,86.9,81.2,0.0,206,0,0,77.0
2016-05-24 12:15:00,,,,,,172,87.0,80.6,0.0,204,0,0,76.4
2016-05-24 12:30:00,,,,,,149,87.2,80.1,0.0,220,0,0,76.0
2016-05-24 12:45:00,,,,,,173,86.8,79.3,0.09,223,5,0,75.1
2016-05-24 13:00:00,,,,,,169,88.8,78.4,0.04,252,1,0,74.8
2016-05-24 13:15:00,,,,,,227,89.9,78.6,0.07,249,2,0,75.4
2016-05-24 13:30:00,,,,,,359,90.2,79.3,0.04,249,0,0,76.2
2016-05-24 13:45:00,,,,,,423,88.8,80.8,0.0,49,0,0,77.2
2016-05-24 14:00:00,,,,,,204,87.2,80.9,0.0,271,1,0,76.8
2016-05-24 14:15:00,,,,,,271,87.7,80.1,0.1,299,2,0,76.1
2016-05-24 14:30:00,,,,,,821,86.0,81.9,0.0,262,1,0,77.3
2016-05-24 14:45:00,,,,,,239,82.7,82.8,0.0,313,1,0,77.1
2016-05-24 15:00:00,,,,,,277,86.3,81.2,0.01,314,1,0,76.8
2016-05-24 15:15:00,,,,,,590,83.0,83.1,0.0,330,0,0,77.5
2016-05-24 15:30:00,,,,,,349,78.8,84.6,0.0,289,2,0,77.4
2016-05-24 15:45:00,,,,,,353,77.5,84.2,0.0,320,0,0,76.6
2016-05-24 16:00:00,,,,,,115,82.0,83.0,0.03,320,0,0,77.0
2016-05-24 16:15:00,,,,,,106,85.3,81.0,0.01,320,0,0,76.2
2016-05-24 16:30:00,,,,,,304,85.7,80.9,0.0,320,0,0,76.3
2016-05-24 16:45:00,,,,,,251,82.5,82.7,0.0,333,0,0,76.9
2016-05-24 17:00:00,,,,,,216,83.0,82.5,0.0,340,0,0,76.9
2016-05-24 17:15:00,,,,,,90,85.8,81.5,0.0,340,0,0,76.9
2016-05-24 17:30:00,,,,,,31,86.6,80.1,0.0,343,0,0,75.8
2016-05-24 17:45:00,,,,,,17,87.8,78.7,0.0,345,0,0,74.8
2016-05-24 18:00:00,,,,,,4,89.4,78.2,0.0,214,2,0,74.8
2016-05-24 18:15:00,,,,,,0,90.6,78.0,0.0,214,0,0,75.0
2016-05-24 18:30:00,,,,,,0,91.0,77.7,0.0,249,2,0,74.8
2016-05-24 18:45:00,,,,,,0,88.1,77.4,0.0,245,1,0,73.6
2016-05-24 19:00:00,,,,,,0,86.5,77.6,0.0,241,1,0,73.3
2016-05-24 19:15:00,,,,,,0,85.5,78.2,0.0,256,2,0,73.5
2016-05-24 19:30:00,,,,,,0,83.2,78.3,0.0,228,3,0,72.8
2016-05-24 19:45:00,,,,,,0,84.2,78.1,0.0,192,1,0,73.0
2016-05-24 20:00:00,,,,,,0,85.4,77.9,0.0,235,0,0,73.2
2016-05-24 20:15:00,,,,,,0,86.4,77.8,0.0,179,3,0,73.4
2016-05-24 20:30:00,,,,,,0,85.9,77.8,0.0,213,0,0,73.3
2016-05-24 20:45:00,,,,,,0,86.6,77.6,0.0,227,0,0,73.3
2016-05-24 21:00:00,,,,,,0,86.3,77.4,0.0,227,0,0,73.0
2016-05-24 21:15:00,,,,,,0,86.9,77.6,0.0,227,0,0,73.4
2016-05-24 21:30:00,,,,,,0,86.8,77.7,0.0,225,0,0,73.5
2016-05-24 21:45:00,,,,,,0,86.8,78.1,0.0,227,0,0,73.9
2016-05-24 22:00:00,,,,,,0,86.9,77.9,0.0,204,2,0,73.7
2016-05-24 22:15:00,,,,,,0,87.1,77.8,0.0,247,2,0,73.7
2016-05-24 22:30:00,,,,,,0,87.5,78.0,0.0,282,1,0,74.0
2016-05-24 22:45:00,,,,,,0,87.5,78.1,0.0,265,2,0,74.1
2016-05-24 23:00:00,,,,,,0,87.8,78.0,0.0,245,2,0,74.1
2016-05-24 23:15:00,,,,,,0,88.1,78.0,0.0,204,1,0,74.2
2016-05-24 23:30:00,,,,,,0,88.8,77.9,0.0,213,0,0,74.3
2016-05-24 23:45:00,,,,,,0,88.2,78.0,0.0,166,0,0,74.2
2016-05-25 00:00:00,,,,,,0,88.3,78.1,0.0,163,1,0,74.4
2016-05-25 00:15:00,,,,,,0,88.1,78.3,0.0,108,0,0,74.5
2016-05-25 00:30:00,,,,,,0,88.1,78.2,0.0,64,2,0,74.4
2016-05-25 00:45:00,,,,,,0,88.0,78.2,0.0,165,1,0,74.4
2016-05-25 01:00:00,,,,,,0,88.4,78.3,0.0,237,0,0,74.6
2016-05-25 01:15:00,,,,,,0,87.8,78.2,0.0,155,2,0,74.3
2016-05-25 01:30:00,,,,,,0,87.4,78.1,0.0,343,1,0,74.1
2016-05-25 01:45:00,,,,,,0,87.3,78.1,0.0,309,1,0,74.0
2016-05-25 02:00:00,,,,,,0,87.0,78.2,0.0,264,1,0,74.0
2016-05-25 02:15:00,,,,,,0,87.0,78.1,0.0,265,0,0,73.9
2016-05-25 02:30:00,,,,,,0,87.0,78.1,0.0,252,0,0,73.9
2016-05-25 02:45:00,,,,,,0,86.8,77.9,0.0,252,1,0,73.7
2016-05-25 03:00:00,,,,,,0,85.9,78.1,0.0,203,1,0,73.6
2016-05-25 03:15:00,,,,,,0,84.6,78.1,0.0,182,4,0,73.1
2016-05-25 03:30:00,,,,,,0,85.0,78.2,0.01,176,3,0,73.4
2016-05-25 03:45:00,,,,,,0,85.6,78.0,0.0,252,1,0,73.4
2016-05-25 04:00:00,,,,,,0,86.1,77.9,0.0,252,0,0,73.4
2016-05-25 04:15:00,,,,,,0,86.4,77.8,0.0,254,1,0,73.4
2016-05-25 04:30:00,,,,,,0,85.7,77.7,0.0,258,0,0,73.1
2016-05-25 04:45:00,,,,,,0,85.6,77.6,0.0,256,0,0,73.0
2016-05-25 05:00:00,,,,,,0,84.9,77.7,0.0,255,0,0,72.8
2016-05-25 05:15:00,,,,,,0,85.7,77.6,0.0,238,0,0,73.0
2016-05-25 05:30:00,,,,,,0,86.8,77.3,0.0,234,0,0,73.1
2016-05-25 05:45:00,,,,,,0,87.3,77.2,0.0,232,0,0,73.1
2016-05-25 06:00:00,,,,,,0,88.2,77.1,0.0,232,0,0,73.3
2016-05-25 06:15:00,,,,,,0,89.6,76.9,0.0,297,1,0,73.6
2016-05-25 06:30:00,,,,,,0,90.9,77.1,0.0,334,2,0,74.2
2016-05-25 06:45:00,,,,,,2,92.1,77.0,0.0,290,1,0,74.5
2016-05-25 07:00:00,,,,,,9,93.3,77.1,0.0,264,2,0,75.0
2016-05-25 07:15:00,,,,,,13,93.8,77.3,0.0,327,4,0,75.3
2016-05-25 07:30:00,,,,,,15,92.7,77.5,0.0,235,2,0,75.2
2016-05-25 07:45:00,,,,,,17,91.8,77.7,0.0,217,2,0,75.1
2016-05-25 08:00:00,,,,,,19,91.8,77.7,0.0,247,1,0,75.1
2016-05-25 08:15:00,,,,,,22,91.7,77.9,0.0,303,1,0,75.3
2016-05-25 08:30:00,,,,,,27,91.2,78.2,0.0,297,1,0,75.4
2016-05-25 08:45:00,,,,,,34,91.5,78.5,0.0,328,0,0,75.8
2016-05-25 09:00:00,,,,,,53,91.0,79.1,0.0,259,1,0,76.2
2016-05-25 09:15:00,,,,,,391,86.4,80.4,0.0,237,1,0,76.0
2016-05-25 09:30:00,,,,,,539,79.7,83.2,0.0,163,3,0,76.4
2016-05-25 09:45:00,,,,,,442,76.0,85.3,0.0,247,0,0,77.1
2016-05-25 10:00:00,,,,,,321,77.1,83.8,0.0,221,0,0,76.0
2016-05-25 10:15:00,,,,,,591,73.1,84.8,0.0,324,2,0,75.4
2016-05-25 10:30:00,,,,,,711,73.0,85.9,0.0,259,1,0,76.5
2016-05-25 10:45:00,,,,,,755,71.0,86.7,0.0,145,1,0,76.4
2016-05-25 11:00:00,,,,,,789,69.6,87.6,0.0,248,2,0,76.7
2016-05-25 11:15:00,,,,,,634,70.8,87.4,0.0,244,2,0,77.0
2016-05-25 11:30:00,,,,,,341,75.7,84.7,0.0,247,1,0,76.4
2016-05-25 11:45:00,,,,,,684,74.4,84.9,0.0,223,3,0,76.1
2016-05-25 12:00:00,,,,,,552,71.7,85.7,0.0,197,2,0,75.7
2016-05-25 12:15:00,,,,,,528,73.0,85.6,0.0,127,2,0,76.2
2016-05-25 12:30:00,,,,,,239,80.0,83.3,0.0,151,2,0,76.6
2016-05-25 12:45:00,,,,,,587,75.8,84.3,0.0,118,2,0,76.0
2016-05-25 13:00:00,,,,,,602,70.9,85.9,0.0,131,1,0,75.6
2016-05-25 13:15:00,,,,,,728,71.2,86.4,0.0,319,1,0,76.2
2016-05-25 13:30:00,,,,,,698,69.6,87.6,0.0,118,3,0,76.7
2016-05-25 13:45:00,,,,,,178,75.0,85.0,0.0,355,1,0,76.4
2016-05-25 14:00:00,,,,,,131,79.1,82.9,0.0,249,1,0,75.9
2016-05-25 14:15:00,,,,,,163,81.6,81.7,0.0,33,1,0,75.6
2016-05-25 14:30:00,,,,,,374,82.3,81.7,0.0,55,1,0,75.9
2016-05-25 14:45:00,,,,,,490,76.6,83.9,0.0,124,2,0,75.9
2016-05-25 15:00:00,,,,,,477,71.4,85.6,0.0,184,2,0,75.5
2016-05-25 15:15:00,,,,,,93,79.7,83.2,0.0,69,1,0,76.4
2016-05-25 15:30:00,,,,,,315,81.2,82.7,0.02,204,2,0,76.5
2016-05-25 15:45:00,,,,,,242,81.4,83.3,0.02,67,1,0,77.1
2016-05-25 16:00:00,,,,,,101,84.7,81.7,0.0,254,1,0,76.7
2016-05-25 16:15:00,,,,,,147,85.9,81.0,0.02,275,3,0,76.4
2016-05-25 16:30:00,,,,,,177,87.3,80.6,0.08,278,1,0,76.5
2016-05-25 16:45:00,,,,,,106,86.9,80.7,0.0,261,0,0,76.5
2016-05-25 17:00:00,,,,,,80,87.5,80.3,0.0,324,0,0,76.3
2016-05-25 17:15:00,,,,,,33,88.0,79.8,0.0,261,1,0,75.9
2016-05-25 17:30:00,,,,,,27,88.7,79.2,0.0,177,2,0,75.6
2016-05-25 17:45:00,,,,,,21,90.1,78.9,0.0,245,3,0,75.7
2016-05-25 18:00:00,,,,,,3,90.3,78.7,0.0,211,1,0,75.6
2016-05-25 18:15:00,,,,,,0,91.2,78.4,0.0,217,2,0,75.6
2016-05-25 18:30:00,,,,,,0,92.1,78.3,0.0,320,0,0,75.8
2016-05-25 18:45:00,,,,,,0,92.7,78.3,0.0,341,0,0,76.0
2016-05-25 19:00:00,,,,,,0,93.1,78.1,0.0,328,2,0,75.9
2016-05-25 19:15:00,,,,,,0,93.6,78.1,0.0,248,2,0,76.1
2016-05-25 19:30:00,,,,,,0,94.0,78.0,0.0,333,1,0,76.1
2016-05-25 19:45:00,,,,,,0,94.6,77.8,0.0,341,1,0,76.1
2016-05-25 20:00:00,,,,,,0,95.1,77.8,0.0,242,3,0,76.3
2016-05-25 20:15:00,,,,,,0,95.4,77.8,0.0,299,1,0,76.4
2016-05-25 20:30:00,,,,,,0,95.4,77.9,0.0,306,0,0,76.5
2016-05-25 20:45:00,,,,,,0,95.4,77.9,0.0,278,2,0,76.5
2016-05-25 21:00:00,,,,,,0,95.7,77.8,0.0,312,1,0,76.4
2016-05-25 21:15:00,,,,,,0,96.1,77.8,0.0,224,0,0,76.6
2016-05-25 21:30:00,,,,,,0,96.2,77.8,0.0,328,1,0,76.6
2016-05-25 21:45:00,,,,,,0,96.5,77.8,0.0,330,1,0,76.7
2016-05-25 22:00:00,,,,,,0,96.8,77.8,0.0,327,1,0,76.8
2016-05-25 22:15:00,,,,,,0,96.9,77.8,0.0,110,1,0,76.8
2016-05-25 22:30:00,,,,,,0,97.1,77.8,0.0,341,2,0,76.9
2016-05-25 22:45:00,,,,,,0,97.1,77.9,0.0,129,1,0,77.0
2016-05-25 23:00:00,,,,,,0,96.8,77.8,0.0,262,1,0,76.8
2016-05-25 23:15:00,,,,,,0,96.4,77.8,0.0,165,1,0,76.7
2016-05-25 23:30:00,,,,,,0,96.4,77.9,0.0,142,1,0,76.8
2016-05-25 23:45:00,,,,,,0,96.3,78.0,0.0,80,2,0,76.8
2016-05-26 00:00:00,,,,,,0,96.2,77.8,0.0,69,1,0,76.6
2016-05-26 00:15:00,,,,,,0,95.3,77.6,0.0,176,1,0,76.1
2016-05-26 00:30:00,,,,,,0,93.9,77.3,0.0,176,2,0,75.4
2016-05-26 00:45:00,,,,,,0,93.1,77.7,0.0,279,2,0,75.5
2016-05-26 01:00:00,,,,,,0,92.8,77.9,0.0,241,1,0,75.6
2016-05-26 01:15:00,,,,,,0,92.6,78.0,0.0,314,3,0,75.7
2016-05-26 01:30:00,,,,,,0,92.8,77.9,0.0,262,1,0,75.6
2016-05-26 01:45:00,,,,,,0,93.1,77.8,0.0,296,0,0,75.6
2016-05-26 02:00:00,,,,,,0,93.3,77.6,0.0,302,0,0,75.5
2016-05-26 02:15:00,,,,,,0,94.0,77.5,0.0,25,1,0,75.6
2016-05-26 02:30:00,,,,,,0,94.9,77.5,0.0,127,1,0,75.9
2016-05-26 02:45:00,,,,,,0,94.9,77.7,0.0,338,1,0,76.1
2016-05-26 03:00:00,,,,,,0,93.9,77.8,0.01,320,3,0,75.9
2016-05-26 03:15:00,,,,,,0,94.2,77.6,0.0,328,2,0,75.8
2016-05-26 03:30:00,,,,,,0,94.0,77.5,0.0,262,2,0,75.6
2016-05-26 03:45:00,,,,,,0,94.1,77.4,0.0,264,1,0,75.5
2016-05-26 04:00:00,,,,,,0,94.7,77.4,0.0,264,1,0,75.7
2016-05-26 04:15:00,,,,,,0,93.8,77.4,0.0,139,3,0,75.4
2016-05-26 04:30:00,,,,,,0,90.4,77.0,0.0,146,2,0,74.0
2016-05-26 04:45:00,,,,,,0,88.4,77.1,0.0,175,2,0,73.4
2016-05-26 05:00:00,,,,,,0,89.9,77.4,0.0,279,3,0,74.2
2016-05-26 05:15:00,,,,,,0,92.2,77.4,0.0,276,1,0,74.9
2016-05-26 05:30:00,,,,,,0,93.3,77.4,0.0,289,0,0,75.3
2016-05-26 05:45:00,,,,,,0,93.7,77.3,0.0,310,1,0,75.3
2016-05-26 06:00:00,,,,,,0,93.9,76.9,0.0,304,0,0,75.0
2016-05-26 06:15:00,,,,,,0,94.4,76.7,0.0,306,0,0,74.9
2016-05-26 06:30:00,,,,,,0,95.1,76.7,0.0,314,0,0,75.2
2016-05-26 06:45:00,,,,,,7,95.7,76.9,0.0,21,1,0,75.6
2016-05-26 07:00:00,,,,,,27,96.4,77.1,0.0,52,0,0,76.0
2016-05-26 07:15:00,,,,,,48,96.8,77.5,0.0,319,1,0,76.5
2016-05-26 07:30:00,,,,,,70,96.9,77.8,0.0,107,1,0,76.8
2016-05-26 07:45:00,,,,,,84,96.5,78.0,0.0,1,1,0,76.9
2016-05-26 08:00:00,,,,,,108,96.1,78.1,0.0,22,1,0,76.9
2016-05-26 08:15:00,,,,,,129,95.8,78.6,0.0,67,1,0,77.3
2016-05-26 08:30:00,,,,,,154,94.6,79.1,0.0,57,1,0,77.4
2016-05-26 08:45:00,,,,,,160,92.6,79.7,0.0,227,0,0,77.3
2016-05-26 09:00:00,,,,,,215,88.9,80.2,0.0,232,3,0,76.6
2016-05-26 09:15:00,,,,,,417,84.8,81.4,0.0,141,2,0,76.4
2016-05-26 09:30:00,,,,,,513,81.1,82.8,0.0,121,3,0,76.5
2016-05-26 09:45:00,,,,,,453,79.8,83.4,0.0,125,2,0,76.6
2016-05-26 10:00:00,,,,,,298,82.5,82.2,0.0,204,3,0,76.4
2016-05-26 10:15:00,,,,,,634,78.0,83.6,0.0,184,5,0,76.2
2016-05-26 10:30:00,,,,,,466,76.1,84.5,0.0,193,6,0,76.3
2016-05-26 10:45:00,,,,,,623,78.8,83.9,0.02,125,3,0,76.8
2016-05-26 11:00:00,,,,,,426,80.4,83.7,0.0,162,3,0,77.1
2016-05-26 11:15:00,,,,,,365,82.3,82.7,0.0,244,2,0,76.8
2016-05-26 11:30:00,,,,,,601,78.8,82.9,0.0,237,4,0,75.8
2016-05-26 11:45:00,,,,,,860,73.6,85.2,0.0,247,3,0,76.0
2016-05-26 12:00:00,,,,,,816,73.6,86.6,0.0,247,5,0,77.4
2016-05-26 12:15:00,,,,,,587,75.6,85.5,0.0,194,6,0,77.1
2016-05-26 12:30:00,,,,,,641,74.5,85.0,0.0,204,4,0,76.2
2016-05-26 12:45:00,,,,,,683,71.2,85.9,0.0,313,5,0,75.7
2016-05-26 13:00:00,,,,,,705,71.1,85.5,0.0,210,3,0,75.3
2016-05-26 13:15:00,,,,,,547,67.8,86.4,0.0,192,3,0,74.8
2016-05-26 13:30:00,,,,,,378,69.5,85.0,0.0,254,3,0,74.2
2016-05-26 13:45:00,,,,,,406,71.2,84.4,0.0,194,2,0,74.3
2016-05-26 14:00:00,,,,,,333,73.9,83.8,0.0,232,3,0,74.8
2016-05-26 14:15:00,,,,,,389,72.7,83.7,0.0,189,5,0,74.2
2016-05-26 14:30:00,,,,,,534,71.6,84.3,0.0,247,6,0,74.4
2016-05-26 14:45:00,,,,,,605,67.4,85.7,0.0,194,5,0,73.9
2016-05-26 15:00:00,,,,,,401,69.8,85.2,0.0,234,3,0,74.5
2016-05-26 15:15:00,,,,,,291,72.0,84.6,0.0,204,2,0,74.8
2016-05-26 15:30:00,,,,,,259,70.4,84.8,0.0,310,2,0,74.3
2016-05-26 15:45:00,,,,,,189,72.2,84.5,0.0,203,2,0,74.8
2016-05-26 16:00:00,,,,,,158,75.5,83.2,0.0,228,3,0,74.8
2016-05-26 16:15:00,,,,,,186,75.6,82.9,0.0,214,2,0,74.6
2016-05-26 16:30:00,,,,,,121,76.2,82.3,0.0,252,3,0,74.2
2016-05-26 16:45:00,,,,,,86,79.6,81.4,0.0,242,3,0,74.6
2016-05-26 17:00:00,,,,,,58,81.3,80.7,0.0,238,2,0,74.5
2016-05-26 17:15:00,,,,,,39,80.8,80.3,0.0,227,3,0,74.0
2016-05-26 17:30:00,,,,,,23,80.7,79.9,0.0,268,3,0,73.5
2016-05-26 17:45:00,,,,,,14,81.7,79.9,0.0,201,2,0,73.9
2016-05-26 18:00:00,,,,,,2,83.5,79.6,0.0,261,1,0,74.2
2016-05-26 18:15:00,,,,,,0,84.5,79.3,0.0,296,3,0,74.3
2016-05-26 18:30:00,,,,,,0,85.0,79.2,0.0,297,3,0,74.3
2016-05-26 18:45:00,,,,,,0,85.0,79.1,0.0,309,2,0,74.2
2016-05-26 19:00:00,,,,,,0,84.3,79.2,0.0,276,1,0,74.1
2016-05-26 19:15:00,,,,,,0,83.9,79.2,0.0,304,1,0,74.0
2016-05-26 19:30:00,,,,,,0,84.7,79.0,0.0,276,1,0,74.0
2016-05-26 19:45:00,,,,,,0,85.8,78.9,0.0,283,1,0,74.3
2016-05-26 20:00:00,,,,,,0,86.3,78.9,0.0,264,0,0,74.5
2016-05-26 20:15:00,,,,,,0,87.0,78.9,0.0,234,2,0,74.7
2016-05-26 20:30:00,,,,,,0,87.9,78.9,0.0,292,1,0,75.0
2016-05-26 20:45:00,,,,,,0,89.1,78.8,0.0,203,2,0,75.3
2016-05-26 21:00:00,,,,,,0,89.0,78.7,0.0,103,3,0,75.2
2016-05-26 21:15:00,,,,,,0,88.9,78.8,0.0,266,1,0,75.3
2016-05-26 21:30:00,,,,,,0,89.7,78.5,0.0,348,2,0,75.2
2016-05-26 21:45:00,,,,,,0,90.4,78.4,0.01,320,1,0,75.3
2016-05-26 22:00:00,,,,,,0,91.5,78.3,0.0,307,1,0,75.6
2016-05-26 22:15:00,,,,,,0,92.2,78.1,0.0,282,4,0,75.6
2016-05-26 22:30:00,,,,,,0,93.1,78.0,0.0,313,0,0,75.8
2016-05-26 22:45:00,,,,,,0,93.8,77.9,0.0,343,0,0,75.9
2016-05-26 23:00:00,,,,,,0,94.4,77.9,0.0,117,2,0,76.1
2016-05-26 23:15:00,,,,,,0,95.1,77.9,0.0,11,1,0,76.4
2016-05-26 23:30:00,,,,,,0,95.1,77.8,0.0,32,1,0,76.3
2016-05-26 23:45:00,,,,,,0,95.5,77.9,0.0,64,2,0,76.5
2016-05-27 00:00:00,,,,,,0,95.5,78.0,0.0,62,1,0,76.6
2016-05-27 00:15:00,,,,,,0,95.6,78.1,0.0,122,4,0,76.7
2016-05-27 00:30:00,,,,,,0,95.4,78.1,0.0,63,2,0,76.7
2016-05-27 00:45:00,,,,,,0,95.4,78.0,0.0,29,1,0,76.6
2016-05-27 01:00:00,,,,,,0,95.0,77.9,0.0,42,2,0,76.3
2016-05-27 01:15:00,,,,,,0,94.9,78.0,0.0,56,2,0,76.4
2016-05-27 01:30:00,,,,,,0,94.8,77.9,0.0,35,1,0,76.3
2016-05-27 01:45:00,,,,,,0,94.6,77.9,0.0,36,1,0,76.2
2016-05-27 02:00:00,,,,,,0,94.5,78.0,0.0,29,1,0,76.3
2016-05-27 02:15:00,,,,,,0,94.6,78.0,0.0,67,2,0,76.3
2016-05-27 02:30:00,,,,,,0,95.0,77.9,0.0,57,1,0,76.3
2016-05-27 02:45:00,,,,,,0,94.8,77.7,0.0,254,1,0,76.1
2016-05-27 03:00:00,,,,,,0,94.9,77.6,0.0,235,3,0,76.0
2016-05-27 03:15:00,,,,,,0,95.2,77.5,0.0,124,1,0,76.0
2016-05-27 03:30:00,,,,,,0,95.4,77.4,0.0,16,1,0,76.0
2016-05-27 03:45:00,,,,,,0,95.6,77.6,0.0,16,1,0,76.2
2016-05-27 04:00:00,,,,,,0,95.3,77.6,0.0,31,2,0,76.1
2016-05-27 04:15:00,,,,,,0,94.3,77.6,0.0,69,0,0,75.8
2016-05-27 04:30:00,,,,,,0,94.4,77.5,0.0,43,0,0,75.7
2016-05-27 04:45:00,,,,,,0,93.9,77.6,0.0,26,0,0,75.7
2016-05-27 05:00:00,,,,,,0,94.5,77.6,0.01,49,1,0,75.9
2016-05-27 05:15:00,,,,,,0,94.3,77.1,0.0,73,1,0,75.3
2016-05-27 05:30:00,,,,,,0,94.9,76.5,0.0,62,1,0,74.9
2016-05-27 05:45:00,,,,,,0,95.5,76.7,0.0,32,2,0,75.3
2016-05-27 06:00:00,,,,,,0,95.6,76.9,0.0,98,2,0,75.5
2016-05-27 06:15:00,,,,,,0,95.4,76.4,0.0,81,2,0,75.0
2016-05-27 06:30:00,,,,,,0,95.2,75.8,0.0,132,3,0,74.3
2016-05-27 06:45:00,,,,,,4,95.4,75.6,0.0,86,4,0,74.2
2016-05-27 07:00:00,,,,,,17,95.7,75.5,0.0,83,6,0,74.2
2016-05-27 07:15:00,,,,,,38,95.8,75.7,0.0,40,2,0,74.4
2016-05-27 07:30:00,,,,,,56,95.8,76.0,0.0,66,1,0,74.7
2016-05-27 07:45:00,,,,,,95,95.8,76.4,0.0,53,2,0,75.1
2016-05-27 08:00:00,,,,,,61,95.3,76.6,0.01,70,2,0,75.1
2016-05-27 08:15:00,,,,,,53,95.0,76.1,0.01,56,3,0,74.5
2016-05-27 08:30:00,,,,,,87,95.5,76.2,0.0,69,5,0,74.8
2016-05-27 08:45:00,,,,,,92,95.5,76.4,0.0,53,4,1,75.0
2016-05-27 09:00:00,,,,,,120,95.1,76.7,0.0,97,2,0,75.2
2016-05-27 09:15:00,,,,,,95,94.4,76.8,0.0,55,2,0,75.0
2016-05-27 09:30:00,,,,,,146,93.2,76.9,0.0,63,3,0,74.8
2016-05-27 09:45:00,,,,,,183,91.7,77.3,0.0,57,3,0,74.7
2016-05-27 10:00:00,,,,,,205,89.5,77.7,0.0,69,5,0,74.4
2016-05-27 10:15:00,,,,,,279,87.8,78.2,0.0,57,3,0,74.3
2016-05-27 10:30:00,,,,,,425,84.8,78.8,0.0,77,2,0,73.9
2016-05-27 10:45:00,,,,,,425,80.4,79.8,0.0,81,3,0,73.3
2016-05-27 11:00:00,,,,,,492,78.4,80.4,0.0,73,3,0,73.2
2016-05-27 11:15:00,,,,,,378,77.7,80.7,0.0,165,5,0,73.2
2016-05-27 11:30:00,,,,,,400,77.2,80.8,0.0,93,2,0,73.1
2016-05-27 11:45:00,,,,,,429,74.6,81.3,0.0,144,2,0,72.6
2016-05-27 12:00:00,,,,,,366,73.7,81.1,0.0,159,3,0,72.1
2016-05-27 12:15:00,,,,,,495,73.0,81.3,0.0,170,7,0,72.0
2016-05-27 12:30:00,,,,,,427,73.5,81.8,0.0,59,4,0,72.7
2016-05-27 12:45:00,,,,,,407,75.3,81.3,0.0,121,3,0,72.9
2016-05-27 13:00:00,,,,,,531,73.5,80.9,0.0,64,4,0,71.8
2016-05-27 13:15:00,,,,,,505,74.1,81.1,0.0,56,3,0,72.3
2016-05-27 13:30:00,,,,,,520,73.5,80.9,0.0,73,3,0,71.8
2016-05-27 13:45:00,,,,,,608,74.0,81.2,0.0,63,5,0,72.3
2016-05-27 14:00:00,,,,,,519,71.5,81.9,0.0,81,4,1,72.0
2016-05-27 14:15:00,,,,,,301,73.0,81.1,0.0,135,3,0,71.8
2016-05-27 14:30:00,,,,,,241,76.3,80.2,0.0,60,3,0,72.2
2016-05-27 14:45:00,,,,,,250,78.1,79.5,0.0,50,2,0,72.2
2016-05-27 15:00:00,,,,,,234,78.7,79.2,0.0,59,3,0,72.1
2016-05-27 15:15:00,,,,,,208,80.0,78.9,0.0,55,3,0,72.3
2016-05-27 15:30:00,,,,,,176,80.8,78.6,0.0,76,4,0,72.3
2016-05-27 15:45:00,,,,,,168,80.7,78.3,0.0,67,5,1,72.0
2016-05-27 16:00:00,,,,,,162,80.7,78.3,0.0,83,3,1,72.0
2016-05-27 16:15:00,,,,,,153,81.2,78.1,0.0,57,5,1,72.0
2016-05-27 16:30:00,,,,,,129,81.6,77.8,0.0,62,2,0,71.8
2016-05-27 16:45:00,,,,,,117,81.3,77.7,0.0,49,5,0,71.6
2016-05-27 17:00:00,,,,,,91,81.0,77.7,0.0,145,2,0,71.5
2016-05-27 17:15:00,,,,,,100,76.1,78.1,0.0,146,4,0,70.1
2016-05-27 17:30:00,,,,,,41,77.2,78.1,0.0,180,3,0,70.5
2016-05-27 17:45:00,,,,,,18,80.4,77.1,0.0,79,3,0,70.7
2016-05-27 18:00:00,,,,,,4,83.2,76.4,0.0,73,2,0,71.0
2016-05-27 18:15:00,,,,,,0,83.3,76.0,0.0,66,4,0,70.6
2016-05-27 18:30:00,,,,,,0,83.3,76.1,0.0,96,2,0,70.7
2016-05-27 18:45:00,,,,,,0,83.7,76.0,0.0,62,4,0,70.8
2016-05-27 19:00:00,,,,,,0,83.7,75.9,0.0,39,3,0,70.7
2016-05-27 19:15:00,,,,,,0,83.2,76.0,0.0,96,2,0,70.6
2016-05-27 19:30:00,,,,,,0,82.6,75.9,0.0,72,3,0,70.3
2016-05-27 19:45:00,,,,,,0,82.5,75.9,0.0,125,3,0,70.3
2016-05-27 20:00:00,,,,,,0,81.3,75.9,0.0,127,7,0,69.8
2016-05-27 20:15:00,,,,,,0,81.4,75.9,0.0,139,1,0,69.9
2016-05-27 20:30:00,,,,,,0,81.4,75.7,0.0,62,2,0,69.7
2016-05-27 20:45:00,,,,,,0,81.7,75.5,0.0,18,2,0,69.6
2016-05-27 21:00:00,,,,,,0,81.5,75.3,0.0,72,1,0,69.3
2016-05-27 21:15:00,,,,,,0,82.3,75.1,0.0,36,2,0,69.4
2016-05-27 21:30:00,,,,,,0,82.1,75.0,0.0,38,2,0,69.2
2016-05-27 21:45:00,,,,,,0,81.4,74.9,0.0,136,2,0,68.9
2016-05-27 22:00:00,,,,,,0,81.7,75.0,0.0,60,5,0,69.1
2016-05-27 22:15:00,,,,,,0,82.6,75.0,0.0,88,1,0,69.4
2016-05-27 22:30:00,,,,,,0,82.7,75.0,0.0,35,1,0,69.4
2016-05-27 22:45:00,,,,,,0,81.8,75.2,0.0,256,4,0,69.3
2016-05-27 23:00:00,,,,,,0,81.5,75.3,0.0,33,2,0,69.3
2016-05-27 23:15:00,,,,,,0,81.6,75.2,0.0,108,2,0,69.3
2016-05-27 23:30:00,,,,,,0,81.2,75.3,0.0,145,2,0,69.2
2016-05-27 23:45:00,,,,,,0,81.5,75.3,0.0,29,3,0,69.3
2016-05-28 00:00:00,,,,,,0,81.7,75.3,0.0,42,2,0,69.4
2016-05-28 00:15:00,,,,,,0,80.4,75.3,0.0,57,2,0,68.9
2016-05-28 00:30:00,,,,,,0,79.6,75.2,0.0,50,3,0,68.6
2016-05-28 00:45:00,,,,,,0,78.8,74.8,0.0,40,3,0,67.9
2016-05-28 01:00:00,,,,,,0,78.1,74.7,0.0,55,2,0,67.5
2016-05-28 01:15:00,,,,,,0,78.6,74.5,0.0,39,2,0,67.5
2016-05-28 01:30:00,,,,,,0,80.0,73.9,0.0,32,1,0,67.4
2016-05-28 01:45:00,,,,,,0,80.8,73.9,0.0,45,0,0,67.7
2016-05-28 02:00:00,,,,,,0,81.9,73.6,0.0,45,0,0,67.8
2016-05-28 02:15:00,,,,,,0,81.9,73.5,0.0,45,0,0,67.7
2016-05-28 02:30:00,,,,,,0,81.2,73.6,0.0,201,2,0,67.6
2016-05-28 02:45:00,,,,,,0,81.6,73.3,0.0,159,1,0,67.4
2016-05-28 03:00:00,,,,,,0,82.1,73.1,0.0,4,0,0,67.4
2016-05-28 03:15:00,,,,,,0,83.1,73.3,0.0,15,0,0,67.9
2016-05-28 03:30:00,,,,,,0,83.7,73.5,0.0,19,1,0,68.3
2016-05-28 03:45:00,,,,,,0,83.4,73.3,0.0,9,1,0,68.0
2016-05-28 04:00:00,,,,,,0,81.4,73.3,0.0,121,1,0,67.3
2016-05-28 04:15:00,,,,,,0,82.0,73.3,0.0,80,2,0,67.5
2016-05-28 04:30:00,,,,,,0,81.8,73.4,0.0,124,1,0,67.6
2016-05-28 04:45:00,,,,,,0,82.3,73.9,0.0,15,1,0,68.2
2016-05-28 05:00:00,,,,,,0,83.1,73.9,0.0,15,1,0,68.5
2016-05-28 05:15:00,,,,,,0,83.3,73.9,0.0,38,1,0,68.6
2016-05-28 05:30:00,,,,,,0,83.6,73.8,0.0,46,1,0,68.6
2016-05-28 05:45:00,,,,,,0,83.5,73.9,0.0,70,3,0,68.6
2016-05-28 06:00:00,,,,,,0,84.2,73.9,0.0,42,3,0,68.9
2016-05-28 06:15:00,,,,,,0,84.0,74.1,0.0,49,2,0,69.0
2016-05-28 06:30:00,,,,,,0,83.2,74.4,0.0,93,4,0,69.0
2016-05-28 06:45:00,,,,,,3,83.0,74.2,0.0,59,2,0,68.8
2016-05-28 07:00:00,,,,,,17,81.4,74.0,0.0,55,2,0,68.0
2016-05-28 07:15:00,,,,,,32,82.0,73.9,0.0,36,3,0,68.1
2016-05-28 07:30:00,,,,,,54,82.8,74.0,0.0,52,2,0,68.5
2016-05-28 07:45:00,,,,,,54,82.4,74.5,0.0,32,4,0,68.9
2016-05-28 08:00:00,,,,,,87,83.4,74.6,0.0,39,2,0,69.3
2016-05-28 08:15:00,,,,,,80,83.0,75.1,0.0,77,4,1,69.6
2016-05-28 08:30:00,,,,,,74,82.0,75.3,0.0,86,4,0,69.5
2016-05-28 08:45:00,,,,,,55,80.7,75.2,0.0,59,3,0,68.9
2016-05-28 09:00:00,,,,,,76,79.4,75.3,0.0,60,3,1,68.6
2016-05-28 09:15:00,,,,,,364,76.7,76.2,0.0,56,5,1,68.5
2016-05-28 09:30:00,,,,,,541,71.9,78.3,0.0,77,3,0,68.7
2016-05-28 09:45:00,,,,,,573,69.7,79.3,0.0,74,3,0,68.8
2016-05-28 10:00:00,,,,,,619,70.1,79.4,0.0,55,3,0,69.0
2016-05-28 10:15:00,,,,,,650,66.6,79.5,0.0,60,3,0,67.6
2016-05-28 10:30:00,,,,,,695,65.5,79.6,0.0,74,4,0,67.3
2016-05-28 10:45:00,,,,,,780,65.7,79.8,0.01,69,3,0,67.5
2016-05-28 11:00:00,,,,,,759,64.7,80.2,0.0,74,3,0,67.5
2016-05-28 11:15:00,,,,,,929,62.3,81.6,0.0,83,4,0,67.7
2016-05-28 11:30:00,,,,,,819,62.1,82.0,0.0,64,4,0,68.0
2016-05-28 11:45:00,,,,,,825,61.5,82.1,0.0,36,6,0,67.8
2016-05-28 12:00:00,,,,,,870,61.1,83.5,0.0,97,3,0,68.9
2016-05-28 12:15:00,,,,,,893,57.6,83.5,0.0,111,5,0,67.2
2016-05-28 12:30:00,,,,,,843,59.9,83.9,0.0,59,3,0,68.7
2016-05-28 12:45:00,,,,,,833,61.1,83.6,0.0,162,4,0,69.0
2016-05-28 13:00:00,,,,,,878,57.3,85.0,0.0,121,5,0,68.5
2016-05-28 13:15:00,,,,,,758,56.6,85.6,0.0,234,4,0,68.7
2016-05-28 13:30:00,,,,,,565,60.6,84.3,0.0,156,2,0,69.5
2016-05-28 13:45:00,,,,,,598,60.6,83.0,0.0,110,4,0,68.2
2016-05-28 14:00:00,,,,,,586,61.5,82.7,0.0,230,5,0,68.4
2016-05-28 14:15:00,,,,,,581,60.5,82.7,0.0,240,4,0,67.9
2016-05-28 14:30:00,,,,,,541,62.8,82.9,0.0,259,5,0,69.2
2016-05-28 14:45:00,,,,,,433,61.5,82.5,0.0,170,2,0,68.2
2016-05-28 15:00:00,,,,,,466,60.8,82.4,0.0,124,3,0,67.8
2016-05-28 15:15:00,,,,,,232,61.8,82.2,0.0,172,3,0,68.0
2016-05-28 15:30:00,,,,,,216,62.6,82.3,0.0,184,4,0,68.5
2016-05-28 15:45:00,,,,,,205,62.1,82.2,0.0,151,2,0,68.2
2016-05-28 16:00:00,,,,,,236,68.4,81.2,0.0,114,2,0,70.0
2016-05-28 16:15:00,,,,,,107,69.3,79.9,0.0,299,3,0,69.2
2016-05-28 16:30:00,,,,,,268,63.7,80.3,0.0,290,2,0,67.1
2016-05-28 16:45:00,,,,,,247,61.1,82.3,0.0,142,3,0,67.8
2016-05-28 17:00:00,,,,,,162,63.7,81.2,0.0,187,2,0,68.0
2016-05-28 17:15:00,,,,,,139,64.6,80.5,0.0,196,1,0,67.7
2016-05-28 17:30:00,,,,,,52,70.2,79.7,0.0,73,6,0,69.4
2016-05-28 17:45:00,,,,,,23,73.5,77.9,0.0,15,1,0,68.9
2016-05-28 18:00:00,,,,,,3,76.4,76.9,0.0,103,2,0,69.1
2016-05-28 18:15:00,,,,,,0,74.0,76.4,0.0,121,2,0,67.7
2016-05-28 18:30:00,,,,,,0,75.6,76.2,0.0,316,2,0,68.1
2016-05-28 18:45:00,,,,,,0,75.8,75.8,0.0,304,1,0,67.8
2016-05-28 19:00:00,,,,,,0,73.9,75.9,0.0,324,1,0,67.1
2016-05-28 19:15:00,,,,,,0,73.9,76.2,0.0,227,2,0,67.4
2016-05-28 19:30:00,,,,,,0,76.1,76.3,0.0,151,7,0,68.4
2016-05-28 19:45:00,,,,,,0,76.0,76.6,0.0,258,3,0,68.6
2016-05-28 20:00:00,,,,,,0,78.1,76.5,0.0,309,1,0,69.3
2016-05-28 20:15:00,,,,,,0,79.3,76.0,0.0,309,1,0,69.2
2016-05-28 20:30:00,,,,,,0,79.5,76.1,0.0,293,1,0,69.4
2016-05-28 20:45:00,,,,,,0,79.9,76.1,0.0,283,2,0,69.5
2016-05-28 21:00:00,,,,,,0,78.7,76.4,0.0,300,1,0,69.4
2016-05-28 21:15:00,,,,,,0,80.5,76.5,0.0,320,0,0,70.1
2016-05-28 21:30:00,,,,,,0,82.2,76.2,0.0,259,2,0,70.4
2016-05-28 21:45:00,,,,,,0,82.4,76.1,0.0,15,2,0,70.4
2016-05-28 22:00:00,,,,,,0,82.4,76.0,0.0,15,1,0,70.3
2016-05-28 22:15:00,,,,,,0,83.2,75.9,0.0,40,2,0,70.5
2016-05-28 22:30:00,,,,,,0,82.6,75.7,0.0,39,1,0,70.1
2016-05-28 22:45:00,,,,,,0,82.1,75.5,0.0,39,0,0,69.7
2016-05-28 23:00:00,,,,,,0,82.4,75.2,0.0,48,1,0,69.5
2016-05-28 23:15:00,,,,,,0,83.7,75.0,0.0,104,2,0,69.8
2016-05-28 23:30:00,,,,,,0,83.9,74.8,0.0,49,2,0,69.7
2016-05-28 23:45:00,,,,,,0,84.6,74.6,0.0,25,1,0,69.7
2016-05-29 00:00:00,,,,,,0,84.8,74.5,0.0,8,1,0,69.7
2016-05-29 00:15:00,,,,,,0,84.1,74.6,0.0,11,1,0,69.5
2016-05-29 00:30:00,,,,,,0,83.7,74.8,0.0,19,1,0,69.6
2016-05-29 00:45:00,,,,,,0,83.8,75.0,0.0,21,1,0,69.8
2016-05-29 01:00:00,,,,,,0,84.5,75.3,0.0,16,2,0,70.3
2016-05-29 01:15:00,,,,,,0,84.8,75.3,0.0,32,2,0,70.4
2016-05-29 01:30:00,,,,,,0,85.0,75.0,0.0,25,0,0,70.2
2016-05-29 01:45:00,,,,,,0,84.8,74.6,0.0,25,1,0,69.8
2016-05-29 02:00:00,,,,,,0,84.1,74.4,0.0,46,1,0,69.3
2016-05-29 02:15:00,,,,,,0,83.6,74.1,0.0,43,1,0,68.9
2016-05-29 02:30:00,,,,,,0,84.8,74.1,0.0,25,1,0,69.3
2016-05-29 02:45:00,,,,,,0,83.3,74.3,0.0,66,2,0,69.0
2016-05-29 03:00:00,,,,,,0,81.4,74.7,0.0,228,2,0,68.7
2016-05-29 03:15:00,,,,,,0,81.0,74.8,0.0,121,2,0,68.7
2016-05-29 03:30:00,,,,,,0,79.2,74.6,0.0,2,1,0,67.8
2016-05-29 03:45:00,,,,,,0,79.1,74.2,0.0,2,0,0,67.4
2016-05-29 04:00:00,,,,,,0,78.1,73.8,0.0,2,0,0,66.7
2016-05-29 04:15:00,,,,,,0,78.9,73.9,0.0,4,0,0,67.0
2016-05-29 04:30:00,,,,,,0,80.1,74.1,0.0,5,0,0,67.7
2016-05-29 04:45:00,,,,,,0,80.7,73.8,0.0,5,0,0,67.6
2016-05-29 05:00:00,,,,,,0,80.3,73.6,0.0,5,0,0,67.2
2016-05-29 05:15:00,,,,,,0,80.0,73.7,0.0,9,0,0,67.2
2016-05-29 05:30:00,,,,,,0,80.3,73.9,0.0,0,0,0,67.5
2016-05-29 05:45:00,,,,,,0,80.6,73.8,0.0,55,1,0,67.5
2016-05-29 06:00:00,,,,,,0,81.0,73.5,0.0,18,0,0,67.4
2016-05-29 06:15:00,,,,,,0,81.2,73.3,0.0,18,0,0,67.3
2016-05-29 06:30:00,,,,,,0,80.5,73.2,0.0,18,0,0,66.9
2016-05-29 06:45:00,,,,,,4,79.8,73.4,0.0,125,2,0,66.9
2016-05-29 07:00:00,,,,,,11,79.3,74.3,0.0,90,3,0,67.6
2016-05-29 07:15:00,,,,,,24,82.4,74.9,0.0,63,2,0,69.2
2016-05-29 07:30:00,,,,,,49,83.2,75.4,0.0,62,4,0,70.0
2016-05-29 07:45:00,,,,,,75,83.4,75.7,0.0,97,1,0,70.4
2016-05-29 08:00:00,,,,,,78,84.1,75.7,0.0,19,1,0,70.6
2016-05-29 08:15:00,,,,,,71,85.3,75.8,0.0,42,3,0,71.1
2016-05-29 08:30:00,,,,,,86,86.8,76.0,0.0,74,1,0,71.8
2016-05-29 08:45:00,,,,,,111,86.9,76.6,0.0,16,1,0,72.4
2016-05-29 09:00:00,,,,,,139,86.8,76.9,0.0,214,1,0,72.7
2016-05-29 09:15:00,,,,,,357,82.0,77.3,0.0,264,1,0,71.5
2016-05-29 09:30:00,,,,,,411,76.8,79.3,0.0,280,1,0,71.5
2016-05-29 09:45:00,,,,,,278,79.6,78.8,0.0,288,1,0,72.1
2016-05-29 10:00:00,,,,,,430,75.6,79.9,0.0,80,2,0,71.7
2016-05-29 10:15:00,,,,,,462,74.3,80.4,0.0,97,2,0,71.7
2016-05-29 10:30:00,,,,,,586,72.8,81.6,0.0,128,3,0,72.2
2016-05-29 10:45:00,,,,,,527,69.3,82.5,0.0,139,2,0,71.7
2016-05-29 11:00:00,,,,,,661,69.0,82.5,0.0,129,3,0,71.5
2016-05-29 11:15:00,,,,,,447,71.7,82.4,0.0,156,3,0,72.6
2016-05-29 11:30:00,,,,,,724,66.4,83.0,0.0,190,2,0,70.9
2016-05-29 11:45:00,,,,,,850,61.5,85.2,0.0,247,3,0,70.7
2016-05-29 12:00:00,,,,,,465,68.3,84.5,0.0,252,4,0,73.2
2016-05-29 12:15:00,,,,,,745,69.5,83.4,0.0,94,2,0,72.6
2016-05-29 12:30:00,,,,,,708,65.9,84.4,0.0,189,6,0,72.0
2016-05-29 12:45:00,,,,,,594,64.3,84.5,0.0,244,2,0,71.4
2016-05-29 13:00:00,,,,,,677,65.7,84.3,0.0,224,2,0,71.8
2016-05-29 13:15:00,,,,,,358,70.0,83.4,0.0,170,2,0,72.8
2016-05-29 13:30:00,,,,,,324,70.9,82.3,0.0,59,4,0,72.1
2016-05-29 13:45:00,,,,,,295,70.9,81.2,0.0,149,2,0,71.1
2016-05-29 14:00:00,,,,,,425,68.8,81.9,0.0,300,3,0,70.9
2016-05-29 14:15:00,,,,,,349,69.3,81.9,0.0,81,2,0,71.1
2016-05-29 14:30:00,,,,,,328,71.2,80.7,0.0,62,3,0,70.7
2016-05-29 14:45:00,,,,,,476,70.0,81.0,0.0,46,3,0,70.5
2016-05-29 15:00:00,,,,,,306,69.1,81.6,0.0,69,2,0,70.7
2016-05-29 15:15:00,,,,,,386,65.1,82.7,0.0,114,2,0,70.0
2016-05-29 15:30:00,,,,,,105,70.2,81.4,0.0,148,4,0,71.0
2016-05-29 15:45:00,,,,,,292,63.7,81.3,0.0,146,7,0,68.1
2016-05-29 16:00:00,,,,,,345,61.7,83.0,0.0,248,3,0,68.8
2016-05-29 16:15:00,,,,,,302,59.9,82.7,0.0,285,2,0,67.6
2016-05-29 16:30:00,,,,,,320,58.8,83.7,0.0,177,1,0,68.0
2016-05-29 16:45:00,,,,,,183,64.0,83.1,0.0,189,3,0,69.9
2016-05-29 17:00:00,,,,,,161,63.9,81.9,0.0,264,1,0,68.7
2016-05-29 17:15:00,,,,,,116,67.3,80.6,0.0,280,1,0,69.0
2016-05-29 17:30:00,,,,,,79,67.2,80.2,0.0,252,3,0,68.6
2016-05-29 17:45:00,,,,,,47,69.7,79.2,0.0,330,0,0,68.7
2016-05-29 18:00:00,,,,,,9,74.2,78.4,0.0,330,1,0,69.7
2016-05-29 18:15:00,,,,,,0,77.2,77.0,0.0,330,1,0,69.5
2016-05-29 18:30:00,,,,,,0,79.2,76.0,0.0,317,1,0,69.2
2016-05-29 18:45:00,,,,,,0,80.2,75.7,0.0,353,1,0,69.3
2016-05-29 19:00:00,,,,,,0,81.1,75.5,0.0,127,0,0,69.4
2016-05-29 19:15:00,,,,,,0,81.5,75.4,0.0,11,1,0,69.4
2016-05-29 19:30:00,,,,,,0,82.4,75.3,0.0,11,1,0,69.6
2016-05-29 19:45:00,,,,,,0,81.9,75.6,0.0,7,1,0,69.8
2016-05-29 20:00:00,,,,,,0,82.2,75.9,0.0,0,1,0,70.2
2016-05-29 20:15:00,,,,,,0,81.8,75.7,0.0,2,0,0,69.8
2016-05-29 20:30:00,,,,,,0,79.5,76.0,0.0,273,4,0,69.3
2016-05-29 20:45:00,,,,,,0,79.9,76.0,0.0,337,1,0,69.4
2016-05-29 21:00:00,,,,,,0,80.0,76.1,0.0,331,2,0,69.6
2016-05-29 21:15:00,,,,,,0,78.5,76.0,0.0,176,2,0,68.9
2016-05-29 21:30:00,,,,,,0,78.1,76.1,0.0,100,1,0,68.9
2016-05-29 21:45:00,,,,,,0,78.4,75.7,0.0,160,2,0,68.6
2016-05-29 22:00:00,,,,,,0,80.1,75.6,0.0,35,0,0,69.1
2016-05-29 22:15:00,,,,,,0,78.0,76.0,0.0,280,2,0,68.8
2016-05-29 22:30:00,,,,,,0,77.2,76.3,0.0,317,2,0,68.8
2016-05-29 22:45:00,,,,,,0,77.2,75.9,0.0,220,1,0,68.4
2016-05-29 23:00:00,,,,,,0,79.3,75.2,0.0,4,0,0,68.5
2016-05-29 23:15:00,,,,,,0,79.6,75.1,0.0,40,0,0,68.5
2016-05-29 23:30:00,,,,,,0,78.0,75.5,0.0,343,1,0,68.3
2016-05-29 23:45:00,,,,,,0,76.6,75.7,0.0,347,1,0,68.0
2016-05-30 00:00:00,,,,,,0,76.2,75.4,0.0,344,1,0,67.5
2016-05-30 00:15:00,,,,,,0,76.3,75.3,0.0,33,0,0,67.5
2016-05-30 00:30:00,,,,,,0,75.2,75.2,0.0,129,0,0,67.0
2016-05-30 00:45:00,,,,,,0,72.9,76.2,0.0,334,0,0,67.1
2016-05-30 01:00:00,,,,,,0,73.5,76.7,0.0,345,0,0,67.8
2016-05-30 01:15:00,,,,,,0,73.6,76.6,0.0,193,1,0,67.7
2016-05-30 01:30:00,,,,,,0,72.4,76.9,0.0,269,1,0,67.5
2016-05-30 01:45:00,,,,,,0,73.4,76.5,0.0,172,4,0,67.5
2016-05-30 02:00:00,,,,,,0,75.7,75.8,0.0,266,0,0,67.7
2016-05-30 02:15:00,,,,,,0,76.3,74.9,0.0,286,0,0,67.1
2016-05-30 02:30:00,,,,,,0,77.0,74.3,0.0,264,0,0,66.8
2016-05-30 02:45:00,,,,,,0,77.6,73.9,0.0,300,2,0,66.6
2016-05-30 03:00:00,,,,,,0,77.0,73.9,0.0,210,2,0,66.4
2016-05-30 03:15:00,,,,,,0,78.0,73.9,0.0,0,1,0,66.7
2016-05-30 03:30:00,,,,,,0,78.2,73.9,0.0,231,1,0,66.8
2016-05-30 03:45:00,,,,,,0,77.8,73.7,0.0,355,1,0,66.5
2016-05-30 04:00:00,,,,,,0,77.9,73.6,0.0,355,0,0,66.4
2016-05-30 04:15:00,,,,,,0,78.6,73.8,0.0,118,2,0,66.8
2016-05-30 04:30:00,,,,,,0,79.9,73.8,0.0,7,1,0,67.3
2016-05-30 04:45:00,,,,,,0,80.1,74.2,0.0,7,1,0,67.8
2016-05-30 05:00:00,,,,,,0,80.0,74.5,0.0,9,1,0,68.0
2016-05-30 05:15:00,,,,,,0,79.6,74.7,0.0,14,1,0,68.1
2016-05-30 05:30:00,,,,,,0,80.3,74.8,0.0,15,1,0,68.4
2016-05-30 05:45:00,,,,,,0,82.7,74.7,0.0,22,2,0,69.2
2016-05-30 06:00:00,,,,,,0,85.6,74.9,0.0,39,1,0,70.3
2016-05-30 06:15:00,,,,,,0,86.6,75.1,0.0,35,1,0,70.8
2016-05-30 06:30:00,,,,,,0,86.8,75.4,0.0,59,2,0,71.2
2016-05-30 06:45:00,,,,,,2,87.1,75.5,0.0,46,1,0,71.4
2016-05-30 07:00:00,,,,,,9,86.2,75.3,0.0,240,3,0,70.9
2016-05-30 07:15:00,,,,,,16,86.3,75.4,0.0,80,2,0,71.0
2016-05-30 07:30:00,,,,,,44,86.8,75.3,0.0,163,3,0,71.1
2016-05-30 07:45:00,,,,,,43,87.4,75.2,0.0,252,1,0,71.2
2016-05-30 08:00:00,,,,,,64,87.3,75.0,0.0,100,1,0,71.0
2016-05-30 08:15:00,,,,,,111,86.6,75.4,0.0,182,1,0,71.1
2016-05-30 08:30:00,,,,,,136,83.2,76.2,0.0,67,2,0,70.8
2016-05-30 08:45:00,,,,,,158,81.9,76.7,0.0,251,1,0,70.8
2016-05-30 09:00:00,,,,,,204,80.7,77.0,0.0,35,2,0,70.7
2016-05-30 09:15:00,,,,,,217,78.3,77.5,0.0,35,1,0,70.3
2016-05-30 09:30:00,,,,,,456,73.8,78.7,0.0,42,1,0,69.8
2016-05-30 09:45:00,,,,,,615,69.7,80.9,0.0,48,3,0,70.3
2016-05-30 10:00:00,,,,,,562,69.9,81.1,0.0,35,3,0,70.6
2016-05-30 10:15:00,,,,,,610,68.9,81.5,0.0,64,3,0,70.5
2016-05-30 10:30:00,,,,,,727,68.0,81.4,0.0,56,2,0,70.1
2016-05-30 10:45:00,,,,,,622,69.1,81.1,0.0,60,3,0,70.2
2016-05-30 11:00:00,,,,,,472,70.7,81.1,0.0,59,5,0,70.9
2016-05-30 11:15:00,,,,,,716,68.8,81.3,0.0,66,3,0,70.3
2016-05-30 11:30:00,,,,,,732,65.6,82.7,0.0,76,3,0,70.3
2016-05-30 11:45:00,,,,,,536,67.3,82.9,0.0,52,3,0,71.2
2016-05-30 12:00:00,,,,,,377,70.0,81.2,0.0,66,3,0,70.7
2016-05-30 12:15:00,,,,,,637,68.9,81.0,0.0,66,3,0,70.1
2016-05-30 12:30:00,,,,,,484,68.2,82.3,0.0,46,3,0,71.0
2016-05-30 12:45:00,,,,,,437,68.8,81.2,0.0,56,3,0,70.2
2016-05-30 13:00:00,,,,,,287,70.9,80.6,0.0,69,3,0,70.5
2016-05-30 13:15:00,,,,,,313,70.8,80.0,0.0,59,3,0,69.9
2016-05-30 13:30:00,,,,,,366,70.5,79.9,0.0,43,4,0,69.7
2016-05-30 13:45:00,,,,,,362,69.3,80.2,0.0,63,3,0,69.5
2016-05-30 14:00:00,,,,,,279,69.7,79.9,0.0,66,4,0,69.3
2016-05-30 14:15:00,,,,,,226,72.2,79.1,0.0,80,3,0,69.6
2016-05-30 14:30:00,,,,,,315,71.0,79.2,0.0,66,3,0,69.2
2016-05-30 14:45:00,,,,,,384,69.3,80.2,0.0,53,3,0,69.5
2016-05-30 15:00:00,,,,,,273,70.1,80.3,0.0,60,2,0,69.9
2016-05-30 15:15:00,,,,,,243,66.2,80.6,0.0,120,3,0,68.5
2016-05-30 15:30:00,,,,,,213,66.9,81.3,0.0,33,2,0,69.5
2016-05-30 15:45:00,,,,,,311,66.0,81.7,0.0,50,3,0,69.5
2016-05-30 16:00:00,,,,,,394,64.6,82.3,0.0,70,4,0,69.4
2016-05-30 16:15:00,,,,,,375,62.2,83.4,0.0,67,4,0,69.4
2016-05-30 16:30:00,,,,,,320,63.3,83.4,0.0,40,2,0,69.9
2016-05-30 16:45:00,,,,,,260,65.2,82.3,0.0,69,2,0,69.7
2016-05-30 17:00:00,,,,,,179,66.5,81.6,0.0,35,2,0,69.6
2016-05-30 17:15:00,,,,,,132,68.0,81.0,0.0,48,3,0,69.7
2016-05-30 17:30:00,,,,,,73,71.1,79.9,0.0,136,3,0,69.9
2016-05-30 17:45:00,,,,,,38,74.4,78.6,0.0,104,1,0,70.0
2016-05-30 18:00:00,,,,,,9,77.9,77.4,0.0,46,2,0,70.1
2016-05-30 18:15:00,,,,,,0,79.3,76.6,0.0,28,3,0,69.8
2016-05-30 18:30:00,,,,,,0,80.7,76.3,0.0,28,2,0,70.0
2016-05-30 18:45:00,,,,,,0,81.3,76.3,0.0,31,1,0,70.2
2016-05-30 19:00:00,,,,,,0,80.3,76.4,0.0,73,2,0,70.0
2016-05-30 19:15:00,,,,,,0,80.4,76.5,0.0,323,1,0,70.1
2016-05-30 19:30:00,,,,,,0,80.4,76.5,0.0,200,1,0,70.1
2016-05-30 19:45:00,,,,,,0,80.0,76.5,0.0,312,0,0,70.0
2016-05-30 20:00:00,,,,,,0,79.8,76.6,0.0,100,1,0,70.0
2016-05-30 20:15:00,,,,,,0,79.7,76.6,0.0,261,9,0,70.0
2016-05-30 20:30:00,,,,,,0,80.5,76.6,0.0,341,2,0,70.2
2016-05-30 20:45:00,,,,,,0,81.3,76.4,0.0,310,1,0,70.3
2016-05-30 21:00:00,,,,,,0,81.7,76.3,0.0,299,1,0,70.4
2016-05-30 21:15:00,,,,,,0,82.5,76.3,0.0,14,1,0,70.6
2016-05-30 21:30:00,,,,,,0,82.5,76.2,0.0,118,1,0,70.6
2016-05-30 21:45:00,,,,,,0,82.3,76.2,0.0,228,1,0,70.5
2016-05-30 22:00:00,,,,,,0,83.0,76.1,0.0,227,1,0,70.6
2016-05-30 22:15:00,,,,,,0,83.2,75.7,0.0,18,1,0,70.3
2016-05-30 22:30:00,,,,,,0,83.1,75.6,0.0,204,2,0,70.2
2016-05-30 22:45:00,,,,,,0,83.0,75.6,0.0,11,0,0,70.1
2016-05-30 23:00:00,,,,,,0,83.3,75.5,0.0,343,1,0,70.1
2016-05-30 23:15:00,,,,,,0,83.7,75.4,0.0,347,0,0,70.2
2016-05-30 23:30:00,,,,,,0,83.9,75.3,0.0,255,1,0,70.1
2016-05-30 23:45:00,,,,,,0,84.3,75.1,0.0,151,2,0,70.1
2016-05-31 00:00:00,,,,,,0,84.6,75.1,0.0,337,1,0,70.2
2016-05-31 00:15:00,,,,,,0,85.0,74.9,0.0,163,1,0,70.1
2016-05-31 00:30:00,,,,,,0,85.3,74.7,0.0,355,0,0,70.0
2016-05-31 00:45:00,,,,,,0,84.9,74.8,0.0,156,2,0,70.0
2016-05-31 01:00:00,,,,,,0,85.2,74.7,0.0,11,0,0,70.0
2016-05-31 01:15:00,,,,,,0,85.7,74.6,0.0,125,0,0,70.1
2016-05-31 01:30:00,,,,,,0,85.3,75.0,0.0,353,0,0,70.3
2016-05-31 01:45:00,,,,,,0,85.1,75.2,0.0,354,0,0,70.5
2016-05-31 02:00:00,,,,,,0,85.5,74.9,0.0,354,0,0,70.3
2016-05-31 02:15:00,,,,,,0,85.1,74.9,0.0,355,0,0,70.2
2016-05-31 02:30:00,,,,,,0,85.6,74.7,0.0,155,1,0,70.1
2016-05-31 02:45:00,,,,,,0,86.3,74.6,0.0,24,2,0,70.3
2016-05-31 03:00:00,,,,,,0,85.8,74.8,0.0,52,2,0,70.3
2016-05-31 03:15:00,,,,,,0,85.6,75.0,0.0,46,2,0,70.4
2016-05-31 03:30:00,,,,,,0,85.3,75.1,0.0,48,1,0,70.4
2016-05-31 03:45:00,,,,,,0,84.8,75.0,0.0,14,3,0,70.2
2016-05-31 04:00:00,,,,,,0,84.5,75.1,0.0,18,2,0,70.2
2016-05-31 04:15:00,,,,,,0,84.4,75.3,0.0,39,2,0,70.3
2016-05-31 04:30:00,,,,,,0,84.6,75.5,0.0,45,3,0,70.6
2016-05-31 04:45:00,,,,,,0,84.0,75.6,0.0,39,2,0,70.5
2016-05-31 05:00:00,,,,,,0,84.0,75.3,0.0,216,2,0,70.2
2016-05-31 05:15:00,,,,,,0,84.3,75.2,0.0,76,1,0,70.2
2016-05-31 05:30:00,,,,,,0,83.6,75.3,0.0,149,2,0,70.0
2016-05-31 05:45:00,,,,,,0,82.9,75.2,0.0,153,0,0,69.7
2016-05-31 06:00:00,,,,,,0,83.2,75.1,0.0,36,0,0,69.7
2016-05-31 06:15:00,,,,,,0,83.8,75.0,0.0,19,2,0,69.8
2016-05-31 06:30:00,,,,,,0,83.0,75.3,0.0,59,4,0,69.8
2016-05-31 06:45:00,,,,,,3,83.0,75.6,0.0,88,2,0,70.1
2016-05-31 07:00:00,,,,,,10,83.1,75.7,0.0,62,2,0,70.3
2016-05-31 07:15:00,,,,,,18,83.1,75.7,0.0,66,3,0,70.3
2016-05-31 07:30:00,,,,,,45,83.6,75.9,0.0,26,2,0,70.6
2016-05-31 07:45:00,,,,,,53,83.9,76.1,0.0,60,3,0,70.9
2016-05-31 08:00:00,,,,,,36,83.3,76.2,0.0,91,5,0,70.8
2016-05-31 08:15:00,,,,,,72,83.5,76.1,0.0,77,5,0,70.8
2016-05-31 08:30:00,,,,,,109,83.3,76.5,0.0,70,2,0,71.1
2016-05-31 08:45:00,,,,,,136,82.5,77.0,0.0,66,4,0,71.3
2016-05-31 09:00:00,,,,,,145,81.9,77.3,0.0,56,3,0,71.4
2016-05-31 09:15:00,,,,,,188,81.1,77.4,0.0,53,2,0,71.2
2016-05-31 09:30:00,,,,,,172,79.6,77.7,0.0,46,2,0,71.0
2016-05-31 09:45:00,,,,,,233,77.3,78.0,0.0,81,4,0,70.5
2016-05-31 10:00:00,,,,,,265,76.9,78.4,0.0,74,3,1,70.7
2016-05-31 10:15:00,,,,,,410,75.3,79.1,0.0,56,4,0,70.8
2016-05-31 10:30:00,,,,,,567,72.1,80.3,0.0,67,4,0,70.7
2016-05-31 10:45:00,,,,,,618,70.0,81.1,0.0,48,2,0,70.6
2016-05-31 11:00:00,,,,,,541,68.7,82.0,0.0,69,4,0,70.9
2016-05-31 11:15:00,,,,,,310,70.8,81.0,0.0,70,2,0,70.8
2016-05-31 11:30:00,,,,,,339,72.0,80.3,0.0,63,2,0,70.7
2016-05-31 11:45:00,,,,,,369,72.3,80.6,0.0,63,2,0,71.1
2016-05-31 12:00:00,,,,,,341,71.7,80.7,0.0,90,1,0,70.9
2016-05-31 12:15:00,,,,,,335,72.6,80.5,0.0,45,2,0,71.1
2016-05-31 12:30:00,,,,,,371,71.1,80.6,0.0,81,2,0,70.6
2016-05-31 12:45:00,,,,,,387,71.8,80.3,0.0,86,4,0,70.6
2016-05-31 13:00:00,,,,,,338,70.7,80.6,0.0,80,2,0,70.4
2016-05-31 13:15:00,,,,,,317,72.5,80.3,0.0,69,1,0,70.9
2016-05-31 13:30:00,,,,,,313,72.3,80.2,0.0,73,6,0,70.7
2016-05-31 13:45:00,,,,,,267,72.6,80.1,0.0,56,2,0,70.7
2016-05-31 14:00:00,,,,,,257,72.4,79.7,0.0,55,2,0,70.2
2016-05-31 14:15:00,,,,,,375,71.9,79.6,0.0,67,3,0,69.9
2016-05-31 14:30:00,,,,,,290,72.3,80.3,0.0,66,2,0,70.8
2016-05-31 14:45:00,,,,,,220,73.7,79.9,0.0,70,2,0,70.9
2016-05-31 15:00:00,,,,,,202,74.3,79.2,0.0,107,3,0,70.5
2016-05-31 15:15:00,,,,,,198,74.8,79.1,0.0,93,2,0,70.6
2016-05-31 15:30:00,,,,,,186,74.7,78.8,0.0,52,3,0,70.3
2016-05-31 15:45:00,,,,,,197,74.5,78.9,0.0,46,4,0,70.3
2016-05-31 16:00:00,,,,,,178,74.3,79.2,0.0,100,2,0,70.5
2016-05-31 16:15:00,,,,,,180,74.3,79.2,0.0,50,2,0,70.5
2016-05-31 16:30:00,,,,,,216,70.9,79.5,0.0,62,5,0,69.4
2016-05-31 16:45:00,,,,,,261,66.9,81.0,0.0,73,3,0,69.2
2016-05-31 17:00:00,,,,,,127,70.8,80.4,0.0,77,3,0,70.3
2016-05-31 17:15:00,,,,,,93,72.7,79.4,0.0,62,4,0,70.1
2016-05-31 17:30:00,,,,,,58,74.3,78.3,0.0,60,3,0,69.6
2016-05-31 17:45:00,,,,,,47,75.6,77.9,0.0,46,2,0,69.7
2016-05-31 18:00:00,,,,,,8,78.0,77.2,0.0,45,2,0,69.9
2016-05-31 18:15:00,,,,,,0,79.8,76.4,0.0,40,3,0,69.8
2016-05-31 18:30:00,,,,,,0,80.6,76.0,0.0,49,2,0,69.7
2016-05-31 18:45:00,,,,,,0,80.9,75.7,0.0,40,2,0,69.5
2016-05-31 19:00:00,,,,,,0,80.8,75.5,0.0,66,2,0,69.3
2016-05-31 19:15:00,,,,,,0,80.7,75.3,0.0,49,2,0,69.0
2016-05-31 19:30:00,,,,,,0,80.8,75.5,0.0,19,1,0,69.3
2016-05-31 19:45:00,,,,,,0,80.8,75.6,0.0,49,2,0,69.4
2016-05-31 20:00:00,,,,,,0,80.8,75.7,0.0,50,2,0,69.5
2016-05-31 20:15:00,,,,,,0,80.7,75.7,0.0,73,4,0,69.4
2016-05-31 20:30:00,,,,,,0,80.2,75.7,0.0,43,3,0,69.3
2016-05-31 20:45:00,,,,,,0,79.8,75.8,0.0,48,4,0,69.2
2016-05-31 21:00:00,,,,,,0,80.1,75.9,0.0,46,3,0,69.4
2016-05-31 21:15:00,,,,,,0,80.9,75.5,0.0,28,3,0,69.3
2016-05-31 21:30:00,,,,,,0,81.2,75.3,0.0,59,2,0,69.2
2016-05-31 21:45:00,,,,,,0,81.7,75.5,0.0,53,4,0,69.6
2016-05-31 22:00:00,,,,,,0,81.2,75.6,0.0,49,3,0,69.5
2016-05-31 22:15:00,,,,,,0,81.6,75.8,0.0,49,2,0,69.8
2016-05-31 22:30:00,,,,,,0,81.7,75.9,0.0,38,2,0,70.0
2016-05-31 22:45:00,,,,,,0,81.6,75.8,0.0,56,3,0,69.8
2016-05-31 23:00:00,,,,,,0,81.8,75.7,0.0,79,3,0,69.8
2016-05-31 23:15:00,,,,,,0,81.7,75.6,0.0,80,3,0,69.7
2016-05-31 23:30:00,,,,,,0,82.1,75.6,0.0,60,3,0,69.8
2016-05-31 23:45:00,,,,,,0,82.6,75.8,0.0,67,3,0,70.2
2016-05-31 23:59:00,,,,,,0,82.1,76.0,0.0,50,3,0,70.2
2016-06-01 00:00:00,,,,,,0,82.1,76.0,0.0,50,3,0,70.2
2016-06-01 00:15:00,,,,,,0,82.3,75.8,0.0,66,4,0,70.1
2016-06-01 00:30:00,,,,,,0,82.6,75.7,0.0,72,4,0,70.1
2016-06-01 00:45:00,,,,,,0,81.8,75.5,0.0,52,3,0,69.6
2016-06-01 01:00:00,,,,,,0,81.7,75.4,0.0,35,3,0,69.5
2016-06-01 01:15:00,,,,,,0,81.6,75.5,0.0,36,3,0,69.6
2016-06-01 01:30:00,,,,,,0,81.3,75.7,0.0,46,3,0,69.6
2016-06-01 01:45:00,,,,,,0,80.6,75.3,0.0,90,3,0,69.0
2016-06-01 02:00:00,,,,,,0,81.7,75.0,0.0,43,3,0,69.1
2016-06-01 02:15:00,,,,,,0,82.4,74.8,0.0,50,4,0,69.1
2016-06-01 02:30:00,,,,,,0,81.2,74.8,0.0,52,3,0,68.7
2016-06-01 02:45:00,,,,,,0,79.7,74.8,0.0,73,3,0,68.2
2016-06-01 03:00:00,,,,,,0,79.3,74.8,0.0,62,4,0,68.1
2016-06-01 03:15:00,,,,,,0,79.5,74.7,0.0,49,3,0,68.0
2016-06-01 03:30:00,,,,,,0,79.8,74.4,0.0,53,3,0,67.9
2016-06-01 03:45:00,,,,,,0,79.6,74.7,0.0,94,4,0,68.1
2016-06-01 04:00:00,,,,,,0,80.9,74.9,0.0,88,4,0,68.7
2016-06-01 04:15:00,,,,,,0,80.7,74.6,0.0,49,4,0,68.4
2016-06-01 04:30:00,,,,,,0,79.7,74.8,0.0,63,3,1,68.2
2016-06-01 04:45:00,,,,,,0,79.6,75.1,0.0,50,6,0,68.5
2016-06-01 05:00:00,,,,,,0,78.4,75.5,0.0,53,4,0,68.4
2016-06-01 05:15:00,,,,,,0,76.9,75.7,0.0,72,3,0,68.1
2016-06-01 05:30:00,,,,,,0,75.5,75.8,0.0,48,2,0,67.7
2016-06-01 05:45:00,,,,,,0,74.4,75.7,0.0,80,4,0,67.1
2016-06-01 06:00:00,,,,,,0,76.1,75.4,0.0,77,2,0,67.5
2016-06-01 06:15:00,,,,,,0,77.9,75.0,0.0,40,0,0,67.8
2016-06-01 06:30:00,,,,,,0,80.9,75.0,0.0,33,2,0,68.8
2016-06-01 06:45:00,,,,,,3,82.5,74.7,0.0,57,3,0,69.1
2016-06-01 07:00:00,,,,,,12,80.7,74.5,0.0,39,2,0,68.3
2016-06-01 07:15:00,,,,,,18,78.1,74.3,0.0,31,3,0,67.2
2016-06-01 07:30:00,,,,,,29,78.0,74.2,0.0,31,4,0,67.0
2016-06-01 07:45:00,,,,,,63,76.7,74.2,0.0,49,3,0,66.5
2016-06-01 08:00:00,,,,,,65,75.2,74.7,0.0,84,3,0,66.5
2016-06-01 08:15:00,,,,,,102,76.6,74.8,0.0,76,1,0,67.1
2016-06-01 08:30:00,,,,,,140,76.2,75.5,0.0,64,2,0,67.6
2016-06-01 08:45:00,,,,,,166,74.2,76.0,0.0,63,2,0,67.4
2016-06-01 09:00:00,,,,,,201,72.2,76.8,0.0,57,3,0,67.4
2016-06-01 09:15:00,,,,,,201,70.6,77.5,0.0,46,2,0,67.4
2016-06-01 09:30:00,,,,,,281,71.4,77.5,0.0,62,3,0,67.7
2016-06-01 09:45:00,,,,,,345,67.5,78.3,0.0,76,7,1,66.9
2016-06-01 10:00:00,,,,,,309,69.0,78.5,0.0,83,4,0,67.7
2016-06-01 10:15:00,,,,,,516,66.0,78.5,0.0,53,2,0,66.4
2016-06-01 10:30:00,,,,,,689,63.4,79.9,0.0,72,3,0,66.6
2016-06-01 10:45:00,,,,,,582,62.0,80.8,0.0,76,4,0,66.8
2016-06-01 11:00:00,,,,,,586,60.9,81.8,0.0,49,2,0,67.2
2016-06-01 11:15:00,,,,,,667,60.7,82.8,0.0,49,2,0,68.1
2016-06-01 11:30:00,,,,,,842,57.7,84.3,0.0,83,2,0,68.0
2016-06-01 11:45:00,,,,,,724,57.4,85.0,0.0,59,2,0,68.5
2016-06-01 12:00:00,,,,,,871,55.6,84.6,0.0,73,3,0,67.2
2016-06-01 12:15:00,,,,,,837,55.7,84.6,0.0,86,3,0,67.2
2016-06-01 12:30:00,,,,,,863,54.7,85.1,0.0,139,8,0,67.2
2016-06-01 12:45:00,,,,,,651,56.3,84.7,0.0,112,3,0,67.7
2016-06-01 13:00:00,,,,,,524,58.0,82.9,0.0,77,2,0,66.8
2016-06-01 13:15:00,,,,,,672,56.8,82.7,0.0,94,3,0,66.0
2016-06-01 13:30:00,,,,,,642,57.5,83.5,0.0,53,2,0,67.2
2016-06-01 13:45:00,,,,,,744,55.9,83.6,0.0,52,2,0,66.4
2016-06-01 14:00:00,,,,,,767,54.8,84.4,0.0,86,1,0,66.6
2016-06-01 14:15:00,,,,,,756,54.8,84.8,0.0,53,2,0,66.9
2016-06-01 14:30:00,,,,,,575,56.0,84.8,0.0,104,2,0,67.6
2016-06-01 14:45:00,,,,,,590,58.8,84.2,0.0,107,2,0,68.5
2016-06-01 15:00:00,,,,,,466,58.4,84.0,0.0,114,2,0,68.1
2016-06-01 15:15:00,,,,,,372,59.9,83.6,0.0,203,3,0,68.5
2016-06-01 15:30:00,,,,,,223,61.9,82.4,0.0,155,3,0,68.3
2016-06-01 15:45:00,,,,,,275,62.0,82.4,0.0,38,2,0,68.3
2016-06-01 16:00:00,,,,,,290,61.4,82.2,0.0,28,2,0,67.9
2016-06-01 16:15:00,,,,,,261,58.8,83.4,0.0,101,1,0,67.7
2016-06-01 16:30:00,,,,,,287,60.3,82.6,0.0,38,1,0,67.7
2016-06-01 16:45:00,,,,,,223,61.2,82.4,0.0,50,1,0,67.9
2016-06-01 17:00:00,,,,,,157,63.9,81.4,0.0,52,2,0,68.3
2016-06-01 17:15:00,,,,,,59,71.0,79.4,0.0,28,2,0,69.4
2016-06-01 17:30:00,,,,,,62,73.7,78.1,0.0,278,1,0,69.2
2016-06-01 17:45:00,,,,,,23,75.6,77.8,0.0,230,1,0,69.6
2016-06-01 18:00:00,,,,,,5,77.0,77.4,0.0,158,2,0,69.8
2016-06-01 18:15:00,,,,,,1,78.8,77.1,0.0,66,1,0,70.1
2016-06-01 18:30:00,,,,,,0,79.9,76.9,0.0,28,2,0,70.3
2016-06-01 18:45:00,,,,,,0,80.0,76.8,0.0,4,1,0,70.3
2016-06-01 19:00:00,,,,,,0,81.2,76.7,0.0,4,0,0,70.6
2016-06-01 19:15:00,,,,,,0,81.0,76.8,0.0,169,2,0,70.6
2016-06-01 19:30:00,,,,,,0,82.0,76.6,0.0,360,0,0,70.8
2016-06-01 19:45:00,,,,,,0,82.8,76.6,0.0,360,0,0,71.0
2016-06-01 20:00:00,,,,,,0,83.4,76.6,0.0,249,0,0,71.3
2016-06-01 20:15:00,,,,,,0,84.1,76.7,0.0,31,1,0,71.6
2016-06-01 20:30:00,,,,,,0,84.2,76.7,0.0,40,1,0,71.6
2016-06-01 20:45:00,,,,,,0,84.3,76.6,0.0,40,1,0,71.6
2016-06-01 21:00:00,,,,,,0,84.7,76.6,0.0,40,1,0,71.7
2016-06-01 21:15:00,,,,,,0,85.1,76.6,0.0,32,2,0,71.8
2016-06-01 21:30:00,,,,,,0,85.2,76.7,0.0,42,1,0,72.0
2016-06-01 21:45:00,,,,,,0,85.3,76.8,0.0,94,1,0,72.1
2016-06-01 22:00:00,,,,,,0,85.8,76.7,0.0,360,0,0,72.2
2016-06-01 22:15:00,,,,,,0,85.8,76.7,0.0,9,1,0,72.2
2016-06-01 22:30:00,,,,,,0,85.9,76.8,0.0,14,2,0,72.3
2016-06-01 22:45:00,,,,,,0,86.6,76.7,0.0,16,1,0,72.4
2016-06-01 23:00:00,,,,,,0,86.9,76.7,0.0,19,0,0,72.5
2016-06-01 23:15:00,,,,,,0,87.2,76.7,0.0,19,0,0,72.6
2016-06-01 23:30:00,,,,,,0,87.1,76.7,0.0,33,3,0,72.6
2016-06-01 23:45:00,,,,,,0,87.4,76.8,0.0,70,7,0,72.8
2016-06-02 00:00:00,,,,,,0,87.9,76.5,0.0,38,1,0,72.7
2016-06-02 00:15:00,,,,,,0,88.8,76.0,0.0,38,1,0,72.5
2016-06-02 00:30:00,,,,,,0,89.8,75.8,0.0,69,1,0,72.6
2016-06-02 00:45:00,,,,,,0,90.3,75.9,0.0,42,2,0,72.8
2016-06-02 01:00:00,,,,,,0,90.3,76.1,0.0,35,2,0,73.0
2016-06-02 01:15:00,,,,,,0,89.8,76.4,0.0,49,2,0,73.2
2016-06-02 01:30:00,,,,,,0,89.1,76.6,0.0,43,3,0,73.1
2016-06-02 01:45:00,,,,,,0,89.2,76.7,0.0,32,2,0,73.3
2016-06-02 02:00:00,,,,,,0,89.4,76.6,0.0,32,3,0,73.2
2016-06-02 02:15:00,,,,,,0,89.9,76.5,0.0,31,2,0,73.3
2016-06-02 02:30:00,,,,,,0,90.0,76.5,0.0,66,3,0,73.3
2016-06-02 02:45:00,,,,,,0,90.2,76.6,0.0,67,3,0,73.5
2016-06-02 03:00:00,,,,,,0,89.9,76.7,0.0,45,3,0,73.5
2016-06-02 03:15:00,,,,,,0,89.6,76.7,0.0,57,3,0,73.4
2016-06-02 03:30:00,,,,,,0,89.5,76.7,0.0,43,3,0,73.4
2016-06-02 03:45:00,,,,,,0,89.1,76.7,0.0,60,3,0,73.2
2016-06-02 04:00:00,,,,,,0,88.3,76.9,0.0,46,6,0,73.2
2016-06-02 04:15:00,,,,,,0,87.7,77.0,0.0,67,3,0,73.1
2016-06-02 04:30:00,,,,,,0,87.3,77.1,0.0,55,3,0,73.1
2016-06-02 04:45:00,,,,,,0,87.1,77.1,0.0,73,3,0,73.0
2016-06-02 05:00:00,,,,,,0,86.9,77.1,0.0,59,4,0,72.9
2016-06-02 05:15:00,,,,,,0,87.1,77.1,0.0,50,3,0,73.0
2016-06-02 05:30:00,,,,,,0,87.5,77.2,0.0,52,3,0,73.2
2016-06-02 05:45:00,,,,,,0,88.0,77.1,0.0,73,3,0,73.3
2016-06-02 06:00:00,,,,,,0,88.3,76.9,0.0,101,3,0,73.2
2016-06-02 06:15:00,,,,,,0,88.5,76.7,0.0,77,4,0,73.0
2016-06-02 06:30:00,,,,,,0,88.2,76.7,0.0,19,2,0,73.0
2016-06-02 06:45:00,,,,,,2,87.9,76.9,0.0,46,3,0,73.1
2016-06-02 07:00:00,,,,,,8,87.5,76.9,0.0,40,2,0,72.9
2016-06-02 07:15:00,,,,,,21,87.5,77.0,0.0,83,3,0,73.0
2016-06-02 07:30:00,,,,,,23,87.4,77.1,0.0,33,3,0,73.1
2016-06-02 07:45:00,,,,,,45,87.4,77.2,0.0,29,2,0,73.2
2016-06-02 08:00:00,,,,,,63,86.9,77.4,0.0,55,2,0,73.2
2016-06-02 08:15:00,,,,,,76,86.3,77.5,0.0,83,3,0,73.1
2016-06-02 08:30:00,,,,,,90,85.8,77.7,0.0,77,3,0,73.1
2016-06-02 08:45:00,,,,,,101,85.6,77.9,0.0,72,4,0,73.3
2016-06-02 09:00:00,,,,,,116,85.1,78.2,0.0,40,2,0,73.4
2016-06-02 09:15:00,,,,,,138,84.9,78.5,0.0,66,4,0,73.6
2016-06-02 09:30:00,,,,,,153,84.0,78.7,0.0,70,3,0,73.5
2016-06-02 09:45:00,,,,,,173,83.7,79.0,0.0,77,4,0,73.7
2016-06-02 10:00:00,,,,,,151,83.9,79.1,0.0,56,2,0,73.9
2016-06-02 10:15:00,,,,,,193,83.4,79.3,0.0,55,4,0,73.9
2016-06-02 10:30:00,,,,,,262,82.2,79.8,0.0,59,2,0,74.0
2016-06-02 10:45:00,,,,,,232,82.3,80.2,0.0,66,5,0,74.4
2016-06-02 11:00:00,,,,,,199,81.7,80.1,0.0,81,3,0,74.1
2016-06-02 11:15:00,,,,,,261,80.4,80.1,0.0,49,2,0,73.6
2016-06-02 11:30:00,,,,,,239,80.8,80.2,0.0,38,3,0,73.9
2016-06-02 11:45:00,,,,,,293,79.0,80.6,0.0,55,2,0,73.6
2016-06-02 12:00:00,,,,,,272,80.0,80.5,0.0,81,2,0,73.9
2016-06-02 12:15:00,,,,,,379,76.5,81.4,0.0,53,2,0,73.5
2016-06-02 12:30:00,,,,,,446,75.4,82.1,0.0,39,2,0,73.7
2016-06-02 12:45:00,,,,,,505,74.3,82.5,0.0,76,5,0,73.7
2016-06-02 13:00:00,,,,,,401,74.0,82.9,0.0,46,2,0,74.0
2016-06-02 13:15:00,,,,,,243,76.7,82.3,0.0,76,2,0,74.4
2016-06-02 13:30:00,,,,,,492,74.7,82.3,0.0,64,3,0,73.7
2016-06-02 13:45:00,,,,,,363,73.2,82.7,0.0,52,3,0,73.5
2016-06-02 14:00:00,,,,,,221,75.6,82.0,0.0,62,2,0,73.7
2016-06-02 14:15:00,,,,,,231,77.6,81.2,0.0,55,2,0,73.7
2016-06-02 14:30:00,,,,,,485,74.9,82.1,0.0,121,2,0,73.5
2016-06-02 14:45:00,,,,,,391,72.2,83.7,0.0,238,1,0,74.0
2016-06-02 15:00:00,,,,,,281,73.5,83.2,0.0,45,3,0,74.1
2016-06-02 15:15:00,,,,,,217,77.5,81.8,0.0,115,3,0,74.2
2016-06-02 15:30:00,,,,,,292,75.0,82.3,0.0,100,3,0,73.8
2016-06-02 15:45:00,,,,,,280,70.7,84.4,0.0,100,5,0,74.1
2016-06-02 16:00:00,,,,,,341,69.9,83.9,0.0,172,2,0,73.3
2016-06-02 16:15:00,,,,,,284,68.4,84.8,0.0,129,2,0,73.5
2016-06-02 16:30:00,,,,,,361,68.1,84.8,0.0,103,4,0,73.4
2016-06-02 16:45:00,,,,,,322,68.9,84.6,0.0,94,3,0,73.5
2016-06-02 17:00:00,,,,,,206,70.4,83.8,0.0,90,2,0,73.4
2016-06-02 17:15:00,,,,,,202,72.9,82.9,0.0,25,2,0,73.5
2016-06-02 17:30:00,,,,,,83,76.8,81.8,0.0,39,2,0,74.0
2016-06-02 17:45:00,,,,,,48,79.4,80.3,0.0,107,2,0,73.5
2016-06-02 18:00:00,,,,,,6,82.4,79.3,0.0,28,2,0,73.6
2016-06-02 18:15:00,,,,,,0,84.0,78.7,0.0,39,1,0,73.5
2016-06-02 18:30:00,,,,,,0,84.8,78.5,0.0,35,2,0,73.6
2016-06-02 18:45:00,,,,,,0,85.6,78.4,0.0,40,2,0,73.8
2016-06-02 19:00:00,,,,,,0,85.8,78.1,0.0,59,2,0,73.5
2016-06-02 19:15:00,,,,,,0,86.2,77.9,0.0,194,1,0,73.5
2016-06-02 19:30:00,,,,,,0,86.8,77.9,0.0,18,1,0,73.7
2016-06-02 19:45:00,,,,,,0,87.3,77.8,0.0,16,0,0,73.7
2016-06-02 20:00:00,,,,,,0,88.0,77.7,0.0,230,1,0,73.9
2016-06-02 20:15:00,,,,,,0,89.2,77.5,0.0,295,0,0,74.1
2016-06-02 20:30:00,,,,,,0,89.9,77.1,0.0,234,1,0,73.9
2016-06-02 20:45:00,,,,,,0,90.6,77.1,0.0,283,2,0,74.1
2016-06-02 21:00:00,,,,,,0,91.2,77.1,0.0,353,0,0,74.3
2016-06-02 21:15:00,,,,,,0,91.5,77.3,0.0,360,0,0,74.6
2016-06-02 21:30:00,,,,,,0,91.9,77.4,0.0,360,0,0,74.8
2016-06-02 21:45:00,,,,,,0,92.2,77.4,0.0,360,0,0,74.9
2016-06-02 22:00:00,,,,,,0,92.1,77.2,0.0,360,0,0,74.7
2016-06-02 22:15:00,,,,,,0,92.0,77.0,0.0,360,0,0,74.5
2016-06-02 22:30:00,,,,,,0,92.1,76.7,0.0,360,0,0,74.2
2016-06-02 22:45:00,,,,,,0,92.3,76.7,0.0,360,0,0,74.3
2016-06-02 23:00:00,,,,,,0,92.6,76.7,0.0,360,0,0,74.4
2016-06-02 23:15:00,,,,,,0,92.4,76.7,0.0,360,0,0,74.3
2016-06-02 23:30:00,,,,,,0,92.0,76.5,0.0,360,0,0,74.0
2016-06-02 23:45:00,,,,,,0,92.4,76.4,0.0,360,0,0,74.0
2016-06-03 00:00:00,,,,,,0,92.9,76.5,0.0,360,0,0,74.3
2016-06-03 00:15:00,,,,,,0,93.4,76.7,0.0,360,0,0,74.6
2016-06-03 00:30:00,,,,,,0,93.5,76.7,0.0,360,0,0,74.7
2016-06-03 00:45:00,,,,,,0,93.6,76.6,0.0,360,0,0,74.6
2016-06-03 01:00:00,,,,,,0,93.7,76.7,0.0,360,2,0,74.7
2016-06-03 01:15:00,,,,,,0,93.5,76.6,0.0,360,0,0,74.6
2016-06-03 01:30:00,,,,,,0,93.5,76.4,0.0,360,0,0,74.4
2016-06-03 01:45:00,,,,,,0,93.1,76.5,0.0,360,0,0,74.3
2016-06-03 02:00:00,,,,,,0,92.9,76.6,0.0,360,0,0,74.4
2016-06-03 02:15:00,,,,,,0,93.1,76.6,0.0,122,0,0,74.4
2016-06-03 02:30:00,,,,,,0,93.2,76.6,0.0,15,2,0,74.5
2016-06-03 02:45:00,,,,,,0,92.6,76.7,0.0,76,5,0,74.4
2016-06-03 03:00:00,,,,,,0,89.5,76.2,0.0,144,2,0,72.9
2016-06-03 03:15:00,,,,,,0,91.2,76.1,0.0,14,1,0,73.3
2016-06-03 03:30:00,,,,,,0,92.0,76.3,0.0,14,1,0,73.8
2016-06-03 03:45:00,,,,,,0,92.8,76.4,0.0,14,1,0,74.1
2016-06-03 04:00:00,,,,,,0,93.1,76.6,0.0,14,1,0,74.4
2016-06-03 04:15:00,,,,,,0,93.4,76.6,0.0,35,2,0,74.5
2016-06-03 04:30:00,,,,,,0,93.8,76.7,0.0,28,2,0,74.8
2016-06-03 04:45:00,,,,,,0,94.2,76.9,0.0,22,1,0,75.1
2016-06-03 05:00:00,,,,,,0,94.2,77.2,0.0,76,3,0,75.4
2016-06-03 05:15:00,,,,,,0,92.6,77.5,0.01,50,3,0,75.2
2016-06-03 05:30:00,,,,,,0,92.6,77.0,0.01,28,0,0,74.7
2016-06-03 05:45:00,,,,,,0,93.8,76.5,0.0,21,0,0,74.6
2016-06-03 06:00:00,,,,,,0,94.5,76.3,0.0,21,1,0,74.6
2016-06-03 06:15:00,,,,,,0,95.2,76.0,0.0,21,1,0,74.5
2016-06-03 06:30:00,,,,,,0,95.9,76.1,0.0,39,1,0,74.8
2016-06-03 06:45:00,,,,,,4,96.5,76.4,0.0,15,1,0,75.3
2016-06-03 07:00:00,,,,,,15,96.7,76.6,0.0,15,0,0,75.6
2016-06-03 07:15:00,,,,,,18,96.8,76.4,0.0,15,0,0,75.4
2016-06-03 07:30:00,,,,,,23,97.0,76.4,0.0,15,0,0,75.5
2016-06-03 07:45:00,,,,,,40,96.9,76.4,0.0,15,0,0,75.4
2016-06-03 08:00:00,,,,,,80,97.0,76.4,0.0,60,1,0,75.5
2016-06-03 08:15:00,,,,,,69,96.6,76.6,0.0,36,0,0,75.5
2016-06-03 08:30:00,,,,,,63,96.4,76.7,0.0,32,0,0,75.6
2016-06-03 08:45:00,,,,,,63,96.1,76.9,0.0,18,0,0,75.7
2016-06-03 09:00:00,,,,,,57,95.4,77.3,0.0,24,0,0,75.9
2016-06-03 09:15:00,,,,,,307,92.6,77.9,0.0,59,0,0,75.6
2016-06-03 09:30:00,,,,,,311,87.2,79.2,0.0,48,1,0,75.1
2016-06-03 09:45:00,,,,,,290,85.1,79.8,0.0,29,0,0,75.0
2016-06-03 10:00:00,,,,,,449,84.4,80.0,0.0,32,3,0,74.9
2016-06-03 10:15:00,,,,,,541,81.3,81.3,0.0,56,0,0,75.1
2016-06-03 10:30:00,,,,,,615,78.5,82.0,0.0,48,4,0,74.8
2016-06-03 10:45:00,,,,,,562,77.6,82.4,0.0,49,2,0,74.8
2016-06-03 11:00:00,,,,,,477,77.2,81.9,0.0,73,1,0,74.2
2016-06-03 11:15:00,,,,,,376,78.5,81.6,0.0,76,3,0,74.4
2016-06-03 11:30:00,,,,,,381,78.7,81.3,0.0,50,4,0,74.2
2016-06-03 11:45:00,,,,,,608,76.2,82.1,0.0,79,2,0,74.0
2016-06-03 12:00:00,,,,,,573,74.9,83.5,0.0,98,3,0,74.9
2016-06-03 12:15:00,,,,,,280,77.7,82.5,0.0,125,2,0,75.0
2016-06-03 12:30:00,,,,,,854,69.9,84.1,0.0,86,2,0,73.5
2016-06-03 12:45:00,,,,,,809,67.4,85.6,0.0,57,2,0,73.8
2016-06-03 13:00:00,,,,,,821,64.8,85.9,0.0,42,2,0,73.0
2016-06-03 13:15:00,,,,,,808,65.5,85.8,0.0,38,3,0,73.2
2016-06-03 13:30:00,,,,,,796,63.5,86.6,0.0,148,3,0,73.0
2016-06-03 13:45:00,,,,,,710,66.9,86.5,0.0,115,2,0,74.5
2016-06-03 14:00:00,,,,,,695,65.5,86.0,0.0,118,4,0,73.4
2016-06-03 14:15:00,,,,,,639,69.3,85.6,0.0,217,4,0,74.6
2016-06-03 14:30:00,,,,,,727,65.4,86.2,0.0,221,4,0,73.5
2016-06-03 14:45:00,,,,,,623,64.4,86.1,0.0,249,5,0,73.0
2016-06-03 15:00:00,,,,,,584,64.8,85.3,0.0,197,4,0,72.4
2016-06-03 15:15:00,,,,,,261,67.3,84.8,0.0,206,3,0,73.0
2016-06-03 15:30:00,,,,,,234,68.2,84.0,0.0,183,4,0,72.6
2016-06-03 15:45:00,,,,,,150,70.6,83.2,0.0,248,4,0,72.9
2016-06-03 16:00:00,,,,,,216,70.1,82.3,0.0,234,5,0,71.8
2016-06-03 16:15:00,,,,,,227,67.6,83.3,0.0,262,3,0,71.7
2016-06-03 16:30:00,,,,,,237,65.5,84.7,0.0,145,2,0,72.1
2016-06-03 16:45:00,,,,,,195,66.2,84.0,0.0,323,2,0,71.8
2016-06-03 17:00:00,,,,,,141,68.3,83.2,0.0,94,2,0,71.9
2016-06-03 17:15:00,,,,,,141,68.2,83.2,0.0,2,2,0,71.9
2016-06-03 17:30:00,,,,,,48,73.4,81.8,0.0,194,2,0,72.7
2016-06-03 17:45:00,,,,,,15,78.6,79.9,0.0,340,2,0,72.8
2016-06-03 18:00:00,,,,,,5,81.7,78.8,0.0,354,1,0,72.8
2016-06-03 18:15:00,,,,,,0,84.6,78.5,0.0,194,0,0,73.5
2016-06-03 18:30:00,,,,,,0,86.3,78.0,0.0,273,3,0,73.6
2016-06-03 18:45:00,,,,,,0,87.2,77.8,0.0,38,1,0,73.7
2016-06-03 19:00:00,,,,,,0,88.3,77.4,0.0,24,1,0,73.7
2016-06-03 19:15:00,,,,,,0,89.4,77.3,0.0,39,1,0,73.9
2016-06-03 19:30:00,,,,,,0,89.7,77.3,0.0,108,2,0,74.0
2016-06-03 19:45:00,,,,,,0,89.9,77.1,0.0,86,2,0,73.9
2016-06-03 20:00:00,,,,,,0,90.0,77.1,0.0,33,1,0,73.9
2016-06-03 20:15:00,,,,,,0,90.3,77.0,0.0,225,2,0,73.9
2016-06-03 20:30:00,,,,,,0,90.2,77.0,0.0,302,0,0,73.9
2016-06-03 20:45:00,,,,,,0,90.2,77.0,0.0,321,1,0,73.9
2016-06-03 21:00:00,,,,,,0,89.8,77.0,0.0,293,2,0,73.8
2016-06-03 21:15:00,,,,,,0,89.9,77.1,0.0,264,2,0,73.9
2016-06-03 21:30:00,,,,,,0,89.9,77.2,0.0,204,2,0,74.0
2016-06-03 21:45:00,,,,,,0,89.9,77.4,0.0,265,1,0,74.2
2016-06-03 22:00:00,,,,,,0,89.4,77.5,0.0,122,1,0,74.1
2016-06-03 22:15:00,,,,,,0,87.7,77.5,0.0,247,2,0,73.6
2016-06-03 22:30:00,,,,,,0,87.1,77.5,0.0,96,0,0,73.4
2016-06-03 22:45:00,,,,,,0,86.9,77.6,0.0,14,1,0,73.4
2016-06-03 23:00:00,,,,,,0,87.1,77.4,0.0,134,1,0,73.3
2016-06-03 23:15:00,,,,,,0,86.7,77.3,0.0,156,1,0,73.0
2016-06-03 23:30:00,,,,,,0,86.9,77.2,0.0,12,1,0,73.0
2016-06-03 23:45:00,,,,,,0,86.8,77.0,0.0,111,3,0,72.8
2016-06-04 00:00:00,,,,,,0,87.3,76.8,0.0,77,2,0,72.8
2016-06-04 00:15:00,,,,,,0,87.9,76.7,0.0,207,1,0,72.9
2016-06-04 00:30:00,,,,,,0,88.0,76.7,0.0,24,1,0,72.9
2016-06-04 00:45:00,,,,,,0,87.9,76.7,0.0,62,2,0,72.9
2016-06-04 01:00:00,,,,,,0,88.0,76.8,0.0,66,2,0,73.0
2016-06-04 01:15:00,,,,,,0,88.0,76.9,0.0,40,2,0,73.1
2016-06-04 01:30:00,,,,,,0,88.3,76.9,0.0,60,1,0,73.2
2016-06-04 01:45:00,,,,,,0,88.1,76.8,0.0,103,3,0,73.0
2016-06-04 02:00:00,,,,,,0,87.8,76.9,0.0,57,2,0,73.0
2016-06-04 02:15:00,,,,,,0,87.7,77.0,0.0,40,1,0,73.1
2016-06-04 02:30:00,,,,,,0,87.4,77.1,0.0,42,2,0,73.1
2016-06-04 02:45:00,,,,,,0,87.2,77.1,0.0,100,2,0,73.0
2016-06-04 03:00:00,,,,,,0,86.9,77.0,0.0,77,3,0,72.8
2016-06-04 03:15:00,,,,,,0,86.9,76.9,0.0,52,3,0,72.7
2016-06-04 03:30:00,,,,,,0,87.4,76.8,0.0,43,3,0,72.8
2016-06-04 03:45:00,,,,,,0,87.2,76.8,0.0,45,2,0,72.7
2016-06-04 04:00:00,,,,,,0,87.5,76.8,0.0,36,2,0,72.8
2016-06-04 04:15:00,,,,,,0,87.6,76.7,0.0,60,3,0,72.8
2016-06-04 04:30:00,,,,,,0,87.5,76.7,0.0,38,3,0,72.7
2016-06-04 04:45:00,,,,,,0,87.0,76.7,0.0,52,2,0,72.6
2016-06-04 05:00:00,,,,,,0,87.0,76.6,0.0,63,2,0,72.5
2016-06-04 05:15:00,,,,,,0,87.5,76.5,0.0,42,2,0,72.5
2016-06-04 05:30:00,,,,,,0,87.8,76.3,0.0,39,3,0,72.4
2016-06-04 05:45:00,,,,,,0,87.9,76.1,0.0,50,2,0,72.3
2016-06-04 06:00:00,,,,,,0,88.0,76.0,0.0,53,2,0,72.2
2016-06-04 06:15:00,,,,,,0,88.0,75.9,0.0,45,2,0,72.1
2016-06-04 06:30:00,,,,,,0,87.8,75.9,0.0,50,2,0,72.0
2016-06-04 06:45:00,,,,,,2,87.4,75.9,0.0,32,3,0,71.9
2016-06-04 07:00:00,,,,,,11,87.0,75.9,0.0,63,2,0,71.8
2016-06-04 07:15:00,,,,,,12,86.7,76.0,0.0,245,3,0,71.8
2016-06-04 07:30:00,,,,,,31,86.6,76.1,0.0,80,2,0,71.8
2016-06-04 07:45:00,,,,,,32,85.9,76.2,0.0,162,2,0,71.7
2016-06-04 08:00:00,,,,,,28,85.7,76.4,0.0,211,3,0,71.8
2016-06-04 08:15:00,,,,,,64,85.0,76.5,0.0,252,2,0,71.7
2016-06-04 08:30:00,,,,,,72,82.8,77.1,0.0,266,3,0,71.5
2016-06-04 08:45:00,,,,,,79,80.6,77.6,0.0,211,2,0,71.3
2016-06-04 09:00:00,,,,,,89,79.5,78.2,0.0,218,1,0,71.5
2016-06-04 09:15:00,,,,,,256,77.0,79.0,0.0,199,4,0,71.3
2016-06-04 09:30:00,,,,,,435,75.1,80.3,0.0,177,1,0,71.9
2016-06-04 09:45:00,,,,,,541,70.9,81.7,0.0,81,2,0,71.6
2016-06-04 10:00:00,,,,,,436,68.6,82.8,0.0,206,3,0,71.7
2016-06-04 10:15:00,,,,,,439,70.4,82.1,0.0,237,2,0,71.7
2016-06-04 10:30:00,,,,,,394,69.5,82.8,0.0,214,3,0,72.0
2016-06-04 10:45:00,,,,,,571,70.2,82.6,0.0,148,7,0,72.1
2016-06-04 11:00:00,,,,,,398,74.1,82.6,0.0,149,3,0,73.7
2016-06-04 11:15:00,,,,,,504,69.7,83.4,0.0,59,5,0,72.7
2016-06-04 11:30:00,,,,,,761,67.5,83.7,0.0,194,3,0,72.1
2016-06-04 11:45:00,,,,,,480,69.2,84.4,0.0,100,2,0,73.5
2016-06-04 12:00:00,,,,,,632,65.6,84.0,0.0,122,3,0,71.5
2016-06-04 12:15:00,,,,,,559,65.2,84.9,0.0,203,2,0,72.2
2016-06-04 12:30:00,,,,,,557,67.5,83.6,0.0,56,2,0,72.0
2016-06-04 12:45:00,,,,,,282,71.4,83.0,0.0,32,1,0,73.0
2016-06-04 13:00:00,,,,,,293,73.2,81.6,0.0,72,3,0,72.4
2016-06-04 13:15:00,,,,,,228,74.3,80.9,0.0,50,3,0,72.1
2016-06-04 13:30:00,,,,,,186,76.0,80.6,0.0,55,1,0,72.5
2016-06-04 13:45:00,,,,,,268,75.4,80.5,0.0,83,2,0,72.2
2016-06-04 14:00:00,,,,,,304,75.4,80.7,0.0,74,3,0,72.4
2016-06-04 14:15:00,,,,,,305,74.7,80.9,0.0,53,3,0,72.3
2016-06-04 14:30:00,,,,,,525,72.7,81.7,0.0,57,1,0,72.3
2016-06-04 14:45:00,,,,,,650,66.8,83.8,0.0,107,2,0,71.8
2016-06-04 15:00:00,,,,,,540,69.9,83.8,0.0,59,4,0,73.2
2016-06-04 15:15:00,,,,,,387,72.5,83.1,0.0,43,2,0,73.6
2016-06-04 15:30:00,,,,,,242,69.6,83.5,0.0,179,1,0,72.8
2016-06-04 15:45:00,,,,,,188,66.1,83.5,0.0,79,2,0,71.3
2016-06-04 16:00:00,,,,,,234,69.4,82.8,0.0,79,2,0,72.0
2016-06-04 16:15:00,,,,,,214,68.9,82.4,0.0,60,2,0,71.4
2016-06-04 16:30:00,,,,,,97,74.9,80.9,0.0,50,3,0,72.4
2016-06-04 16:45:00,,,,,,133,76.3,79.6,0.0,50,2,0,71.6
2016-06-04 17:00:00,,,,,,124,72.9,80.6,0.0,43,2,0,71.3
2016-06-04 17:15:00,,,,,,92,76.4,79.8,0.0,67,3,0,71.9
2016-06-04 17:30:00,,,,,,50,76.9,79.3,0.0,45,2,0,71.6
2016-06-04 17:45:00,,,,,,27,79.7,78.5,0.0,56,3,0,71.8
2016-06-04 18:00:00,,,,,,6,81.2,77.9,0.0,62,4,0,71.8
2016-06-04 18:15:00,,,,,,0,82.1,77.6,0.0,49,3,0,71.8
2016-06-04 18:30:00,,,,,,0,82.1,77.5,0.0,52,4,0,71.7
2016-06-04 18:45:00,,,,,,0,81.4,77.5,0.0,53,4,1,71.4
2016-06-04 19:00:00,,,,,,0,80.9,77.6,0.0,66,4,1,71.4
2016-06-04 19:15:00,,,,,,0,79.8,77.5,0.0,76,5,1,70.9
2016-06-04 19:30:00,,,,,,0,80.7,77.6,0.0,64,4,1,71.3
2016-06-04 19:45:00,,,,,,0,81.1,77.6,0.0,73,4,1,71.4
2016-06-04 20:00:00,,,,,,0,80.4,77.4,0.0,55,3,1,71.0
2016-06-04 20:15:00,,,,,,0,80.7,77.2,0.0,56,4,1,70.9
2016-06-04 20:30:00,,,,,,0,81.3,77.2,0.0,67,6,1,71.1
2016-06-04 20:45:00,,,,,,0,81.2,77.1,0.0,81,6,1,71.0
2016-06-04 21:00:00,,,,,,0,81.3,76.8,0.0,69,3,1,70.7
2016-06-04 21:15:00,,,,,,0,80.9,76.8,0.0,50,3,0,70.6
2016-06-04 21:30:00,,,,,,0,80.7,76.9,0.0,59,6,1,70.6
2016-06-04 21:45:00,,,,,,0,80.6,76.9,0.0,70,3,1,70.6
2016-06-04 22:00:00,,,,,,0,80.4,76.7,0.0,53,4,0,70.3
2016-06-04 22:15:00,,,,,,0,81.6,76.7,0.0,72,4,1,70.7
2016-06-04 22:30:00,,,,,,0,80.7,76.8,0.0,63,3,1,70.5
2016-06-04 22:45:00,,,,,,0,80.3,76.7,0.0,70,3,0,70.3
2016-06-04 23:00:00,,,,,,0,81.0,76.8,0.0,56,5,1,70.6
2016-06-04 23:15:00,,,,,,0,81.3,76.7,0.0,63,4,1,70.6
2016-06-04 23:30:00,,,,,,0,80.9,76.7,0.0,64,4,0,70.5
2016-06-04 23:45:00,,,,,,0,81.4,76.6,0.0,56,3,1,70.6
2016-06-05 00:00:00,,,,,,0,79.8,76.5,0.0,39,4,1,69.9
2016-06-05 00:15:00,,,,,,0,80.3,76.3,0.0,57,3,0,69.9
2016-06-05 00:30:00,,,,,,0,81.5,76.2,0.0,70,3,0,70.2
2016-06-05 00:45:00,,,,,,0,81.4,76.3,0.0,64,4,0,70.3
2016-06-05 01:00:00,,,,,,0,80.7,76.3,0.0,79,4,0,70.0
2016-06-05 01:15:00,,,,,,0,80.7,76.1,0.0,50,3,0,69.8
2016-06-05 01:30:00,,,,,,0,80.7,76.1,0.0,64,3,0,69.8
2016-06-05 01:45:00,,,,,,0,80.6,76.2,0.0,53,5,1,69.9
2016-06-05 02:00:00,,,,,,0,80.3,76.1,0.0,63,4,1,69.7
2016-06-05 02:15:00,,,,,,0,81.5,76.1,0.0,55,6,1,70.1
2016-06-05 02:30:00,,,,,,0,80.7,76.3,0.0,60,4,1,70.0
2016-06-05 02:45:00,,,,,,0,80.8,76.2,0.0,67,3,1,70.0
2016-06-05 03:00:00,,,,,,0,81.6,76.3,0.0,62,4,0,70.3
2016-06-05 03:15:00,,,,,,0,81.4,76.3,0.0,63,3,1,70.3
2016-06-05 03:30:00,,,,,,0,81.3,76.2,0.0,64,6,1,70.1
2016-06-05 03:45:00,,,,,,0,81.7,76.0,0.0,52,3,0,70.1
2016-06-05 04:00:00,,,,,,0,80.8,76.2,0.0,60,3,0,70.0
2016-06-05 04:15:00,,,,,,0,80.7,76.2,0.0,67,9,1,69.9
2016-06-05 04:30:00,,,,,,0,81.3,76.2,0.0,83,5,0,70.1
2016-06-05 04:45:00,,,,,,0,82.3,76.1,0.0,57,3,0,70.4
2016-06-05 05:00:00,,,,,,0,83.6,76.2,0.0,86,5,0,70.9
2016-06-05 05:15:00,,,,,,0,84.0,76.3,0.0,49,2,0,71.2
2016-06-05 05:30:00,,,,,,0,84.2,76.2,0.0,90,3,0,71.1
2016-06-05 05:45:00,,,,,,0,83.1,76.2,0.0,55,3,0,70.8
2016-06-05 06:00:00,,,,,,0,83.2,75.8,0.0,48,4,0,70.4
2016-06-05 06:15:00,,,,,,0,84.3,75.8,0.0,49,3,0,70.8
2016-06-05 06:30:00,,,,,,0,85.7,75.9,0.0,70,3,0,71.3
2016-06-05 06:45:00,,,,,,2,86.7,76.0,0.0,98,2,0,71.8
2016-06-05 07:00:00,,,,,,7,86.8,76.1,0.0,52,2,0,71.9
2016-06-05 07:15:00,,,,,,52,87.2,76.0,0.01,16,2,0,71.9
2016-06-05 07:30:00,,,,,,20,88.8,75.7,0.0,28,1,0,72.2
2016-06-05 07:45:00,,,,,,29,90.5,75.3,0.0,57,3,0,72.3
2016-06-05 08:00:00,,,,,,57,88.9,75.5,0.0,72,4,0,72.0
2016-06-05 08:15:00,,,,,,58,87.2,75.9,0.0,67,4,1,71.8
2016-06-05 08:30:00,,,,,,87,86.7,76.3,0.0,59,6,0,72.1
2016-06-05 08:45:00,,,,,,100,85.7,76.6,0.0,72,3,0,72.0
2016-06-05 09:00:00,,,,,,153,84.4,77.0,0.0,60,3,0,72.0
2016-06-05 09:15:00,,,,,,218,82.8,77.4,0.0,76,5,1,71.8
2016-06-05 09:30:00,,,,,,397,81.2,78.0,0.0,73,4,0,71.9
2016-06-05 09:45:00,,,,,,596,74.5,80.1,0.0,87,5,0,71.4
2016-06-05 10:00:00,,,,,,323,76.9,79.2,0.0,66,2,0,71.5
2016-06-05 10:15:00,,,,,,400,75.0,79.2,0.0,56,3,0,70.8
2016-06-05 10:30:00,,,,,,283,76.7,78.6,0.0,57,4,1,70.8
2016-06-05 10:45:00,,,,,,634,72.8,79.3,0.0,46,3,0,70.0
2016-06-05 11:00:00,,,,,,811,67.4,81.3,0.0,59,4,0,69.7
2016-06-05 11:15:00,,,,,,658,66.8,81.9,0.0,73,2,0,70.0
2016-06-05 11:30:00,,,,,,706,67.6,81.2,0.0,62,4,1,69.7
2016-06-05 11:45:00,,,,,,697,69.0,81.1,0.0,70,4,0,70.2
2016-06-05 12:00:00,,,,,,727,66.6,81.8,0.0,64,5,1,69.8
2016-06-05 12:15:00,,,,,,689,65.8,81.6,0.0,67,8,1,69.3
2016-06-05 12:30:00,,,,,,648,65.5,81.3,0.0,77,2,0,68.9
2016-06-05 12:45:00,,,,,,711,64.7,81.5,0.0,76,3,0,68.7
2016-06-05 13:00:00,,,,,,726,64.2,82.2,0.0,62,7,0,69.2
2016-06-05 13:15:00,,,,,,800,63.5,81.9,0.0,77,3,0,68.6
2016-06-05 13:30:00,,,,,,788,63.5,82.5,0.0,60,5,1,69.1
2016-06-05 13:45:00,,,,,,745,61.0,82.4,0.0,56,4,0,67.9
2016-06-05 14:00:00,,,,,,716,62.6,82.5,0.0,81,3,0,68.7
2016-06-05 14:15:00,,,,,,615,63.8,81.9,0.0,49,4,0,68.7
2016-06-05 14:30:00,,,,,,612,63.4,82.1,0.0,55,6,0,68.7
2016-06-05 14:45:00,,,,,,640,62.4,81.7,0.0,69,2,0,67.9
2016-06-05 15:00:00,,,,,,600,63.2,81.5,0.0,64,4,1,68.0
2016-06-05 15:15:00,,,,,,441,63.6,81.4,0.0,48,3,1,68.1
2016-06-05 15:30:00,,,,,,163,65.2,81.1,0.0,90,4,0,68.6
2016-06-05 15:45:00,,,,,,161,65.3,81.0,0.0,56,3,0,68.5
2016-06-05 16:00:00,,,,,,295,66.0,81.2,0.0,59,2,0,69.0
2016-06-05 16:15:00,,,,,,146,69.4,80.0,0.0,59,3,0,69.3
2016-06-05 16:30:00,,,,,,134,74.5,78.9,0.0,73,4,0,70.3
2016-06-05 16:45:00,,,,,,89,77.3,78.0,0.0,56,5,1,70.5
2016-06-05 17:00:00,,,,,,88,77.3,77.8,0.0,76,6,0,70.3
2016-06-05 17:15:00,,,,,,53,79.8,77.4,0.0,84,5,1,70.8
2016-06-05 17:30:00,,,,,,25,81.7,76.7,0.0,79,5,1,70.8
2016-06-05 17:45:00,,,,,,12,82.4,76.2,0.0,59,5,1,70.5
2016-06-05 18:00:00,,,,,,2,83.2,76.0,0.0,52,5,1,70.6
2016-06-05 18:15:00,,,,,,0,82.9,75.7,0.0,62,4,1,70.2
2016-06-05 18:30:00,,,,,,0,83.2,75.1,0.0,63,5,1,69.7
2016-06-05 18:45:00,,,,,,0,84.3,75.2,0.0,80,5,1,70.2
2016-06-05 19:00:00,,,,,,0,87.0,74.9,0.02,81,4,0,70.8
2016-06-05 19:15:00,,,,,,0,90.6,73.5,0.02,57,6,0,70.6
2016-06-05 19:30:00,,,,,,0,92.1,72.7,0.0,84,3,0,70.2
2016-06-05 19:45:00,,,,,,0,93.2,72.3,0.01,69,5,0,70.2
2016-06-05 20:00:00,,,,,,0,94.0,72.1,0.02,83,4,0,70.2
2016-06-05 20:15:00,,,,,,0,94.6,71.9,0.0,48,3,0,70.2
2016-06-05 20:30:00,,,,,,0,94.2,71.5,0.0,60,4,1,69.7
2016-06-05 20:45:00,,,,,,0,93.1,71.4,0.0,53,4,1,69.3
2016-06-05 21:00:00,,,,,,0,90.4,71.2,0.0,57,5,1,68.2
2016-06-05 21:15:00,,,,,,0,86.6,71.5,0.0,64,4,1,67.3
2016-06-05 21:30:00,,,,,,0,84.3,72.0,0.0,50,4,1,67.0
2016-06-05 21:45:00,,,,,,0,80.9,72.6,0.0,49,3,1,66.5
2016-06-05 22:00:00,,,,,,0,80.0,73.2,0.0,59,4,1,66.8
2016-06-05 22:15:00,,,,,,0,78.3,73.5,0.0,50,5,1,66.4
2016-06-05 22:30:00,,,,,,0,76.9,73.6,0.0,67,6,0,66.0
2016-06-05 22:45:00,,,,,,0,76.9,73.8,0.0,79,4,1,66.2
2016-06-05 23:00:00,,,,,,0,75.5,74.0,0.0,59,4,1,65.9
2016-06-05 23:15:00,,,,,,0,73.4,74.1,0.0,67,8,1,65.2
2016-06-05 23:30:00,,,,,,0,73.0,73.9,0.0,45,5,1,64.9
2016-06-05 23:45:00,,,,,,0,73.4,74.1,0.0,62,5,1,65.2
2016-06-06 00:00:00,,,,,,0,73.8,74.0,0.0,67,4,1,65.3
2016-06-06 00:15:00,,,,,,0,74.8,74.1,0.0,63,6,1,65.7
2016-06-06 00:30:00,,,,,,0,75.7,74.0,0.0,52,3,1,66.0
2016-06-06 00:45:00,,,,,,0,75.4,74.1,0.0,72,3,0,66.0
2016-06-06 01:00:00,,,,,,0,75.4,73.9,0.0,43,5,1,65.8
2016-06-06 01:15:00,,,,,,0,76.6,73.9,0.0,46,3,1,66.2
2016-06-06 01:30:00,,,,,,0,75.3,73.9,0.0,60,3,1,65.7
2016-06-06 01:45:00,,,,,,0,75.4,74.1,0.0,52,5,1,66.0
2016-06-06 02:00:00,,,,,,0,74.9,74.3,0.0,69,5,1,66.0
2016-06-06 02:15:00,,,,,,0,74.2,74.3,0.0,55,4,1,65.7
2016-06-06 02:30:00,,,,,,0,73.8,74.1,0.0,46,7,1,65.4
2016-06-06 02:45:00,,,,,,0,74.3,74.2,0.0,107,3,0,65.7
2016-06-06 03:00:00,,,,,,0,74.9,74.2,0.0,63,5,1,65.9
2016-06-06 03:15:00,,,,,,0,74.0,74.1,0.0,53,4,0,65.4
2016-06-06 03:30:00,,,,,,0,72.9,74.0,0.0,49,3,1,64.9
2016-06-06 03:45:00,,,,,,0,74.2,74.0,0.0,45,6,1,65.4
2016-06-06 04:00:00,,,,,,0,75.0,73.9,0.0,67,3,0,65.6
2016-06-06 04:15:00,,,,,,0,75.2,74.0,0.0,46,4,0,65.8
2016-06-06 04:30:00,,,,,,0,76.9,73.9,0.0,52,2,0,66.3
2016-06-06 04:45:00,,,,,,0,80.0,73.7,0.0,45,3,0,67.2
2016-06-06 05:00:00,,,,,,0,81.8,73.2,0.0,80,3,0,67.4
2016-06-06 05:15:00,,,,,,0,80.7,73.2,0.0,73,5,0,67.0
2016-06-06 05:30:00,,,,,,0,81.7,73.2,0.0,52,4,0,67.3
2016-06-06 05:45:00,,,,,,0,81.2,73.0,0.0,63,4,0,67.0
2016-06-06 06:00:00,,,,,,0,79.5,73.0,0.0,50,3,0,66.4
2016-06-06 06:15:00,,,,,,0,79.4,72.9,0.0,46,2,0,66.2
2016-06-06 06:30:00,,,,,,0,78.9,72.8,0.0,53,3,0,66.0
2016-06-06 06:45:00,,,,,,1,77.8,72.8,0.0,45,4,0,65.6
2016-06-06 07:00:00,,,,,,12,77.6,72.9,0.0,59,5,0,65.6
2016-06-06 07:15:00,,,,,,31,78.1,72.8,0.0,66,2,0,65.7
2016-06-06 07:30:00,,,,,,52,76.3,73.0,0.0,45,2,0,65.2
2016-06-06 07:45:00,,,,,,71,77.3,73.2,0.0,43,3,0,65.8
2016-06-06 08:00:00,,,,,,95,76.5,73.5,0.0,33,2,0,65.8
2016-06-06 08:15:00,,,,,,118,76.2,73.7,0.0,43,2,0,65.9
2016-06-06 08:30:00,,,,,,139,75.6,74.1,0.0,50,2,0,66.0
2016-06-06 08:45:00,,,,,,178,74.1,74.7,0.0,50,2,0,66.1
2016-06-06 09:00:00,,,,,,183,73.1,75.2,0.0,52,2,0,66.2
2016-06-06 09:15:00,,,,,,244,71.7,75.3,0.0,50,2,0,65.7
2016-06-06 09:30:00,,,,,,349,71.3,76.0,0.0,45,3,0,66.2
2016-06-06 09:45:00,,,,,,376,69.7,76.7,0.0,63,5,0,66.3
2016-06-06 10:00:00,,,,,,347,69.2,76.9,0.0,46,2,0,66.3
2016-06-06 10:15:00,,,,,,485,67.4,77.2,0.0,60,3,0,65.8
2016-06-06 10:30:00,,,,,,504,66.1,78.2,0.0,45,2,0,66.2
2016-06-06 10:45:00,,,,,,481,66.8,78.3,0.0,93,4,0,66.6
2016-06-06 11:00:00,,,,,,656,65.1,78.6,0.0,42,3,0,66.1
2016-06-06 11:15:00,,,,,,810,63.3,80.6,0.0,56,3,0,67.2
2016-06-06 11:30:00,,,,,,688,65.6,81.0,0.0,70,2,0,68.6
2016-06-06 11:45:00,,,,,,667,66.5,80.7,0.0,57,2,0,68.8
2016-06-06 12:00:00,,,,,,564,66.1,80.9,0.0,62,2,0,68.8
2016-06-06 12:15:00,,,,,,647,66.1,80.4,0.0,63,3,0,68.3
2016-06-06 12:30:00,,,,,,651,66.2,80.1,0.0,49,4,0,68.0
2016-06-06 12:45:00,,,,,,535,68.5,80.3,0.0,64,2,0,69.2
2016-06-06 13:00:00,,,,,,684,65.4,80.1,0.0,69,2,0,67.7
2016-06-06 13:15:00,,,,,,643,65.5,80.9,0.0,62,2,0,68.5
2016-06-06 13:30:00,,,,,,386,69.0,79.1,0.0,67,2,0,68.3
2016-06-06 13:45:00,,,,,,368,70.9,78.1,0.0,84,5,0,68.1
2016-06-06 14:00:00,,,,,,506,68.4,78.3,0.0,62,3,0,67.3
2016-06-06 14:15:00,,,,,,419,67.3,78.5,0.0,64,3,0,67.0
2016-06-06 14:30:00,,,,,,288,70.0,77.7,0.0,63,3,0,67.3
2016-06-06 14:45:00,,,,,,277,71.1,77.1,0.0,62,2,0,67.2
2016-06-06 15:00:00,,,,,,300,70.1,77.1,0.0,74,2,0,66.8
2016-06-06 15:15:00,,,,,,334,70.9,77.5,0.0,67,4,0,67.5
2016-06-06 15:30:00,,,,,,234,74.2,77.3,0.0,46,3,0,68.6
2016-06-06 15:45:00,,,,,,206,75.6,76.7,0.0,50,5,0,68.6
2016-06-06 16:00:00,,,,,,210,75.2,76.4,0.0,57,4,0,68.1
2016-06-06 16:15:00,,,,,,182,74.4,76.2,0.0,60,3,0,67.6
2016-06-06 16:30:00,,,,,,224,72.1,76.4,0.0,60,5,0,66.9
2016-06-06 16:45:00,,,,,,157,72.6,76.2,0.0,50,3,0,66.9
2016-06-06 17:00:00,,,,,,112,72.7,75.8,0.0,80,3,0,66.6
2016-06-06 17:15:00,,,,,,62,74.6,75.1,0.0,46,4,0,66.6
2016-06-06 17:30:00,,,,,,43,74.9,74.6,0.0,50,3,0,66.3
2016-06-06 17:45:00,,,,,,19,74.9,74.3,0.0,49,3,0,66.0
2016-06-06 18:00:00,,,,,,3,75.8,73.9,0.0,55,3,0,65.9
2016-06-06 18:15:00,,,,,,0,75.6,73.6,0.0,73,4,0,65.6
2016-06-06 18:30:00,,,,,,0,74.6,73.6,0.0,43,4,0,65.2
2016-06-06 18:45:00,,,,,,0,74.0,73.7,0.0,52,3,0,65.1
2016-06-06 19:00:00,,,,,,0,73.0,73.9,0.0,70,5,0,64.9
2016-06-06 19:15:00,,,,,,0,73.6,74.0,0.0,59,4,0,65.2
2016-06-06 19:30:00,,,,,,0,73.9,73.9,0.0,40,4,1,65.2
2016-06-06 19:45:00,,,,,,0,72.7,73.8,0.0,53,3,0,64.7
2016-06-06 20:00:00,,,,,,0,72.2,73.7,0.0,72,3,1,64.4
2016-06-06 20:15:00,,,,,,0,71.4,73.8,0.0,53,6,1,64.2
2016-06-06 20:30:00,,,,,,0,70.5,73.7,0.0,46,3,0,63.7
2016-06-06 20:45:00,,,,,,0,69.7,73.6,0.0,57,4,1,63.3
2016-06-06 21:00:00,,,,,,0,70.4,73.6,0.0,56,4,1,63.6
2016-06-06 21:15:00,,,,,,0,69.5,73.6,0.0,43,4,1,63.2
2016-06-06 21:30:00,,,,,,0,69.3,73.6,0.0,56,4,1,63.1
2016-06-06 21:45:00,,,,,,0,69.9,73.6,0.0,62,3,1,63.4
2016-06-06 22:00:00,,,,,,0,69.9,73.6,0.0,49,5,1,63.4
2016-06-06 22:15:00,,,,,,0,71.1,73.5,0.0,57,3,1,63.7
2016-06-06 22:30:00,,,,,,0,70.9,73.5,0.0,50,3,0,63.7
2016-06-06 22:45:00,,,,,,0,71.4,73.4,0.0,64,5,1,63.8
2016-06-06 23:00:00,,,,,,0,71.2,73.5,0.0,81,7,1,63.8
2016-06-06 23:15:00,,,,,,0,71.0,73.4,0.0,67,5,0,63.6
2016-06-06 23:30:00,,,,,,0,71.7,73.2,0.0,59,3,0,63.7
2016-06-06 23:45:00,,,,,,0,72.1,73.2,0.0,46,3,0,63.8
2016-06-07 00:00:00,,,,,,0,71.1,73.4,0.0,49,5,1,63.6
2016-06-07 00:15:00,,,,,,0,69.7,73.6,0.0,57,4,1,63.3
2016-06-07 00:30:00,,,,,,0,70.3,73.7,0.0,50,4,1,63.6
2016-06-07 00:45:00,,,,,,0,70.5,73.8,0.0,53,3,0,63.8
2016-06-07 01:00:00,,,,,,0,71.1,73.8,0.0,48,3,1,64.0
2016-06-07 01:15:00,,,,,,0,71.0,73.7,0.0,46,3,0,63.9
2016-06-07 01:30:00,,,,,,0,71.1,73.6,0.0,73,3,0,63.8
2016-06-07 01:45:00,,,,,,0,70.4,73.7,0.0,45,4,0,63.7
2016-06-07 02:00:00,,,,,,0,69.8,73.8,0.0,57,2,0,63.5
2016-06-07 02:15:00,,,,,,0,69.4,73.9,0.0,52,2,0,63.5
2016-06-07 02:30:00,,,,,,0,68.7,73.8,0.0,45,3,0,63.1
2016-06-07 02:45:00,,,,,,0,71.1,73.6,0.0,67,4,0,63.8
2016-06-07 03:00:00,,,,,,0,71.2,73.6,0.0,46,3,0,63.9
2016-06-07 03:15:00,,,,,,0,70.2,73.8,0.0,59,2,0,63.7
2016-06-07 03:30:00,,,,,,0,70.0,73.8,0.0,50,3,0,63.6
2016-06-07 03:45:00,,,,,,0,70.2,73.8,0.0,52,5,1,63.7
2016-06-07 04:00:00,,,,,,0,70.3,73.8,0.0,60,3,0,63.7
2016-06-07 04:15:00,,,,,,0,69.9,73.9,0.0,60,3,0,63.7
2016-06-07 04:30:00,,,,,,0,68.5,73.9,0.0,66,3,0,63.1
2016-06-07 04:45:00,,,,,,0,69.4,73.9,0.0,53,3,0,63.5
2016-06-07 05:00:00,,,,,,0,70.4,73.9,0.0,60,4,0,63.9
2016-06-07 05:15:00,,,,,,0,69.1,73.8,0.0,50,3,1,63.2
2016-06-07 05:30:00,,,,,,0,69.3,73.9,0.0,57,3,1,63.4
2016-06-07 05:45:00,,,,,,0,68.7,73.9,0.0,59,3,1,63.2
2016-06-07 06:00:00,,,,,,0,70.0,73.8,0.0,55,3,0,63.6
2016-06-07 06:15:00,,,,,,0,69.1,73.6,0.0,56,5,1,63.0
2016-06-07 06:30:00,,,,,,0,69.9,73.4,0.0,48,3,1,63.2
2016-06-07 06:45:00,,,,,,1,69.7,73.4,0.0,57,3,1,63.1
2016-06-07 07:00:00,,,,,,10,70.3,73.6,0.0,57,5,0,63.5
2016-06-07 07:15:00,,,,,,23,70.9,73.7,0.0,69,3,1,63.9
2016-06-07 07:30:00,,,,,,48,72.5,73.7,0.0,45,2,0,64.5
2016-06-07 07:45:00,,,,,,62,74.9,73.9,0.0,67,3,1,65.6
2016-06-07 08:00:00,,,,,,52,75.1,74.1,0.0,77,4,1,65.9
2016-06-07 08:15:00,,,,,,61,75.1,74.3,0.0,48,7,1,66.1
2016-06-07 08:30:00,,,,,,128,76.0,74.3,0.0,53,3,0,66.4
2016-06-07 08:45:00,,,,,,117,73.6,74.8,0.0,55,3,0,66.0
2016-06-07 09:00:00,,,,,,87,74.2,75.1,0.0,63,5,1,66.5
2016-06-07 09:15:00,,,,,,364,69.6,75.7,0.0,52,4,1,65.3
2016-06-07 09:30:00,,,,,,454,65.9,76.9,0.0,48,3,0,64.9
2016-06-07 09:45:00,,,,,,577,63.9,78.2,0.0,60,3,0,65.2
2016-06-07 10:00:00,,,,,,633,63.6,78.8,0.0,53,3,0,65.7
2016-06-07 10:15:00,,,,,,545,63.9,79.1,0.0,48,3,0,66.1
2016-06-07 10:30:00,,,,,,621,64.3,78.8,0.0,59,4,0,66.0
2016-06-07 10:45:00,,,,,,459,65.6,78.9,0.0,56,3,0,66.6
2016-06-07 11:00:00,,,,,,367,68.1,78.5,0.0,62,9,1,67.3
2016-06-07 11:15:00,,,,,,568,66.7,79.3,0.0,131,7,0,67.5
2016-06-07 11:30:00,,,,,,423,65.2,80.1,0.0,94,2,0,67.6
2016-06-07 11:45:00,,,,,,635,64.5,80.0,0.0,91,2,0,67.2
2016-06-07 12:00:00,,,,,,700,60.7,81.5,0.0,77,3,0,66.9
2016-06-07 12:15:00,,,,,,787,60.0,81.4,0.0,132,6,0,66.4
2016-06-07 12:30:00,,,,,,885,56.4,83.2,0.0,88,3,0,66.3
2016-06-07 12:45:00,,,,,,643,56.5,83.0,0.0,93,3,0,66.2
2016-06-07 13:00:00,,,,,,536,60.4,81.6,0.0,124,2,0,66.8
2016-06-07 13:15:00,,,,,,743,58.0,81.6,0.0,120,4,0,65.6
2016-06-07 13:30:00,,,,,,623,59.0,82.4,0.0,94,3,0,66.9
2016-06-07 13:45:00,,,,,,733,57.2,82.6,0.0,86,4,0,66.2
2016-06-07 14:00:00,,,,,,721,57.3,83.1,0.0,148,5,0,66.7
2016-06-07 14:15:00,,,,,,441,61.2,81.8,0.0,66,3,0,67.4
2016-06-07 14:30:00,,,,,,564,62.7,80.9,0.0,72,6,1,67.2
2016-06-07 14:45:00,,,,,,550,62.7,80.7,0.0,64,6,0,67.0
2016-06-07 15:00:00,,,,,,422,64.3,80.6,0.0,80,4,0,67.7
2016-06-07 15:15:00,,,,,,493,62.6,80.5,0.0,66,5,1,66.8
2016-06-07 15:30:00,,,,,,295,60.8,80.8,0.0,138,4,0,66.2
2016-06-07 15:45:00,,,,,,216,59.5,81.4,0.0,76,2,0,66.2
2016-06-07 16:00:00,,,,,,404,59.1,81.8,0.0,83,5,0,66.4
2016-06-07 16:15:00,,,,,,269,59.1,81.8,0.0,105,6,0,66.4
2016-06-07 16:30:00,,,,,,311,61.7,81.4,0.0,72,3,0,67.2
2016-06-07 16:45:00,,,,,,202,65.4,80.1,0.0,76,7,0,67.7
2016-06-07 17:00:00,,,,,,113,67.8,78.5,0.0,190,2,0,67.2
2016-06-07 17:15:00,,,,,,56,70.7,77.2,0.0,64,4,0,67.1
2016-06-07 17:30:00,,,,,,36,70.7,76.5,0.0,88,3,0,66.5
2016-06-07 17:45:00,,,,,,21,69.8,76.0,0.0,64,3,0,65.6
2016-06-07 18:00:00,,,,,,5,70.7,75.7,0.0,42,3,0,65.7
2016-06-07 18:15:00,,,,,,1,71.3,75.4,0.0,70,2,0,65.7
2016-06-07 18:30:00,,,,,,0,71.6,75.2,0.0,80,3,0,65.6
2016-06-07 18:45:00,,,,,,0,72.1,75.1,0.0,72,3,0,65.7
2016-06-07 19:00:00,,,,,,0,71.4,75.0,0.0,91,3,0,65.3
2016-06-07 19:15:00,,,,,,0,71.3,75.2,0.0,56,4,0,65.5
2016-06-07 19:30:00,,,,,,0,70.9,75.2,0.0,59,2,0,65.3
2016-06-07 19:45:00,,,,,,0,70.6,75.3,0.0,53,3,0,65.3
2016-06-07 20:00:00,,,,,,0,71.6,75.2,0.0,56,3,0,65.6
2016-06-07 20:15:00,,,,,,0,71.5,75.1,0.0,39,2,0,65.4
2016-06-07 20:30:00,,,,,,0,72.4,75.2,0.0,62,2,0,65.9
2016-06-07 20:45:00,,,,,,0,73.1,75.1,0.0,50,2,0,66.1
2016-06-07 21:00:00,,,,,,0,73.5,74.9,0.0,55,3,0,66.0
2016-06-07 21:15:00,,,,,,0,74.7,74.7,0.0,112,4,0,66.3
2016-06-07 21:30:00,,,,,,0,76.2,74.7,0.0,108,3,0,66.8
2016-06-07 21:45:00,,,,,,0,76.8,74.7,0.0,53,2,0,67.1
2016-06-07 22:00:00,,,,,,0,76.3,74.9,0.0,55,2,0,67.1
2016-06-07 22:15:00,,,,,,0,77.1,75.1,0.0,57,3,0,67.6
2016-06-07 22:30:00,,,,,,0,76.5,75.2,0.0,66,6,0,67.4
2016-06-07 22:45:00,,,,,,0,76.6,75.6,0.0,83,2,0,67.9
2016-06-07 23:00:00,,,,,,0,77.2,75.7,0.0,38,4,0,68.2
2016-06-07 23:15:00,,,,,,0,77.2,75.8,0.0,50,3,0,68.3
2016-06-07 23:30:00,,,,,,0,78.8,75.7,0.0,125,4,0,68.8
2016-06-07 23:45:00,,,,,,0,78.2,75.7,0.0,131,2,0,68.5
2016-06-08 00:00:00,,,,,,0,81.7,75.7,0.0,132,2,0,69.8
2016-06-08 00:15:00,,,,,,0,84.8,74.8,0.0,24,2,0,70.0
2016-06-08 00:30:00,,,,,,0,85.3,74.5,0.0,105,3,0,69.8
2016-06-08 00:45:00,,,,,,0,86.5,74.4,0.01,196,3,0,70.1
2016-06-08 01:00:00,,,,,,0,87.9,74.1,0.0,187,3,0,70.3
2016-06-08 01:15:00,,,,,,0,89.7,73.8,0.01,57,3,0,70.6
2016-06-08 01:30:00,,,,,,0,91.8,73.9,0.0,35,3,0,71.3
2016-06-08 01:45:00,,,,,,0,92.9,74.1,0.0,38,3,0,71.9
2016-06-08 02:00:00,,,,,,0,93.5,73.9,0.01,62,3,1,71.9
2016-06-08 02:15:00,,,,,,0,94.1,73.9,0.0,11,2,0,72.1
2016-06-08 02:30:00,,,,,,0,94.8,73.9,0.0,72,4,0,72.3
2016-06-08 02:45:00,,,,,,0,95.1,73.9,0.0,35,2,0,72.4
2016-06-08 03:00:00,,,,,,0,95.1,73.9,0.02,273,3,0,72.4
2016-06-08 03:15:00,,,,,,0,94.7,73.8,0.0,237,3,0,72.2
2016-06-08 03:30:00,,,,,,0,95.1,73.4,0.01,179,1,0,71.9
2016-06-08 03:45:00,,,,,,0,95.7,73.6,0.0,101,4,0,72.3
2016-06-08 04:00:00,,,,,,0,96.0,73.7,0.0,72,2,0,72.5
2016-06-08 04:15:00,,,,,,0,96.2,73.6,0.0,66,3,0,72.4
2016-06-08 04:30:00,,,,,,0,96.5,73.7,0.0,79,4,0,72.6
2016-06-08 04:45:00,,,,,,0,96.8,73.9,0.0,101,3,0,72.9
2016-06-08 05:00:00,,,,,,0,96.9,74.2,0.01,176,5,0,73.2
2016-06-08 05:15:00,,,,,,0,96.8,74.3,0.0,146,5,0,73.3
2016-06-08 05:30:00,,,,,,0,96.8,74.3,0.01,63,2,0,73.3
2016-06-08 05:45:00,,,,,,0,96.9,74.5,0.0,163,5,0,73.5
2016-06-08 06:00:00,,,,,,0,96.9,74.5,0.0,182,3,0,73.5
2016-06-08 06:15:00,,,,,,0,96.9,74.5,0.05,216,5,0,73.5
2016-06-08 06:30:00,,,,,,0,96.9,74.5,0.05,283,2,0,73.5
2016-06-08 06:45:00,,,,,,3,96.8,74.5,0.03,231,3,0,73.5
2016-06-08 07:00:00,,,,,,17,96.2,74.3,0.0,235,3,0,73.1
2016-06-08 07:15:00,,,,,,28,96.5,74.3,0.0,221,5,0,73.2
2016-06-08 07:30:00,,,,,,65,96.1,74.4,0.0,249,2,0,73.2
2016-06-08 07:45:00,,,,,,64,96.0,74.5,0.01,152,4,0,73.3
2016-06-08 08:00:00,,,,,,91,95.7,74.9,0.0,272,3,0,73.6
2016-06-08 08:15:00,,,,,,119,95.5,75.5,0.0,273,1,0,74.1
